Date,Open,High,Low,Close,Volume
2021-07-23,143.82461867014172,144.96507639303513,143.2105203295334,144.80911254882812,71447400
2021-07-26,144.52644902049065,146.04705940106285,143.97083337261068,145.228271484375,72434100
2021-07-27,145.35501995009983,145.44275893789174,141.87516288945258,143.06436157226562,104818600
2021-07-28,141.15382825419624,143.25929604709813,138.94113715127986,141.3195343017578,118931200
2021-07-29,141.03684881635502,142.8498878684949,140.92962551695572,141.96286010742188,56699500
2021-07-30,140.7347238502062,142.63548761761535,140.4715365982456,142.17735290527344,70440600
2021-08-02,142.66473556104495,143.23983580138477,141.58276000154768,141.845947265625,62880000
2021-08-03,142.12859665195967,144.30228959895823,141.51449808960257,143.63946533203125,64786600
2021-08-04,143.55173491626834,144.05859526042843,142.58672505684436,143.23980712890625,56368300
2021-08-05,143.2690486927029,144.10733603044793,142.4795019309908,143.34703063964844,46397700
2021-08-06,142.86866162914254,143.6105775396916,142.16578765248929,142.6636505126953,54126800
2021-08-09,142.72226739584752,143.21037365568,142.05845003246944,142.61488342285156,48908700
2021-08-10,142.9565198163916,144.19631350606738,141.84363848192044,142.13650512695312,69023100
2021-08-11,142.57583309295842,143.22989365517753,142.06819844175104,142.39035034179688,48493500
2021-08-12,142.7124810649403,145.50444888855472,142.37080079552103,145.34825134277344,72282600
2021-08-13,145.42634081402107,145.88516176552068,144.74299521470792,145.55325317382812,59375000
2021-08-16,145.00659283395282,147.59356480078714,142.9858407795006,147.5252227783203,103296000
2021-08-17,146.65636676617194,148.07187159409528,145.5434853619502,146.61732482910156,92229700
2021-08-18,146.2365903149313,147.13470375005627,142.6734068529053,142.87841796875,86326000
2021-08-19,141.5800998127829,144.47945217305653,141.06270837166667,143.2103729248047,86960300
2021-08-20,143.9327425154178,144.9675251601663,143.28843882859866,144.66490173339844,60549600
2021-08-23,144.78203658666285,146.6173203855108,144.3720292286724,146.14874267578125,60131800
2021-08-24,145.89492826143862,147.27139120779157,145.60206158624175,146.06088256835938,48606400
2021-08-25,146.24636116832204,146.74423897086186,144.28417982272728,144.8308563232422,58991300
2021-08-26,144.82112485660906,145.5727977281921,144.00109506679658,144.03038024902344,48597200
2021-08-27,143.97178711441077,145.21158091727293,143.33725507209095,145.06515502929688,55802400
2021-08-30,145.45564049048158,149.83883931473636,145.07491826892314,149.47763061523438,90956700
2021-08-31,149.02853476456076,149.1652038553949,147.69111413016896,148.21827697753906,86453100
2021-09-01,149.19453621732464,151.29338682527435,148.71618680019012,148.88214111328125,80313700
2021-09-02,150.20977826854366,151.03956466217258,148.77474502994417,149.99501037597656,71115500
2021-09-03,150.1023689782168,150.95168364480844,149.44830865067632,150.62953186035156,57808700
2021-09-07,151.2836664473968,153.51918672704568,150.71746135701164,152.96275329589844,82278300
2021-09-08,153.24578484904103,153.30435519689405,150.31714828986404,151.42027282714844,74420200
2021-09-09,151.7912489116524,152.39649574316758,150.2878736971047,150.405029296875,57305700
2021-09-10,151.312872980953,151.78145061032407,145.1627338741772,145.4263153076172,140893200
2021-09-13,147.04686479158386,147.81806596111582,145.21158088499752,145.9925537109375,102404300
2021-09-14,146.7735062300835,147.4763801866019,143.4153339702326,144.59654235839844,109296300
2021-09-15,145.02613374476746,145.88520555365383,142.88822588135704,145.48495483398438,83281300
2021-09-16,144.90894501042473,145.4263362978241,143.71796490468603,145.2506103515625,68034100
2021-09-17,145.27991132028194,145.27991132028194,142.29268938190515,142.58555603027344,129868800
2021-09-20,140.37933813407227,141.3945924183066,137.90952209387459,139.539794921875,123478900
2021-09-21,140.5062336067531,141.16030897663776,139.38359538478255,140.01812744140625,75834000
2021-09-22,141.01387841720836,142.94677480134484,140.28171911608493,142.38058471679688,76404300
2021-09-23,143.1615238009879,143.5813028239796,142.17555476827644,143.33724975585938,64838200
2021-09-24,142.1950877231893,143.96202960944674,142.09746053449825,143.42510986328125,53477900
2021-09-27,142.0096450384804,142.48799456461782,140.39890024168955,141.91201782226562,74150700
2021-09-28,139.8424227657557,141.30674132874793,138.31953384357482,138.5343017578125,108972300
2021-09-29,139.08096654322168,141.0138627120859,138.6514307510702,139.43240356445312,74602000
2021-09-30,140.2426707272125,140.9455448156453,137.9192805517919,138.13404846191406,89056700
2021-10-01,138.52450892126643,139.5202495626883,135.80088336468526,139.2566680908203,94639600
2021-10-04,138.3878720570302,138.82717957779718,134.98090012736012,135.8302001953125,98322000
2021-10-05,136.17185207930245,138.8564357660988,136.04493972017434,137.75331115722656,80861100
2021-10-06,136.15236065284557,138.7686030429388,135.07852092806354,138.62217712402344,83221100
2021-10-07,139.65691457441454,140.78932429837576,139.32500600229986,139.88143920898438,61732700
2021-10-08,140.60382633425183,140.75025218963773,139.16879336821262,139.50070190429688,58773200
2021-10-11,138.88573944232053,141.36531233280488,138.43667519346084,139.4128875732422,64452200
2021-10-12,139.82288519545196,139.84241361250955,137.68497785008697,138.143798828125,73035900
2021-10-13,137.88022678873125,138.0364094315763,135.88874541033104,137.55807495117188,78762700
2021-10-14,138.72957195503378,140.457472412584,138.1438384418846,140.34031677246094,69907100
2021-10-15,140.35006796929892,141.45317790755652,140.09624319922384,141.3946075439453,67940300
2021-10-18,140.03766984054468,143.347029376178,139.75457479053856,143.06393432617188,85589200
2021-10-19,143.51297237963328,145.62159463310732,143.06392303976392,145.22134399414062,76378900
2021-10-20,145.16276563549152,146.18779152686344,144.59656071553547,145.70944213867188,58418800
2021-10-21,145.27014914498275,146.0804071368253,144.35250720492448,145.92420959472656,61421000
2021-10-22,146.12925819899365,146.60759281256946,145.10423204789777,145.15304565429688,58883400
2021-10-25,145.1432899988062,145.81687911224734,144.1085069706654,145.104248046875,50720600
2021-10-26,145.77779264971988,147.2518679421637,145.46539754636262,145.76803588867188,60893400
2021-10-27,145.80711293598463,146.1683068273683,144.95781274994326,145.3092498779297,56094900
2021-10-28,146.256135746264,149.52643805425132,146.1585085567286,148.9407196044922,100077900
2021-10-29,143.7179883048137,146.373287179863,142.92725865743117,146.2366180419922,124953200
2021-11-01,145.44589589912687,146.13899838558393,144.2842007193759,145.41661071777344,74588300
2021-11-02,145.12373606469237,147.96451766703325,145.11396440756303,146.45138549804688,69122000
2021-11-03,146.81257403590004,148.35499132920407,146.25614074482093,147.88641357421875,54511500
2021-11-04,147.97426542713765,148.80403696262286,147.0566234619275,147.3690185546875,60394600
2021-11-05,148.49331669815876,148.7963818494452,146.70423879606528,147.89695739746094,65463900
2021-11-08,148.02402320404659,148.18044870579655,146.80197694204415,147.07571411132812,55020900
2021-11-09,146.84106457930375,148.04355383183062,146.7041960051751,147.4374237060547,56787900
2021-11-10,146.66511965093986,146.7726603269792,144.54364896685252,144.61207580566406,65187100
2021-11-11,145.62883774477925,146.0883134852804,144.37744845730748,144.56320190429688,41000000
2021-11-12,145.11064651980587,147.03659252052734,144.18189439318962,146.63577270507812,63804000
2021-11-15,147.00728981052836,148.483531417499,146.08830852560698,146.64556884765625,59222800
2021-11-16,146.5869216938867,148.1022623119589,146.0003334167105,147.6232147216797,59256200
2021-11-17,147.62318884522813,151.53373689410836,147.61341784542643,150.05751037597656,88807000
2021-11-18,150.2726099643279,155.12168178008048,149.627365877677,154.33956909179688,137827700
2021-11-19,154.12449892543512,157.41914644005507,153.02955003283444,156.95965576171875,117305600
2021-11-22,158.06434223873075,161.9944471367291,157.39955624235793,157.4191131591797,117467900
2021-11-23,157.51687668201387,158.18167763297342,155.5029467463392,157.80039978027344,96041900
2021-11-24,157.1551520319611,158.5140669022848,156.0699743356913,158.31854248046875,69463600
2021-11-26,156.00157185337474,156.8618824271744,152.8633499442556,153.30328369140625,76959800
2021-11-29,155.80598568259293,157.5852919747901,155.23895449884512,156.6565399169922,88748200
2021-11-30,156.41215841772612,161.8184901598309,156.34371666317804,161.60340881347656,174048100
2021-12-01,163.73470077985982,166.4916452938729,160.85067355306361,161.08531188964844,152052500
2021-12-02,155.1901268526862,160.52801734787488,154.27114554315142,160.0978546142578,136739200
2021-12-03,160.35206691181173,161.27104831929452,156.1482237273482,158.22080993652344,118023100
2021-12-06,160.61594516489802,164.12567265480914,160.60617416710443,161.6229248046875,107497000
2021-12-07,165.29886939857903,167.74296195252498,164.5754126322905,167.35189819335938,120405400
2021-12-08,168.28069194116756,172.02504411674911,166.882663021836,171.1647186279297,116998900
2021-12-09,170.9984746601922,172.79732298545696,170.0306087537727,170.6562957763672,108923700
2021-12-10,171.29179439045112,175.61294836881706,170.78341894665584,175.4369659423828,115402700
2021-12-13,177.06961358561998,178.0570365302883,171.6046261840087,171.8099365234375,153237000
2021-12-14,171.3309277742781,173.76524989300478,168.35891710300444,170.43150329589844,139380400
2021-12-15,171.19402728468987,175.48585340924998,168.4566405154073,175.2903289794922,131063300
2021-12-16,175.27080896540932,177.08921488839127,166.93156422700537,168.4077911376953,150185800
2021-12-17,166.12988807604526,169.59073223954843,165.8952646870351,167.31283569335938,195432700
2021-12-20,164.51674516713837,166.76531314131543,163.7150906232475,165.95387268066406,107499100
2021-12-21,167.72338564818043,169.3267095815399,165.33794920445052,169.1214141845703,91185900
2021-12-22,169.17031112645324,171.9272548095711,168.300214735498,171.71217346191406,92135300
2021-12-23,171.9174833311616,172.89512039322665,171.35045204505695,172.33786010742188,68356600
2021-12-27,173.12975263201184,176.3852860059842,173.1102106304085,176.29730224609375,74919600
2021-12-28,176.13111784462515,177.27495155456995,174.5375644683696,175.2805633544922,79144300
2021-12-29,175.31961493073234,176.59054579626414,174.15622471345836,175.36849975585938,62348900
2021-12-30,175.45653864701075,176.53194546765312,174.10739462067014,174.21493530273438,59773000
2021-12-31,174.1073747963206,175.22188041192248,173.29593427269404,173.59901428222656,64062300
2022-01-03,173.85319685203027,178.79026689432098,173.73588518068755,177.93971252441406,104487900
2022-01-04,178.54585013474667,178.84891521802436,175.11433471652768,175.68136596679688,99310400
2022-01-05,175.5934060632604,176.14088047095728,170.7345483186125,171.00828552246094,94537600
2022-01-06,168.83793801323478,171.37980064842037,167.80164498917833,168.15359497070312,96904000
2022-01-07,169.02367835082143,170.24572473108867,167.2052727402814,168.3197784423828,86709100
2022-01-10,165.29890311477462,168.6424206204467,164.40924966346103,168.33935546875,106765600
2022-01-11,168.46644539148625,171.26247339503044,166.99998962694013,171.1647186279297,76138300
2022-01-12,172.18144710369126,173.21774007794218,170.91053076473975,171.60464477539062,74805200
2022-01-13,171.84906951188285,172.6702811972984,167.9482916298187,168.33935546875,84505800
2022-01-14,167.508353425533,169.8937905683483,167.2639441267619,169.19967651367188,80440800
2022-01-18,167.6745127192973,168.68147761318977,165.62148401611884,166.0027618408203,90956700
2022-01-19,166.19831524532339,167.25416515581253,162.22911080921511,162.5126190185547,94815000
2022-01-20,163.24583471657064,165.8854518373375,160.50844792121475,160.83106994628906,91420500
2022-01-21,160.74310631081485,162.61039693927614,158.6705202245997,158.77806091308594,122848900
2022-01-24,156.44148123567246,158.67049246380245,151.2404450916643,158.0056915283203,162294600
2022-01-25,155.4247355135648,159.1202024043847,153.5085752311325,156.20684814453125,115798400
2022-01-26,159.84367643647036,160.71377291639465,154.29070450112417,156.11888122558594,108275300
2022-01-27,158.81711052646853,160.1760252131081,154.7403664665498,155.6593475341797,121954600
2022-01-28,162.0042414218655,166.5404767176366,159.1593140383979,166.5209197998047,179935700
2022-01-31,166.3547206203823,171.0864802658057,165.71924760028926,170.87139892578125,115541600
2022-02-01,170.1186120178827,170.93005253238587,168.4566320719076,170.7052001953125,86213900
2022-02-02,170.8420635898593,171.94679815950911,169.45382085751916,171.90768432617188,84914300
2022-02-03,170.57813105955574,172.29878204430065,168.27090671710556,169.03346252441406,89418100
2022-02-04,168.05454433189513,170.42345318106436,167.07566180917001,168.7495574951172,82465400
2022-02-07,169.20964451994723,170.27662295458384,167.3399751947351,168.0349884033203,77251200
2022-02-08,168.1035342150904,171.6471000057892,167.80986639624405,171.13807678222656,74829200
2022-02-09,172.33228001362485,172.9196005956565,171.20655609241282,172.5574188232422,71285000
2022-02-10,170.462637822063,171.7743370940817,167.92733513885554,168.48529052734375,90865900
2022-02-11,168.690860750742,169.4250227899619,164.4914455219278,165.0787811279297,98670700
2022-02-14,163.83558309476697,165.99892030677,163.04269054419584,165.31370544433594,86185500
2022-02-15,167.35955476472148,169.29773807776493,166.654758116967,169.14111328125,62527400
2022-02-16,168.22100455291906,169.67953027359678,166.45901263665095,168.90621948242188,61177400
2022-02-17,167.4182971510757,168.27971865617212,164.91235997613748,165.31370544433594,69589300
2022-02-18,166.2338166433687,166.93859823103003,162.6804687451324,163.76702880859375,82772700
2022-02-22,161.49607262837773,163.16996871038384,158.7258326412145,160.8500213623047,91162800
2022-02-23,162.04423283731927,162.6413518716535,156.37650867254357,156.68975830078125,90009200
2022-02-24,149.3578662483265,159.41099186169745,148.79011271007204,159.30331420898438,141147500
2022-02-25,160.38012393186045,161.6330924831591,157.47284137265066,161.36880493164062,91974200
2022-02-28,159.61659142915732,161.92675492011216,158.99989062280463,161.63308715820312,95056600
2022-03-01,161.2219862371019,163.08187242749526,158.54964050687724,159.753662109375,83474400
2022-03-02,160.91852050375005,163.82580321014547,159.50892707803538,163.04269409179688,79724800
2022-03-03,164.91236813214016,165.34307890598984,162.0540324670775,162.71966552734375,76678400
2022-03-04,161.01640589639365,162.05401907314567,158.67687705595137,159.72427368164062,83737200
2022-03-07,159.91028134097652,161.5352302369313,155.68150083148916,155.93601989746094,96418800
2022-03-08,155.46617371481233,159.44043549933374,152.50994347183405,154.1153106689453,131148300
2022-03-09,158.06996768709067,159.95921898709753,156.04368834876885,159.50892639160156,91454900
2022-03-10,156.81698565051138,157.00297572975708,152.68609998585092,155.17247009277344,105342000
2022-03-11,155.57379764949783,155.91641251914996,151.23735509056115,151.46249389648438,96970100
2022-03-14,148.2517595892854,150.86537421208124,146.9302771053436,147.4392852783203,108732100
2022-03-15,147.71340492610565,152.28480063427574,147.204396636905,151.81492614746094,92964300
2022-03-16,153.73350876565036,156.62120932527256,151.19820652447248,156.21986389160156,102300200
2022-03-17,155.2605702418383,157.60009906528276,154.30126947324382,157.22811889648438,75615400
2022-03-18,157.1204572234023,161.00662274780382,156.38629519642316,160.51718139648438,123511700
2022-03-21,160.05709828830467,162.83713639325782,159.56765695852218,161.8876190185547,95811400
2022-03-22,162.01484532225444,165.8422796739602,161.42752475473955,165.2549591064453,81532000
2022-03-23,164.4424952526729,168.9942934206818,164.1096638130363,166.61561584472656,98062700
2022-03-24,167.44765777264146,170.46261801995993,166.61561651162776,170.39410400390625,90131400
2022-03-25,170.20810721060892,171.578536843318,169.10196511927478,171.03036499023438,80546200
2022-03-28,168.53422465828777,172.0190445148475,168.36781639958284,171.8917999267578,90371900
2022-03-29,172.95877935054617,175.22977935165113,172.6161644453855,175.18084716796875,100589400
2022-03-30,174.77951856347462,175.81713189197046,172.9685794955082,174.0159912109375,92633200
2022-03-31,174.0844546486926,174.2704447075952,170.71709656651754,170.92266845703125,103049300
2022-04-01,170.35495761395958,171.18701389593227,168.30909632537671,170.62904357910156,78751300
2022-04-04,170.8835430731966,174.72076108227714,170.75628355518236,174.67181396484375,76468400
2022-04-05,173.7516811601631,174.53479031608524,170.73672061862993,171.3632049560547,73401800
2022-04-06,168.7202226513366,169.9634078617043,166.537318414103,168.201416015625,89058800
2022-04-07,167.5455363451221,169.69907490999924,166.2632026288955,168.5048370361328,77594700
2022-04-08,168.15246782773184,168.15246782773184,165.62694868711696,166.49815368652344,76575500
2022-04-11,165.1472853633742,165.46052001953282,162.0050657338506,162.24978637695312,72246700
2022-04-12,164.47187468621496,166.28279871101802,163.12101178667447,164.11947631835938,79265200
2022-04-13,163.85518867958416,167.42810486793778,163.24828613297083,166.80162048339844,70618900
2022-04-14,167.01699285102723,167.65327568742538,161.55482456714066,161.79954528808594,75329400
2022-04-18,160.45844346214486,163.08185675186522,160.11584349387897,161.58416748046875,69023900
2022-04-19,161.53521398147984,164.2760883021938,160.44865367684753,163.8649444580078,67723800
2022-04-20,165.19623667762264,165.31371275678185,162.59242008519655,163.69854736328125,67929800
2022-04-21,165.34307817395856,167.90774603308134,162.4064301142371,162.90565490722656,87227800
2022-04-22,162.9447923826861,164.32500539707067,158.08952846576778,158.37339782714844,84882400
2022-04-25,157.71758646013552,159.72429911751857,155.11376965466397,159.4404296875,96046400
2022-04-26,158.82373899686115,158.9118348666905,153.4105181477024,153.48883056640625,95623200
2022-04-27,152.6176360956144,156.4156915800931,152.0988293549953,153.26370239257812,88063200
2022-04-28,155.88709214046477,161.04580888521681,155.57384246237302,160.18438720703125,130216800
2022-04-29,158.42236732431553,162.69029635210208,153.92929946524063,154.3208465576172,131747600
2022-05-02,153.4007100151784,154.88860092145774,150.0333512355366,154.6243133544922,123055300
2022-05-03,154.81029731534235,157.31624964341847,153.01895506893698,156.11221313476562,88966500
2022-05-04,156.29817374379095,162.9643614673084,155.89682831665468,162.5140838623047,108256500
2022-05-05,160.38993331507154,160.61507214954577,151.67786848905013,153.45944213867188,130525300
2022-05-06,152.93984857664353,156.30235682996496,151.1458596477854,154.1848602294922,116124600
2022-05-09,151.88108159062776,152.763379211531,148.50879088738637,149.06756591796875,131577900
2022-05-10,152.45952464307157,153.6555174482576,149.92048190900607,151.46939086914062,115366700
2022-05-11,150.47928231405317,152.39090538432077,142.94061098912724,143.61703491210938,142689800
2022-05-12,139.96043637411066,143.32293029647687,136.0685607235715,139.7545623779297,182602000
2022-05-13,141.74456868725608,145.18550397266762,140.29369821646105,144.21498107910156,113990900
2022-05-16,142.68571610317943,144.616949555646,141.34266624082053,142.6759033203125,86643800
2022-05-17,145.93054340694096,146.82263885480765,143.79343645262884,146.30307006835938,78336300
2022-05-18,143.96016331731076,144.46012170643934,137.14691952570857,138.048828125,109742900
2022-05-19,137.12729010884627,138.87226008655338,133.91183880440775,134.64707946777344,136095600
2022-05-20,136.3527898729997,137.93110665133486,130.00031651705376,134.88230895996094,137426100
2022-05-23,135.0784317492794,140.4407891232643,134.9411873997547,140.2937469482422,117726300
2022-05-24,138.03898075989613,139.17615657107172,134.62746828487894,137.59783935546875,104132700
2022-05-25,135.7058176181396,138.99969650386015,135.61759232548434,137.75469970703125,92482700
2022-05-26,134.68626677474316,141.49949297179577,134.4411865880973,140.9505157470703,90601500
2022-05-27,142.5288570634857,146.73442720207444,142.40141055796454,146.69522094726562,90978500
2022-05-31,146.1364648342796,147.69517170019813,143.95033814163904,145.91098022460938,103718400
2022-06-01,146.95009283292427,148.75389460714223,144.7737792988703,145.7835235595703,74286600
2022-06-02,144.92080997395743,148.2931155543275,143.96989770419586,148.2342987060547,72348100
2022-06-03,144.0091352358549,145.05808578629097,141.6171647882395,142.51905822753906,88570300
2022-06-06,144.13659949613532,145.64630225545608,142.04851092055418,143.2641143798828,71598400
2022-06-07,141.50932395629872,146.06781003090646,141.26424373812605,145.7835235595703,67808200
2022-06-08,145.6560729457736,146.9206802540853,144.55811838609154,145.04827880859375,53950200
2022-06-09,144.18557316361037,145.03844740252498,139.72511089989996,139.83294677734375,69473000
2022-06-10,137.51941663931075,137.9899664897166,134.36278209908923,134.43141174316406,91437900
2022-06-13,130.25522177759234,132.53937106937602,128.85337019356888,129.2847137451172,122207100
2022-06-14,130.51011351307002,131.25515193955982,128.8925752102517,130.1473846435547,84784300
2022-06-15,131.64728162043858,134.63726323315953,129.5592083618082,132.7648468017578,91533000
2022-06-16,129.48076322339185,129.78466025494586,126.50057984100815,127.5005111694336,108123900
2022-06-17,127.5103548974603,130.4611156124141,127.25546187351353,128.9710235595703,134520300
2022-06-21,130.7943843000857,134.36275100339577,130.696361206463,133.1961669921875,81000500
2022-06-22,132.13745484401576,135.04900927487205,131.2747825760473,132.6864471435547,73409200
2022-06-23,134.1275183400123,135.86267563561398,132.96093402675356,135.54898071289062,72433800
2022-06-24,137.1468641014651,139.1173183416044,137.01943257838917,138.8722381591797,89116800
2022-06-27,139.8917651363233,140.66622688954945,138.19581446232633,138.8722381591797,70207900
2022-06-28,139.3330131628478,140.59762053174873,134.61767206581916,134.7353057861328,67083400
2022-06-29,134.75492447437682,137.90174634957765,133.98046254650382,136.49008178710938,66242400
2022-06-30,134.5490488814723,135.64700354645933,131.13753620204082,134.02947998046875,98964500
2022-07-01,133.36285690870372,136.3038197907336,132.9903451154339,136.19598388671875,71051600
2022-07-05,135.05882114715405,138.82324999611623,134.23534018265374,138.77423095703125,73353800
2022-07-06,138.5683715462856,141.28384979355582,138.30368070277723,140.1074676513672,74064300
2022-07-07,140.47017616296918,143.66603189279604,140.4603783389641,143.469970703125,66253700
2022-07-08,142.40140757015126,144.64635079248632,142.1465295229667,144.14637756347656,64547800
2022-07-11,142.8033331399919,143.7542455393016,140.95052737444695,142.01907348632812,63141600
2022-07-12,142.89155544175705,145.5286208059207,142.19553604555907,142.98959350585938,77588800
2022-07-13,140.17608985764943,143.56799177024092,139.3232005090592,142.62689208984375,71185600
2022-07-14,141.24462523992875,146.0187828364424,140.43095716603992,145.54823303222656,78140700
2022-07-15,146.83247339444262,147.89122183493336,145.28356446993823,147.2147979736328,76259900
2022-07-18,147.77358792071823,148.58725611818477,143.8130828380742,144.17581176757812,81420900
2022-07-19,145.0090973341563,148.25395782693252,144.0189783944477,148.0284881591797,82982400
2022-07-20,148.14610577429508,150.69494637561027,147.41086501912858,150.0283203125,64823400
2022-07-21,151.45958316742,152.50853373902038,148.94996398855773,152.29286193847656,65086600
2022-07-22,152.3320525114364,153.2045374479934,150.3910214648786,151.05763244628906,66675400
2022-07-25,150.97921649648936,151.9889458272938,149.28326552705713,149.94007873535156,53623900
2022-07-26,149.2636538636445,150.07732200029463,147.83239373585778,148.6166534423828,55138700
2022-07-27,149.5773707705413,154.2338952339947,149.1656377708993,153.7045135498047,78620700
2022-07-28,153.89078059336344,154.53779601902812,151.37136349671525,154.25350952148438,81378700
2022-07-29,158.06695385906744,160.40992030893383,156.36119003723385,159.31195068359375,101786900
2022-08-01,157.84144361325252,160.37067302404677,157.72380990621818,158.33160400390625,67829400
2022-08-02,156.94938527079637,159.21392420256825,156.48863324172908,156.86114501953125,59907000
2022-08-03,157.67482654904526,163.31167231688755,157.58660124880873,162.86073303222656,82507500
2022-08-04,162.7430888021846,163.89987539598906,161.19417977979222,162.54702758789062,55474100
2022-08-05,160.22042780912037,162.81206933981917,160.01426786699392,162.32122802734375,56697000
2022-08-08,163.32256080452132,164.73618641729826,161.19231095001098,161.85003662109375,60276900
2022-08-09,161.0156156250441,162.78264764526216,160.25971568153318,161.8991241455078,63135500
2022-08-10,164.60854654925055,166.23814341245296,163.8428352480907,166.13998413085938,70170500
2022-08-11,166.94496643142614,167.8579391801427,165.10922447830612,165.4037322998047,57149200
2022-08-12,166.70933581222894,169.01628078921996,166.29701596444957,168.94757080078125,68039400
2022-08-15,168.3782005294128,170.21394216296972,168.21131628811554,170.01760864257812,54091700
2022-08-16,169.61512926108554,170.52810192661653,168.51564947224608,169.8605499267578,56377100
2022-08-17,169.60531301748716,172.92339013736907,169.4089794863745,171.3527069091797,79542000
2022-08-18,170.56735491708034,171.6962839363271,169.94889007422466,170.96002197265625,62290100
2022-08-19,169.8605242913159,170.5575254675204,168.1720291679761,168.37818908691406,70346300
2022-08-22,166.58169604206546,166.74858025975374,164.0784028181707,164.5005340576172,69026800
2022-08-23,164.01951691966545,165.61966421752064,163.59738564765863,164.16676330566406,54147100
2022-08-24,164.2551282502834,165.03065085876125,163.20472075222654,164.46127319335938,53841500
2022-08-25,165.688378388784,167.02346724627097,165.2662620854037,166.9154815673828,51218200
2022-08-26,167.44563181749547,167.91683533755338,160.5640262370915,160.6229248046875,78961000
2022-08-29,158.19816763869952,159.9161124345619,156.89254277561915,158.42396545410156,73314000
2022-08-30,159.1601794345339,159.58229569538483,154.83095626158936,155.99916076660156,77906200
2022-08-31,157.37351363125413,157.63857209111154,154.261582013457,154.34011840820312,87991100
2022-09-01,153.77074600824523,155.51813965771387,151.83683028732437,155.0665740966797,74229900
2022-09-02,156.82379496598037,157.42262194968552,152.13135334781393,152.95596313476562,76957800
2022-09-06,153.60385293125665,154.2124912520568,150.8747769402501,151.6993865966797,73714800
2022-09-07,151.98409298992328,153.80019664109167,150.7962505650505,153.10321044921875,87449600
2022-09-08,151.80738719524012,153.49588236025656,149.88328282837716,151.6306915283203,84923800
2022-09-09,152.62222024249937,154.92918072545984,151.91540745534934,154.48741149902344,68028800
2022-09-12,156.66672837890903,161.25118449428555,156.38204700518378,160.43638610839844,104956000
2022-09-13,156.97105902298662,157.59933535695706,150.56067213786505,151.02206420898438,122656600
2022-09-14,151.95460885932926,154.2223077374898,150.79623084212912,152.465087890625,87965400
2022-09-15,151.81719923234522,152.39640331677907,148.6071081028978,149.57896423339844,90481100
2022-09-16,148.4402429431555,148.57767791761873,145.6522527794473,147.9395751953125,162278800
2022-09-19,146.57501740526791,151.7288507316376,146.36887246061372,151.6503143310547,81474200
2022-09-20,150.5901415565976,155.18442503374376,150.27601083725375,154.02603149414062,107689800
2022-09-21,154.4579373320565,155.83230196535132,150.78645397951445,150.9042510986328,101696800
2022-09-22,149.58880860884872,151.64052177438083,148.14573389948876,149.9422149658203,86652500
2022-09-23,148.4206031759059,148.69547312127722,145.83877299693037,147.6745147705078,96029900
2022-09-26,146.91858697585232,150.95330211261015,146.8989491342679,148.0082550048828,93339400
2022-09-27,149.9421927062511,151.88591989139582,147.20329010150107,148.98013305664062,84442700
2022-09-28,144.93560783080054,147.8806554147203,142.18689375661808,147.09530639648438,146691400
2022-09-29,143.4238179924611,144.03245634378814,138.103085707034,139.8701171875,128138200
2022-09-30,138.69211755301987,140.4787870882612,135.47219979960417,135.6685333251953,124925300
2022-10-03,135.67838796700266,140.44936703001858,135.16790871082608,139.84071350097656,114311700
2022-10-04,142.37345088895668,143.54165578156733,141.61755096209856,143.42385864257812,87830100
2022-10-05,141.43100052371705,144.6803670999918,140.39040452379436,143.7183074951172,79471000
2022-10-06,143.13917281341946,144.83747993609245,142.5599835315962,142.76612854003906,68402200
2022-10-07,139.9290453992253,140.47880029356153,136.8956494527264,137.52392578125,85925600
2022-10-10,137.84786987304688,139.29094450363405,136.03176603772727,137.84786987304688,74899000
2022-10-11,137.337365394685,138.76081689569904,135.68814610919395,136.43421936035156,77033700
2022-10-12,136.58149154588781,137.78895683135124,135.6292583188671,135.8059539794922,70433700
2022-10-13,132.51735724415704,140.95981974279604,131.90870376504793,140.37081909179688,113224000
2022-10-14,141.66664791660483,141.87280790341703,135.6587537430503,135.84527587890625,88598000
2022-10-17,138.48595592005591,140.28242169324201,137.70060693296034,139.80140686035156,85250900
2022-10-18,142.82500010106065,144.0128276023933,138.03438444661543,141.1168670654297,99136600
2022-10-19,139.09460416043055,142.2948839097448,138.9080820775627,141.224853515625,61758300
2022-10-20,140.40025572638473,143.21768011702426,140.0370229627389,140.7634735107422,64522000
2022-10-21,140.25297565616944,145.14176534962488,140.03700430524796,144.5723876953125,86548600
2022-10-24,144.49386606815804,147.47817461798252,143.3256613631015,146.71246337890625,75981900
2022-10-25,147.34074408565283,149.69679141311283,146.62411995147127,149.54953002929688,74732300
2022-10-26,148.1947823413551,149.20591401942318,145.32825653907994,146.61427307128906,88194300
2022-10-27,145.35773474859954,146.3197794029668,141.48990330767347,142.1476287841797,109180200
2022-10-28,145.48537216958695,154.6150242142885,145.11234293200243,152.88726806640625,164762400
2022-10-31,150.35452378899333,151.41474288743174,149.13723186575905,150.53121948242188,97943200
2022-11-01,152.2393339638939,152.60255171953904,146.3983256985316,147.89047241210938,80379300
2022-11-02,146.22163806624556,149.3826576212183,142.34399432027527,142.37344360351562,93604600
2022-11-03,139.45783369878677,140.1842842462697,136.2084665510831,136.33609008789062,97918500
2022-11-04,139.71867839937045,140.28900066971147,132.13735779737468,136.0706024169922,140814800
2022-11-07,134.82177198830993,136.827719829141,133.40580174577732,136.6015625,83374600
2022-11-08,138.06669154902085,139.06965789658196,135.19542542837,137.171875,89908500
2022-11-09,136.18857977969958,136.23774833279379,132.3438299914245,132.61915588378906,74917800
2022-11-10,138.88288280173376,144.41891479492188,137.17191586897493,144.41891479492188,118854000
2022-11-11,143.3864383750097,147.5064994693465,141.9606252113591,147.20167541503906,93979700
2022-11-14,146.48384590068005,147.77198095425382,144.96953850636208,145.80535888671875,73374100
2022-11-15,149.67962155098414,151.02675299903876,146.0806992107757,147.53599548339844,89868300
2022-11-16,146.64119143040293,147.36883205309908,144.83188757505272,146.30685424804688,64218300
2022-11-17,143.98623783804743,148.95196191687904,143.71091192910288,148.20465087890625,80389400
2022-11-18,149.76811828911318,150.15160903599656,147.46717380781297,148.76513671875,74829600
2022-11-21,147.6540145740021,147.8605015253363,145.25473282614936,145.53988647460938,58724100
2022-11-22,145.65786938764137,147.9096450709946,144.47788413446048,147.67364501953125,51804100
2022-11-23,146.95582360996656,149.29610855403772,146.8476588015229,148.54879760742188,58301400
2022-11-25,145.8348427804778,146.3953372169929,144.66470036386627,145.63818359375,35195900
2022-11-28,142.71777000634125,144.19273663104678,140.98714790150922,141.81312561035156,69246000
2022-11-29,141.8819361067611,142.39326202258005,138.00770341068628,138.8140106201172,83763800
2022-11-30,139.0401533008067,146.23799618945276,138.20434805005414,145.55950927734375,111380900
2022-12-01,145.73654727553216,146.64119170281938,144.16324348642758,145.83486938476562,71250400
2022-12-02,143.52411441944975,145.53006273642814,143.21927533321448,145.34323120117188,65447400
2022-12-05,145.3038811249747,148.4013049961633,143.33725898348703,144.1829071044922,68826400
2022-12-06,144.61555599946504,144.84171332835018,139.55149534602168,140.5249786376953,64727200
2022-12-07,139.8170142991394,140.97731424983792,137.66356048798676,138.58787536621094,69721100
2022-12-08,139.98419447504244,141.12483916127653,138.745227663254,140.26934814453125,62128300
2022-12-09,139.9644643389149,143.14056922258405,138.54849429856367,139.7874755859375,76097000
2022-12-12,140.31847817047847,142.0884409898644,138.7058487137347,142.07861328125,70462700
2022-12-13,147.00499369488003,147.46715106267968,141.83278326469596,143.04225158691406,93886200
2022-12-14,142.9242617747897,144.21239680146076,138.80418622868987,140.81997680664062,82291200
2022-12-15,138.7550029778536,139.43348990576752,133.7597817593244,134.22193908691406,98931900
2022-12-16,134.4088086870883,135.35277902524194,131.4982009688156,132.2651824951172,160156900
2022-12-19,132.8551509782634,132.94364536804903,129.12840885731634,130.16087341308594,79592600
2022-12-20,129.19725476241064,131.02621414919912,127.72228799900502,130.09207153320312,77432800
2022-12-21,130.76070405901197,134.52678732015247,130.5345467103143,133.18948364257812,85928000
2022-12-22,132.10785363301125,132.31434056379908,128.12544063659777,130.02322387695312,77852100
2022-12-23,128.7350936895975,130.21006041152802,127.47645662054781,129.65940856933594,63814900
2022-12-27,129.18743096288975,129.2169290987198,126.57181955561124,127.85995483398438,69007800
2022-12-28,127.50593193563417,128.84323545768694,123.76935474336571,123.93651580810547,85438400
2022-12-29,125.8539710621533,128.30241331797103,125.59831560715067,127.44693756103516,75703700
2022-12-30,126.26695207612292,127.78124421000797,125.30330412522042,127.7615737915039,77034200
2023-01-03,128.10576142344397,128.71540946850325,122.09773035328112,122.98271179199219,112117500
2023-01-04,124.77235152537197,126.51281646624362,122.99256074022561,124.2511978149414,89113600
2023-01-05,125.0083349534918,125.63765344479737,122.67789249421179,122.93354797363281,80962700
2023-01-06,123.907033324828,128.115596113896,122.80572219640975,127.45677947998047,87754700
2023-01-09,128.29261784653937,131.18355527394988,127.72229553056178,127.97795104980469,70790800
2023-01-10,128.08610610497774,129.06941726347972,125.98182082594903,128.5482635498047,63896200
2023-01-11,129.0595847172529,131.28186245070447,128.28277553296553,131.26220703125,69458900
2023-01-12,131.6456901154858,132.0193381171801,129.24640871746402,131.18353271484375,71379600
2023-01-13,129.8265664212103,132.6683349676498,129.46274610687883,132.51100158691406,57809700
2023-01-17,132.5798193932039,134.99875596810472,131.8915047175872,133.67129516601562,63646600
2023-01-18,134.53662257229425,136.29674271738915,132.7764874230637,132.9534912109375,69672800
2023-01-19,131.84235433638028,133.9761376268957,131.53753029546903,133.0124969482422,58280400
2023-01-20,133.02230476612493,135.71658218378784,131.97999755468973,135.56907653808594,80223600
2023-01-23,135.81492969380113,140.92815961902411,135.59860004292767,138.75503540039062,81760300
2023-01-24,137.96841476412106,140.77085814671693,137.95858705199439,140.1513671875,66435100
2023-01-25,138.53869500355867,140.0529874380773,136.49340619294276,139.4925079345703,65799300
2023-01-26,140.78062529691158,141.8426029112318,139.53181620357194,141.5574493408203,54105100
2023-01-27,140.77082215722044,144.77289057415175,140.69215546789684,143.4945831298828,70555800
2023-01-30,142.54079133466578,143.12094131391822,140.46600420175812,140.61349487304688,64015300
2023-01-31,140.31848180314623,141.93111130163894,139.9054929686203,141.88194274902344,65874500
2023-02-01,141.56731895311415,144.16325999959267,138.96155019582764,143.00294494628906,77663600
2023-02-02,146.41500811186492,148.65695608667727,145.69719525256042,148.302978515625,118339000
2023-02-03,145.55954560277002,154.75351068440185,145.36288637728777,151.92156982421875,154357300
2023-02-06,150.02377712562708,150.54493079230497,148.26364190831887,149.19778442382812,69858300
2023-02-07,148.12595929659778,152.63935290701122,148.12595929659778,152.06903076171875,83322600
2023-02-08,151.31189384284664,152.00020850727236,148.64711456554969,149.3845977783203,64120100
2023-02-09,151.21356571138807,151.75438976697808,147.9096401221254,148.3521270751953,56007100
2023-02-10,147.19007494553122,149.04151212756338,146.95371454850684,148.71652221679688,57450700
2023-02-13,148.65743217523777,151.91715888947925,148.62788900472555,151.51339721679688,62199000
2023-02-14,149.8096612758476,151.43461079325414,148.56880303013764,150.87326049804688,61707600
2023-02-15,150.7846469892343,153.13834833360136,150.55814431502776,152.97093200683594,65573800
2023-02-16,151.17855953849067,153.95573796607766,151.02100096105386,151.3755340576172,68167900
2023-02-17,150.03614908014094,150.6762710180938,148.5589307368263,150.2331085205078,59144100
2023-02-21,147.9188390818426,149.00213887625634,146.15603126407484,146.22496032714844,58867200
2023-02-22,146.60903658364012,147.67263591965713,144.9250155718982,146.6484375,51011300
2023-02-23,147.81048914517564,148.05669224456878,145.00378282832062,147.13096618652344,48394200
2023-02-24,144.87574571223192,144.95453250364176,143.50685714395402,144.48182678222656,55469600
2023-02-27,145.46662923177482,146.90444675275575,145.2105684203629,145.67343139648438,44998500
2023-02-28,144.81668575965537,146.81585399639758,144.60002580056587,145.1712188720703,50547000
2023-03-01,144.60000744430354,144.9939263960711,142.80764165155819,143.10308837890625,55479000
2023-03-02,142.1872382713636,144.48185327566276,141.7145174362223,143.69400024414062,52238100
2023-03-03,145.79162671403117,148.81500811176437,145.09241829817535,148.73622131347656,70732300
2023-03-06,151.4542972077173,153.92618602775224,151.1293223291666,151.4936981201172,87558000
2023-03-07,151.36568955134143,151.69067950386318,148.83472905134718,149.29759216308594,56182000
2023-03-08,150.48919246419973,151.13917230662574,149.52408044265695,150.54827880859375,47204800
2023-03-09,151.2277963802791,152.1929083670859,147.9483691410299,148.3029022216797,53833600
2023-03-10,147.92869544727571,148.64760438030467,145.3681768808884,146.24465942382812,68572400
2023-03-13,145.56511831219402,150.81417020284252,145.4567883472071,148.18472290039062,84457100
2023-03-14,148.98245037600438,151.07024829967136,147.8203787096759,150.27255249023438,73695900
2023-03-15,148.89380784086057,150.92251923505987,147.64309172837056,150.66647338867188,77167900
2023-03-16,149.84905684492745,154.08375312665916,149.33695019463687,153.48301696777344,76161100
2023-03-17,153.70956507504528,154.35954505108717,151.9368992435896,152.64596557617188,98944600
2023-03-20,152.71486085947325,155.4230948668754,151.80882025865256,155.00946044921875,73641400
2023-03-21,154.93069227015488,156.9790888157361,154.1625247817563,156.8609161376953,73938300
2023-03-22,156.88062840402722,159.67749219321786,155.41325242402124,155.43295288085938,75701800
2023-03-23,156.41776312286146,159.0964541870748,155.28521978995877,156.5162353515625,67622100
2023-03-24,156.44730394409444,157.90482213956633,155.45264879499626,157.81619262695312,59196500
2023-03-27,157.5108907515981,158.3282868109909,155.4723219600322,155.8760986328125,52390300
2023-03-28,155.57080817581272,156.08291480553032,153.61102618902072,155.2556610107422,45992200
2023-03-29,156.94956160428092,158.60405440029712,156.92987617396892,158.32830810546875,51305700
2023-03-30,159.07672328299577,160.00244921246374,158.8206775049261,159.8941192626953,49501700
2023-03-31,159.97293860815142,162.49405610459849,159.45098920585787,162.39556884765625,68749800
2023-04-03,161.775118163648,163.76442815863666,161.7258745440201,163.64625549316406,56976200
2023-04-04,164.06977129650792,164.3061166832112,162.60239523685718,163.114501953125,46278300
2023-04-05,162.2380152446489,162.54330471265868,159.34266411557562,161.27288818359375,51511700
2023-04-06,159.96306777674639,162.45465692468338,159.5396056660462,162.15921020507812,45390100
2023-04-10,158.96843186504725,159.5691680908203,157.6487867222166,159.5691680908203,47716900
2023-04-11,159.88428065231392,159.89412336543904,158.0722146254148,158.35781860351562,47644200
2023-04-12,158.77148810772155,159.5987270827998,157.35335556356011,157.6685028076172,50133100
2023-04-13,159.17521196081944,163.28187732223762,158.96839477228292,163.04551696777344,68445600
2023-04-14,162.09027277975596,163.794009087704,161.33197803499354,162.70086669921875,49386500
2023-04-17,162.5826774005875,162.8781241294329,161.53877864877254,162.72055053710938,41516200
2023-04-18,163.57733566867122,164.86743742961687,163.13415809407996,163.94171142578125,49923000
2023-04-19,163.28189796071484,165.60605581206516,163.0258371209191,165.0841064453125,47720200
2023-04-20,163.56749547193866,165.32046042282218,163.04554607797024,164.11898803710938,52456400
2023-04-21,162.54327607753027,163.92200731179602,161.99178358382397,162.51373291015625,58337300
2023-04-24,162.49405610505224,163.0849495926161,161.40091367199096,162.8190460205078,41949600
2023-04-25,162.68119268208375,163.78417796430023,161.2433597017252,161.2827606201172,48714100
2023-04-26,160.58352244501583,162.7698073781101,160.32747660698578,161.27288818359375,45498800
2023-04-27,162.6811671878293,165.9999802574992,162.6811671878293,165.85226440429688,64902300
2023-04-28,165.93105213681218,167.27039764589344,165.33031595199535,167.10296630859375,55275900
2023-05-01,166.70903856930101,167.86126725124362,166.07875924686118,167.0143280029297,52472900
2023-05-02,167.50671716698386,167.76277797719564,164.99544284655173,165.98025512695312,48425700
2023-05-03,166.9256982160475,168.32412999077732,164.62124085601573,164.90682983398438,65136000
2023-05-04,162.38570858289833,164.50304913491388,161.8145156138655,163.27203369140625,81235400
2023-05-05,168.38322333782398,171.65280778469676,168.1665634032941,170.93389892578125,113453200
2023-05-08,169.86044681233003,171.20965008439242,169.49607101524845,170.86495971679688,55962800
2023-05-09,170.42179836441701,170.9043468501181,168.993823309898,169.16123962402344,45326900
2023-05-10,170.39224965147537,171.38690478906514,169.28924951921832,170.92404174804688,53724500
2023-05-11,171.20964753246403,171.93839911576495,169.5551548305296,171.1111602783203,49514700
2023-05-12,171.21962961924467,171.653548851867,168.6358569767775,170.1841583251953,45533100
2023-05-15,170.76598190315437,170.81529363826058,169.09934457223466,169.69105529785156,37266700
2023-05-16,169.61215953124739,170.74625419954612,169.42478396654107,169.69105529785156,42110300
2023-05-17,169.33607370599472,170.53919306240596,168.06389984598047,170.30252075195312,57951600
2023-05-18,170.60817644442238,172.81721258554498,170.1939849894296,172.6298370361328,65496700
2023-05-19,173.95136353170963,173.95136353170963,172.52141315393132,172.73837280273438,55809500
2023-05-22,171.57465110395842,172.2945693897219,171.05197977463047,171.79161071777344,43570900
2023-05-23,170.7364116817252,170.9829553293692,168.9119826700276,169.1881103515625,50747300
2023-05-24,168.724632860117,170.03624707165045,168.16252108250686,169.46426391601562,45143500
2023-05-25,170.02637505144457,171.49576564962197,169.31632809947834,170.59835815429688,56058300
2023-05-26,170.92377905521317,173.3399036765556,170.7166757800904,173.0045928955078,54835000
2023-05-30,174.51345913931758,176.51539231960112,174.12885165758402,174.8487548828125,55964400
2023-05-31,174.87834951174753,176.87042648421155,174.3162227478627,174.79945373535156,99625300
2023-06-01,175.24323239604442,177.62977324467488,174.4838737017158,177.60018920898438,68901800
2023-06-02,178.52718373632618,179.2668146743205,176.78165050926717,178.4482879638672,61996900
2023-06-05,180.10504889865823,182.3929658521557,175.57849662924414,177.0972137451172,121946500
2023-06-06,177.4818328127375,177.62975297431,174.97694105936182,176.7323455810547,64848400
2023-06-07,175.9730110061888,178.70471906299082,174.86850018805862,175.36158752441406,61944600
2023-06-08,175.44044804834044,178.3398036598064,175.00654388250445,178.07354736328125,50214900
2023-06-09,178.99068805786467,179.71059129506313,178.13272098000036,178.45816040039062,48900000
2023-06-12,178.76385922591572,181.34763164971682,178.46800386072707,181.24900817871094,54274900
2023-06-13,180.272706433175,181.60403301510047,179.91768300176238,180.77565002441406,54929100
2023-06-14,180.8348467124019,181.84074910193183,179.50351991974284,181.40682983398438,57462900
2023-06-15,181.41667817053525,183.94128262941163,181.23915892536104,183.43832397460938,65433200
2023-06-16,184.14837692000424,184.40479194393566,181.72239585614398,182.3634033203125,101256200
2023-06-20,181.86048315364175,183.52712083284334,181.86048315364175,182.45217895507812,49799100
2023-06-21,182.34369383727915,182.84665255889604,180.06563271508736,181.4167022705078,49515700
2023-06-22,181.19973368511316,184.46396933431626,181.13069423738702,184.41465759277344,51245300
2023-06-23,182.98473853505004,184.9669444808385,182.45219571223123,184.09910583496094,53117000
2023-06-26,184.24700235631448,185.4501365723536,182.6691169769034,182.7085723876953,48088700
2023-06-27,183.31999439512526,185.78543087633778,183.10303478095216,185.45999145507812,50730800
2023-06-28,185.33177206150037,187.27453708797546,185.0063477089331,186.63352966308594,51216800
2023-06-29,186.4658979165552,187.4422162021352,186.32783407243755,186.96884155273438,46347300
2023-06-30,188.98065447297634,191.79124321876165,188.61575961709715,191.28829956054688,85213200
2023-07-03,191.10092178559267,191.19954526937022,189.10884478636748,189.79917907714844,31458200
2023-07-05,188.92145597370774,190.311950580781,187.98457816150727,188.6847686767578,46920300
2023-07-06,187.21539208287066,189.36526064633148,186.5842409083175,189.1581573486328,45094300
2023-07-07,188.7636804868427,190.0062550438309,187.60985803081866,188.04376220703125,46815000
2023-07-10,186.6433878022031,187.36330604998784,184.45407912216882,186.00238037109375,59922200
2023-07-11,186.544822138739,186.68288600391077,184.0202171482648,185.47975158691406,46638100
2023-07-12,187.05759515232103,189.04967210294507,185.86433228601203,187.1463623046875,60750200
2023-07-13,187.8662603208446,188.54672319895087,187.15621340871894,187.90570068359375,41342300
2023-07-14,187.59998771190843,188.53685056119244,187.00829198764853,188.0536346435547,41616200
2023-07-17,189.24692777767194,191.63348390558141,189.15817566199323,191.30804443359375,50520200
2023-07-18,190.6768538720752,191.64330071063998,189.75970372238763,191.0515899658203,48288200
2023-07-19,190.4303301514657,195.48939585264796,189.9865395225249,192.40267944335938,80507300
2023-07-20,192.39279363664537,193.75371936128715,189.83860510668907,190.45989990234375,59581200
2023-07-21,191.4164870851642,192.2744541324422,188.58615588066942,189.28634643554688,71951700
2023-07-24,190.73603816687742,192.21530010696893,189.59207198839397,190.0851593017578,45377800
2023-07-25,190.65711599447494,191.75177028050072,190.25278084201756,190.94309997558594,37283200
2023-07-26,190.9924473358141,192.93521264770516,190.64729522856234,191.81097412109375,47471900
2023-07-27,193.3099676892758,194.4736466049838,189.88794029801272,190.54867553710938,47460200
2023-07-28,191.9785925358936,193.91150122150714,191.45592124266818,193.12255859375,48291400
2023-07-31,193.34938604539337,193.77344894031904,192.56044337061044,193.73399353027344,38824100
2023-08-01,193.52693454400202,194.01015053136803,192.58020018161,192.9056396484375,35175100
2023-08-02,192.34347668203839,192.48154051645844,189.19759252290805,189.91749572753906,50389300
2023-08-03,188.92145636813592,189.7103839306254,188.05361799200307,188.5269775390625,61235200
2023-08-04,182.95511789971007,184.78940327661547,179.40488328381886,179.4739227294922,115956800
2023-08-07,179.61200164257014,180.59817633552169,174.8980878140883,176.37734985351562,97576100
2023-08-08,177.205713919119,177.77769698523286,175.12488493894773,177.31419372558594,67823000
2023-08-09,178.3693964131728,178.42856448196,174.56276182695083,175.72645568847656,60378500
2023-08-10,176.99860916334498,178.25105509162734,175.14461118800062,175.50949096679688,54686900
2023-08-11,175.10464195853916,176.38838822312198,174.34425781198718,175.56875610351562,52036700
2023-08-14,175.74650562753334,177.44501774834183,175.09474782272636,177.2178955078125,43675600
2023-08-15,176.64514364841483,177.23763842738072,174.8380051896738,175.23300170898438,43622600
2023-08-16,174.91699954220002,176.30937200366554,174.29486573787133,174.36399841308594,46964900
2023-08-17,174.92688028330798,175.29225282363015,171.31260330101006,171.82611083984375,66062900
2023-08-18,170.14735612669347,172.9123770667114,169.8116075662743,172.30999755859375,61172200
2023-08-21,172.88274314562352,173.92949746098708,171.56935789788312,173.6431121826172,46311900
2023-08-22,174.84785755399471,175.46010661888187,174.04797988711957,175.01573181152344,42038900
2023-08-23,176.289654759779,179.2817980823254,176.10202612434662,178.85716247558594,52722800
2023-08-24,178.41275636104422,178.83739189345877,173.81097351698816,174.17636108398438,54945800
2023-08-25,175.16386577811136,176.91174101480664,173.62335841851225,176.3784942626953,51449600
2023-08-28,177.8400098200833,178.33376298082638,176.31925671498092,177.9387664794922,43820700
2023-08-29,177.4548654120463,182.58989476243158,177.25736718090633,181.81964111328125,53003900
2023-08-30,182.62942352828824,185.50307057198083,182.43192527543482,185.30555725097656,60813900
2023-08-31,185.49320316115478,186.75721017905872,185.13770024560978,185.5228271484375,60794500
2023-09-01,187.12259578872172,187.54721631397274,185.92770639795236,187.0929718017578,45766500
2023-09-05,185.92769881238064,187.60645663383806,185.26607135025952,187.3299560546875,45280000
2023-09-06,186.0461707664675,186.49056063180015,179.2027597126584,180.62477111816406,81755800
2023-09-07,172.99134398653018,175.98350189646143,171.37183427986267,175.34161376953125,112488800
2023-09-08,176.121746745329,177.9881329660241,175.56873058484743,175.953857421875,65551300
2023-09-11,177.82026144859472,178.0473836718388,175.1243584797436,177.11912536621094,58953100
2023-09-12,177.24751388848827,177.87951732730735,172.6358612060169,174.0973663330078,90370200
2023-09-13,174.30473020059844,175.08486860955094,171.8063404869434,172.03347778320312,84267900
2023-09-14,171.82610607332606,173.89987544974738,171.41135521167203,173.54437255859375,60895800
2023-09-15,174.27512191376346,174.29487626046748,171.64836639188815,172.823486328125,109259500
2023-09-18,174.27511585610648,177.13889330258442,173.96899129951683,175.7465057373047,67257600
2023-09-19,175.3021409914078,177.38578010579235,174.91701409671836,176.83277893066406,51826900
2023-09-20,177.0203732393163,177.45487842056565,173.20859833310675,173.2974853515625,58436200
2023-09-21,172.36925276684747,174.0973890433764,171.68787090976878,171.75698852539062,63149100
2023-09-22,172.48772049861157,174.86761425499944,171.87547142547365,172.60621643066406,56725400
2023-09-25,172.02359502231215,174.75899170155245,171.97421669351675,173.88011169433594,46172700
2023-09-26,172.63586851438868,173.01111068359924,169.51534481079926,169.8115997314453,64588900
2023-09-27,170.4633463371719,170.87809720821267,166.93795639924983,168.3007049560547,66921800
2023-09-28,167.22430983558627,169.88070413963854,165.52579782856736,168.5574493408203,56294400
2023-09-29,169.87084635964763,170.90773103963988,168.21182785802986,169.0709686279297,51861100
2023-10-02,169.0808338409062,172.12235512412923,168.79444856905252,171.5792236328125,52164500
2023-10-03,170.1078282132375,171.46072207785286,168.6858318118607,170.24607849121094,49594600
2023-10-04,168.9524578917983,172.03348795172127,168.8339619515459,171.4903564453125,53020300
2023-10-05,171.6187292983148,173.25799352598938,170.52259660006877,172.72474670410156,48527900
2023-10-06,171.62862082907643,175.76627518846593,171.01635659512883,175.27252197265625,57266700
2023-10-09,174.6010122921434,176.81303215553828,173.6036362062995,176.7537841796875,42390800
2023-10-10,175.8748846750232,177.47464011941017,175.72674968355904,176.1612548828125,43698000
2023-10-11,175.9736336691769,177.60302823490863,175.38113888285298,177.55364990234375,47551100
2023-10-12,177.82025187235598,180.06188013769966,176.80310660532254,178.45225524902344,56743100
2023-10-13,179.1533769286896,179.65699967721181,175.9143577270369,176.61549377441406,51427100
2023-10-16,174.54176320804768,176.8426550206093,174.3047562379969,176.48715209960938,52517000
2023-10-17,174.44299912050275,176.19088966345473,172.61612132571108,174.93675231933594,57549400
2023-10-18,173.3863659573123,175.36137864838344,172.9222367694585,173.6431121826172,54764400
2023-10-19,173.84060845589931,175.61812287122567,173.00123711265553,173.2678680419922,59302900
2023-10-20,173.11974130623128,173.2283676109075,170.48310107616433,170.72010803222656,64244000
2023-10-23,168.77472302133776,171.8359838309846,167.80695589693704,170.83860778808594,55980100
2023-10-24,170.88799016172553,171.50023932449824,169.30797385167378,171.2731170654297,43816600
2023-10-25,169.73259505065448,170.89784530264086,168.51795139973865,168.96234130859375,57157000
2023-10-26,168.24146504420852,169.23885617849143,163.6001878537521,164.80494689941406,70625300
2023-10-27,164.8247009041889,166.8490920877316,164.74569858206283,166.1183319091797,58499100
2023-10-30,166.90832288755587,169.03145545417337,166.7601878982554,168.16244506835938,51131000
2023-10-31,167.23421730907862,168.76484019690602,165.80232095364974,168.636474609375,44846000
2023-11-01,168.86355325507674,172.05319393081336,167.9945430130093,171.79644775390625,56934900
2023-11-02,173.32712561259646,175.55888462715336,173.26787764016203,175.3515167236328,77334800
2023-11-03,172.06312932936157,174.61089777938133,171.1842491912974,174.44300842285156,79829200
2023-11-06,174.17635419198152,177.18823614800198,174.00847994055556,176.99073791503906,63841300
2023-11-07,176.94138484513783,180.1606652677133,176.7340169447808,179.5484161376953,70530000
2023-11-08,180.07177947416378,181.15802736111343,179.32126504404005,180.6050262451172,49340300
2023-11-09,180.67414339377055,181.81963914926845,179.5385022077218,180.13101196289062,53763500
2023-11-10,181.9108804268445,184.48178544542026,181.475802800193,184.3136749267578,66133400
2023-11-13,183.74018560328048,183.94782669363863,182.1482051958573,182.73159790039062,43627500
2023-11-14,185.59912547957174,186.00454008995078,184.21480130754796,185.342041015625,60108400
2023-11-15,185.7474724520267,187.3789985945617,185.6782486931539,185.90567016601562,53790500
2023-11-16,187.44819173837502,188.8226331691939,186.53847581950137,187.5866241455078,54412900
2023-11-17,188.1206090057824,188.24915879673333,186.45941980581802,187.56687927246094,50922700
2023-11-20,187.7646375447921,189.76203272766995,187.75475490242272,189.3071746826172,46505100
2023-11-21,189.26759612132614,189.37636552049437,187.61628985249988,188.50621032714844,38134500
2023-11-22,189.34669431189826,190.7705639920827,188.69407794514686,189.168701171875,39617700
2023-11-24,188.7336553269539,188.76331834061182,187.13179223741543,187.84373474121094,24048300
2023-11-27,187.79429075090235,188.5358962659671,186.7857030257735,187.66574096679688,40552600
2023-11-28,187.6558347269926,188.9412871423915,187.28008315178343,188.26889038085938,38415400
2023-11-29,188.7633011569372,189.9399842182602,186.85491037465812,187.25042724609375,43014200
2023-11-30,187.71515943504943,188.18979776505014,186.08363355367433,187.8239288330078,48794400
2023-12-01,188.1996843513192,189.4159130354433,187.11199034893104,189.09950256347656,45704800
2023-12-04,187.85358512953687,187.92280887485518,185.35190415389414,187.3097381591797,43389500
2023-12-05,188.08104861869373,192.22413865175915,188.05137051787239,191.25511169433594,66628400
2023-12-06,192.27355320919483,192.58008102103562,189.95974802820277,190.1674041748047,41089700
2023-12-07,191.4627450433353,192.81740609388598,191.42318430562543,192.0955810546875,47477700
2023-12-08,192.02637677770835,193.79635031367135,191.50231010992096,193.5194854736328,53406400
2023-12-11,190.948598334338,191.32434997590968,189.27751140798418,191.01780700683594,60943700
2023-12-12,190.9189094878757,192.54055280703432,189.57413099725628,192.53067016601562,52696900
2023-12-13,192.90642113434447,195.78385412672148,192.66911702808835,195.7443084716797,70404200
2023-12-14,195.8036348613561,197.3857175620074,193.964452594447,195.8926239013672,66831600
2023-12-15,195.3191123528845,196.1793699091571,194.79504567055722,195.35867309570312,128538400
2023-12-18,193.8952224343076,194.4291868327445,192.21425301938103,193.6974639892578,55751900
2023-12-19,193.96444926391277,194.7456004150459,193.69746706046115,194.7357177734375,40714100
2023-12-20,194.69616113684165,195.46742966263125,192.6493377685547,192.6493377685547,52242800
2023-12-21,193.90514216040955,194.87416921268178,191.3342368191114,192.5010223388672,46482500
2023-12-22,192.9954077755279,193.2228443252002,190.81015202156473,191.43310546875,37149600
2023-12-26,191.44298138124012,191.719846217368,190.6717128965979,190.88925170898438,28919300
2023-12-27,190.33552729492325,191.33421726083122,188.95118798803827,190.98812866210938,48087700
2023-12-28,191.96705978425237,192.4812438348005,191.00791544042355,191.413330078125,34049900
2023-12-29,191.72972215657148,192.2241257878035,189.58401220758475,190.37506103515625,42672100
2024-01-02,185.05525771688224,186.3308274284663,181.83175174149957,183.56216430664062,82488700
2024-01-03,182.15808112880916,183.79950485996184,181.37691491631995,182.187744140625,58414500
2024-01-04,180.1112512492328,181.04073256447913,178.85547678867908,179.8739471435547,71983600
2024-01-05,179.95306152436652,180.71443234786256,178.1534248404595,179.15211486816406,62379700
2024-01-08,180.0519005320401,183.52262348166371,179.46850790157933,183.48306274414062,59144500
2024-01-09,181.86143345023166,183.07766218215258,180.68475037086026,183.06777954101562,42841800
2024-01-10,182.2866013010497,184.31364385660615,181.8614063874065,184.1060028076172,46792900
2024-01-11,184.4521049955326,184.9564063690912,181.5647895230864,183.5127410888672,49128400
2024-01-12,183.97748271061099,184.64987951630312,183.11722519297732,183.83905029296875,40477800
2024-01-16,180.1211286782067,182.19761480887055,178.90488492167398,181.57467651367188,65603000
2024-01-17,179.241077797599,180.88248621338644,178.28193364707266,180.63528442382812,47317400
2024-01-18,184.00715864056133,187.0230241166397,183.7500741577492,186.51873779296875,78005800
2024-01-19,187.21087293560348,189.80154302609114,186.7065866846462,189.41590881347656,68903000
2024-01-22,190.147618364531,193.1437028283241,190.10805762916755,191.71981811523438,60133900
2024-01-23,192.83720939883855,193.55903452389106,191.66052626402544,192.9954071044922,42355600
2024-01-24,193.232744842077,194.18200660712424,192.16483101440033,192.3230438232422,53631300
2024-01-25,193.03497008475262,194.07322080915367,190.94858599423335,191.99671936035156,54822100
2024-01-26,192.09559590318426,192.58010181757646,189.7916731135176,190.26629638671875,44594000
2024-01-29,189.86087972294905,190.04875551955823,187.4580852833725,189.58401489257812,47145600
2024-01-30,188.80286821503816,189.65324309628332,185.37170567810733,185.93531799316406,55859400
2024-01-31,184.94651023142666,185.00585134318092,182.28663127585358,182.3360595703125,55467800
2024-02-01,181.93065217781273,184.857513201702,181.7625567551165,184.76852416992188,64885400
2024-02-02,177.84689023760967,185.23328233515724,177.2437171517322,183.7698516845703,102551700
2024-02-05,186.04407104136263,187.13176501057416,183.75992879401906,185.57933044433594,69668800
2024-02-06,184.76852130142626,187.19109601961685,184.67953227102765,187.18121337890625,43490800
2024-02-07,188.50622203381667,188.91163664571195,186.49894443287428,187.2899932861328,53439000
2024-02-08,187.27017394237066,187.4184889704896,185.25301411995903,186.212158203125,40962000
2024-02-09,186.77653768433356,188.10324181676,186.1329987846296,186.9745635986328,45155200
2024-02-12,186.54880424779185,186.796321504533,184.9349868995182,185.29141235351562,41781900
2024-02-13,183.92513863049606,184.36077144619387,181.68757282391297,183.20237731933594,56529500
2024-02-14,183.47962222785034,183.68752828939827,180.62821823999963,182.32122802734375,54630500
2024-02-15,181.7271539268571,182.65782113209212,179.54900531664387,182.03407287597656,65434500
2024-02-16,181.5984737728991,183.0142804515248,179.86585283584154,180.49949645996094,49752500
2024-02-20,179.98465441119404,180.6182980286837,178.2124373755958,179.75694274902344,53665600
2024-02-21,180.13313788058667,181.07370031307843,178.86585089859204,180.50936889648438,41371400
2024-02-22,181.65787110291916,183.1231842228548,180.64801151557128,182.53903198242188,52292200
2024-02-23,183.17267506039363,183.20237592421455,180.42028422645075,180.70741271972656,45119700
2024-02-26,180.43017719516277,180.94500218994074,178.8559560281093,179.36090087890625,40867400
2024-02-27,179.30151026553332,182.09349711935678,177.77679547469845,180.81631469726562,54318900
2024-02-28,180.69748823755316,181.30143093346823,178.34113428414614,179.61831665039062,48953900
2024-02-29,179.46979611956436,180.75688872813024,177.74707077204522,178.9549560546875,136682600
2024-03-01,177.76691576574171,178.7371792855814,175.61846756104012,177.87582397460938,73563100
2024-03-04,174.40064432483445,175.14319605787904,172.06408093389737,173.361083984375,81510100
2024-03-05,169.0641855800497,170.33147275577412,167.93550746706842,168.4305419921875,95132400
2024-03-06,169.36119643359416,169.53941670485264,167.00482743895031,167.44046020507812,68587700
2024-03-07,167.47017484778516,169.0344857697736,166.81674075207243,167.32167053222656,71765100
2024-03-08,167.32166963491963,171.9749911536114,167.26226790901475,169.03448486328125,76267000
2024-03-11,171.2225546353428,172.6482565736913,170.34139373001014,171.03443908691406,60139500
2024-03-12,171.43048197939208,172.30174774042325,169.3117344210043,171.5096893310547,59825400
2024-03-13,171.05423942259554,171.4700666239107,169.06419090034882,169.43052673339844,52488700
2024-03-14,171.19284931228447,172.57893998999515,170.34138929390355,171.28195190429688,72913500
2024-03-15,169.47011882986195,170.9057159423828,168.59885322457814,170.9057159423828,121752700
2024-03-18,173.82644596151624,175.94519331439105,171.79680120539754,171.99481201171875,75604200
2024-03-19,172.6086342803731,174.85609525037736,171.31164624406932,174.33135986328125,55215200
2024-03-20,173.97495931074826,176.89566040039062,173.35121088659923,176.89566040039062,53423100
2024-03-21,175.29172116809335,175.72735394947048,169.14338597139206,169.66812133789062,106181300
2024-03-22,170.05425166968308,171.33144918231721,168.37113733503185,170.569091796875,71160100
2024-03-25,168.87610215909345,170.23249206020807,167.76721443821097,169.1533203125,54288300
2024-03-26,168.3117257823714,169.71762191427138,167.89589862566189,168.0246124267578,57388400
2024-03-27,168.71767294274684,171.87599567632833,168.42064920188324,171.5888671875,60273300
2024-03-28,170.0443614510728,170.51959037094832,168.81667037520143,169.77703857421875,65672700
2024-04-01,169.48992969134684,169.54933141950085,167.79690490268092,168.34144592285156,46240500
2024-04-02,167.40084523242243,167.6582576982894,166.55928065565234,167.16322326660156,49329500
2024-04-03,167.11374996517486,168.98497988400436,166.90584392266877,167.9652099609375,47691700
2024-04-04,168.59885072968464,170.21266810452119,167.14346313476562,167.14346313476562,53704400
2024-04-05,167.90579979250484,168.69785802201392,167.27215623034843,167.89590454101562,42104800
2024-04-08,167.3513719945941,167.51968192191484,166.5692240844266,166.77713012695312,37425500
2024-04-09,167.02464767080627,168.39094781013864,166.67813256359855,167.98501586914062,42373800
2024-04-10,167.12364410431726,167.41075745661644,165.4504251384005,166.11376953125,49709300
2024-04-11,166.6682071669761,173.71750852250418,166.49000200344838,173.30166625976562,91070300
2024-04-12,172.5294102738014,176.58869902312352,172.47991891196477,174.7966766357422,101670900
2024-04-15,173.6185038309996,174.8758957155582,170.78690583147454,170.9750213623047,73531800
2024-04-16,170.0443499195711,172.03438316124112,166.59891404642835,167.69789123535156,73711200
2024-04-17,167.92563121825307,168.95529649982927,166.3316192626953,166.3316192626953,50901200
2024-04-18,166.36130787024413,166.96525061902096,164.89600984807865,165.38113403320312,43122900
2024-04-19,164.559379327856,164.74747975255278,162.45052746983075,163.36138916015625,68149400
2024-04-22,163.87623994630854,165.59895049362888,163.1336881290828,164.19305419921875,48116400
2024-04-23,163.70792820716713,165.39104261951863,163.28219064755024,165.24252319335938,49537800
2024-04-24,164.88609429896647,167.6186945681344,164.55938480415762,167.3414764404297,48251800
2024-04-25,167.84642483703811,168.91570135131437,166.48012455092012,168.20285034179688,50558300
2024-04-26,168.19292468782604,169.63841695172266,167.49986430971396,167.61868286132812,44838400
2024-04-29,171.64824848286057,174.2818355072499,171.38094074443057,171.77696228027344,68169400
2024-04-30,171.6086497890361,173.25216784182598,168.3117184327478,168.63844299316406,65934800
2024-05-01,167.8959009696714,170.9948217396029,167.43056733625505,167.61868286132812,50383100
2024-05-02,170.79680537480178,171.69777183075684,169.19289835753364,171.3116455078125,94214900
2024-05-03,184.7963833456082,185.14291355827163,180.84601747897057,181.55886840820312,163224100
2024-05-06,180.53910014061182,182.3707188474722,178.62825898838415,179.90545654296875,78569700
2024-05-07,181.6281373821679,183.0637342712393,179.51930088998813,180.58856201171875,77305800
2024-05-08,181.03414013837894,181.25195654794928,179.6480343404535,180.92523193359375,45057100
2024-05-09,180.74701199258516,182.82616313989396,180.30148392023486,182.737060546875,48983000
2024-05-10,183.31206939842306,183.50044009541958,180.56586910059414,181.47796630859375,50759500
2024-05-13,183.8474543189662,185.49320196467926,183.03448917069318,184.68023681640625,72044800
2024-05-14,185.89964252722956,186.68286641073877,184.69011878206607,185.82032775878906,52393600
2024-05-15,186.2962297111884,189.01268886802714,185.76085876781028,188.09068298339844,70400000
2024-05-16,188.83423487080034,189.458829238671,188.03119361367854,188.2096405029297,52845200
2024-05-17,187.8824709799172,189.1713095252472,187.55530322495105,188.2393798828125,41282900
2024-05-20,187.70404687859929,190.2718004798306,187.3867877585141,189.39935302734375,44361300
2024-05-21,189.44888573499304,191.07480055486454,189.28034753675723,190.6980743408203,42309400
2024-05-22,190.61877317517173,191.16405275409193,188.63594934473116,189.26052856445312,34648500
2024-05-23,189.3398501117122,189.35968258649532,185.02721720275102,185.2750701904297,51005900
2024-05-24,187.19839293954828,188.94327235106317,186.4250777783575,188.34841918945312,36327000
2024-05-28,189.86530324069457,191.3425125399711,187.4760118609873,188.35836791992188,52280100
2024-05-29,187.98163930401122,190.59896650948673,187.88249204796585,188.65579223632812,53068000
2024-05-30,189.12175436970267,190.52955764421512,188.99288109200768,189.64720153808594,49889100
2024-05-31,189.79592715782175,190.91622762632966,188.27906791647348,190.59896850585938,75158300
2024-06-03,191.24336235629542,193.31542486412093,190.86663609575578,192.36366271972656,50080500
2024-06-04,192.96842627855952,193.64259428823095,191.3722523931234,192.68092346191406,47471400
2024-06-05,193.7218709101011,195.20898869639487,193.19642383583022,194.18783569335938,54156800
2024-06-06,194.0094143560484,194.8124556459051,192.5024638984892,192.80979919433594,41181800
2024-06-07,192.97835865372278,195.24870082767134,192.47274393017977,195.19912719726562,53103900
2024-06-10,195.20899197297106,195.60556579928584,190.49978557066368,191.46145629882812,97010200
2024-06-11,191.98693938600363,205.38092599962496,191.96712203677995,205.37100219726562,172373300
2024-06-12,205.58908283581826,218.30889945026047,205.1231180281253,211.24014282226562,198134300
2024-06-13,212.89583726969443,214.8885701210212,209.78280391780314,212.40013122558594,97862700
2024-06-14,212.01346682824212,213.32212283006638,209.48536314811375,210.66514587402344,70122700
2024-06-17,211.53754196526575,217.06962191331422,210.89313031273133,214.8092041015625,93728300
2024-06-18,215.7213082393038,216.7523850703462,211.17073132176122,212.44964599609375,79943300
2024-06-20,212.09275812722348,212.40010854906527,207.0563985691976,207.87925720214844,86172500
2024-06-21,208.58315742215362,210.07027533194446,205.33132746963062,205.70806884765625,241805100
2024-06-24,205.93608683303725,210.87331399723786,204.8157865138524,206.35247802734375,80727000
2024-06-25,207.35382052419757,209.56468024841507,206.8184646829133,207.27452087402344,55549700
2024-06-26,209.68360834691896,213.01475280094434,208.83099354238436,211.4185791015625,66213200
2024-06-27,212.84622088780682,213.88720639689362,210.52632069800987,212.26129150390625,49772700
2024-06-28,213.91693728719588,214.21436386520998,208.49391330369318,208.8111572265625,82542700
2024-07-01,210.26855134899324,215.64200216221636,210.10001313722785,214.88853454589844,60402900
2024-07-02,214.2936836981781,218.4873670751859,213.25271326862932,218.37831115722656,58046200
2024-07-03,218.1106471909744,219.6473388671875,217.14897630904898,219.6473388671875,37369800
2024-07-05,219.74645469045154,224.50523511983306,219.74645469045154,224.39617919921875,60412400
2024-07-08,225.13973799267995,225.89322076278884,221.3327197032473,225.8634796142578,59085900
2024-07-09,225.9725055332989,227.42988222637766,224.4259054004998,226.716064453125,48076100
2024-07-10,227.33078272427315,231.07831900756045,227.28120909695775,230.9791717529297,62627700
2024-07-11,229.40280147827102,230.39421338925845,223.83107137940016,225.61561584472656,64710600
2024-07-12,226.9540066999144,230.64206011910093,226.71606240173486,228.56008911132812,53046500
2024-07-15,234.44908623752588,235.1926451763578,231.08820043911544,232.38694763183594,62631300
2024-07-16,232.98179160349451,234.24088892580107,230.3347237014565,232.8033447265625,43234300
2024-07-17,227.47946461019197,229.47221227385296,224.69359950369105,226.91436767578125,57345900
2024-07-18,228.3023493485251,228.46097889584826,220.36114484151935,222.25473022460938,66034600
2024-07-19,222.88926630632307,224.85225794685087,221.36248326433122,222.38363647460938,49151500
2024-07-22,225.06041535891617,225.82380677595344,221.174082433242,222.03662109375,48201800
2024-07-23,222.44310313331528,224.9910392063895,220.7676144514488,223.07760620117188,39960300
2024-07-24,222.07627816799848,222.86941075843336,215.26528287042115,216.6631622314453,61777600
2024-07-25,217.0497975364767,218.95332167523742,212.77681471652627,215.62217712402344,51391200
2024-07-26,216.82180047841348,217.60502442671483,214.15489978899527,216.08816528320312,41601300
2024-07-29,215.09674706599597,217.41664743865044,213.8971319294418,216.36575317382812,36311800
2024-07-30,217.3075942808937,218.43780333279796,214.26395224147618,216.9209442138672,41643800
2024-07-31,219.5382417741392,221.8978068103832,218.73520059867647,220.17274475097656,50036300
2024-08-01,222.44309097566543,222.55214689360594,215.15622233135366,216.48471069335938,62501000
2024-08-02,217.26790792406092,223.6625266661827,215.8402875210575,217.97181701660156,105568600
2024-08-05,197.38018251460616,211.6664309709882,194.3167235143498,207.47276306152344,119548600
2024-08-06,203.53688424769564,208.18660889381388,199.3432157724579,205.45030212402344,69660500
2024-08-07,205.1231000541341,211.8052211847486,204.61748547057303,208.01803588867188,63516400
2024-08-08,211.27980900719393,212.36044444161047,207.0365669160157,211.47808837890625,47161100
2024-08-09,210.2784745623819,214.91827509282652,210.1495861717322,214.38291931152344,42201600
2024-08-12,214.46235526228747,217.87674748817912,213.99585104906322,215.91148376464844,38028100
2024-08-13,217.380462936734,220.2390393048837,217.380462936734,219.6236572265625,44155300
2024-08-14,218.9288446755302,221.37053243582614,218.06530765715263,220.07028198242188,41960600
2024-08-15,222.9288713384501,223.67329096872731,221.10255033510867,223.0479736328125,46414000
2024-08-16,222.25391598005478,225.14226768918678,221.98592068094572,224.36807250976562,44340200
2024-08-19,224.04054098731652,224.30853630427512,221.38047353975193,224.2092742919922,40687800
2024-08-20,224.09017687092657,225.4797542015927,223.7725505409132,224.8246612548828,30299000
2024-08-21,224.8345868015738,226.28371522001356,223.37552309496598,224.71546936035156,34765500
2024-08-22,226.09511339685906,226.64102413052154,222.2340576918725,222.859375,43695300
2024-08-23,223.9809934126029,226.5219434569281,222.66088738350675,225.15220642089844,38677300
2024-08-26,225.07276614784877,225.58890128123517,222.22412549030662,225.48963928222656,30602200
2024-08-27,224.31844891527626,227.14724957253156,223.21670725505913,226.33334350585938,35934600
2024-08-28,226.22414704916858,228.14971479709,224.0008084384826,224.80479431152344,38052200
2024-08-29,228.38793686624163,231.18694665641485,227.17701311839377,228.08023071289062,51906300
2024-08-30,228.4772755570311,228.68570457235603,225.78743262658827,227.29612731933594,52990800
2024-09-03,226.84948058831634,227.2961293418145,219.52438650802387,221.11248779296875,50190600
2024-09-04,220.01074262314262,220.12984491677884,215.86183603349318,219.20677185058594,43840200
2024-09-05,219.9809679444758,223.80231295165626,219.87178579311316,220.7253875732422,36615400
2024-09-06,222.28368749781316,223.56409767944487,218.13479623481732,219.17698669433594,48423000
2024-09-09,219.17700018247805,219.6236489368284,215.09757995493325,219.26632690429688,67180000
2024-09-10,217.29112653781655,219.83207646515766,215.1174187834135,218.47227478027344,51591000
2024-09-11,219.81224273641337,221.4301044903715,216.26879790334314,221.00331115722656,44587100
2024-09-12,220.84449248276735,221.8866830044339,218.1844402475294,221.11248779296875,37455600
2024-09-13,221.91644846858938,222.37301734416337,220.25887596851652,220.844482421875,36766600
2024-09-16,214.92882889414335,215.60377723416104,212.32832783334672,214.71047973632812,59357400
2024-09-17,214.14471619981742,215.28615358843467,212.904016801209,215.17697143554688,45519300
2024-09-18,215.931307109631,221.05291740528648,215.92137182236397,219.04794311523438,59894900
2024-09-19,223.31597824995185,228.11004268622213,222.95865620671253,227.16709899902344,66781300
2024-09-20,228.2589097535001,231.3556905514529,225.92638886705737,226.5020751953125,318679900
2024-09-23,225.64844919522082,227.74275012420983,224.12983453268782,224.78492736816406,54146000
2024-09-24,226.94871280288095,227.64351653597865,224.05044101841318,225.67823791503906,43556100
2024-09-25,223.2564112941643,225.59885242729763,222.3531936181764,224.68569946289062,42308700
2024-09-26,225.60876888531146,226.7998372114188,223.73283210674714,225.82713317871094,36636700
2024-09-27,226.76013618443497,227.81224676693589,225.60876359989413,226.09510803222656,34026000
2024-09-30,228.3283747151782,231.266357421875,227.9412771261621,231.266357421875,54541900
2024-10-01,227.81225543239978,227.9412778656533,222.07526286618742,224.52688598632812,63285000
2024-10-02,224.20925878310885,225.67824256269316,221.360617941662,225.09263610839844,32880600
2024-10-03,223.4648504260935,225.12242301224842,221.65839996957536,223.99090576171875,34044200
2024-10-04,226.20430944090455,226.30357145139808,222.46237094034984,225.1125030517578,37245100
2024-10-07,222.82963268641961,224.01078104684052,219.68322053674163,220.04054260253906,39505400
2024-10-08,222.63108533790577,224.29857792676054,221.58889489724396,224.09014892578125,31855700
2024-10-09,223.55419337095574,228.04056698162543,223.15717559100585,227.83212280273438,33591100
2024-10-10,226.0851807689644,227.7923841625437,225.47971892420364,227.33580017089844,28183500
2024-10-11,227.59388209213523,227.7030642360917,225.64845893034402,225.85690307617188,31759200
2024-10-14,226.99836439928595,230.00581860221664,226.89911753216435,229.5790252685547,39882100
2024-10-15,231.87182665313995,235.7229623804217,230.6410474142004,232.11004638671875,64751400
2024-10-16,229.87678174389526,230.3929017691756,228.12986736523644,230.05543518066406,34082200
2024-10-17,231.6931740173152,232.11006236609234,228.80483716826546,230.42269897460938,32993800
2024-10-18,234.4226930307779,234.4226930307779,232.26884075534687,233.25148010253906,46431500
2024-10-21,232.7055644739604,235.08771628667242,232.7055644739604,234.720458984375,36254500
2024-10-22,232.14972869721714,234.46239402859047,230.8693336731526,234.10507202148438,38846600
2024-10-23,232.33833466706656,233.39044533687328,226.0653512199268,229.04302978515625,52287000
2024-10-24,228.26882480795348,229.10258628095696,226.71051430099084,228.8544464111328,31109500
2024-10-25,228.03062932515897,231.484732210271,227.86189602437614,229.68820190429688,38802300
2024-10-28,231.5839844241638,232.98348177622344,230.81970938626554,231.6633758544922,36087100
2024-10-29,231.36561495313973,232.5864588417728,230.59141979007921,231.93136596679688,35417200
2024-10-30,230.87925826342104,231.7328600109945,227.8420287171323,228.387939453125,47070900
2024-10-31,227.63359787833264,228.11995749798112,223.69313535160188,224.2291259765625,64370100
2024-11-01,219.32586653780092,223.67328184782377,218.6310779402587,221.25143432617188,65276700
2024-11-04,219.34570882983752,221.13230364643434,218.07523400035532,220.3581085205078,44944500
2024-11-05,220.14969745378525,222.28369429475046,219.49460455688452,221.78741455078125,28111300
2024-11-06,220.95368405362794,224.3879467919736,219.54425129715867,221.0628662109375,54561100
2024-11-07,222.95864433437472,226.18446269494834,222.89909318788202,225.7874298095703,42137700
2024-11-08,225.72780810336752,227.20835428792034,224.9726384261151,225.51914978027344,38328800
2024-11-11,223.57158868270503,224.26714170400084,220.0938084143074,222.8064727783203,42005600
2024-11-12,223.12444853772337,224.15783943194586,221.9420008205612,222.8064727783203,40398300
2024-11-13,222.5878574334345,225.21109667354565,221.3457931121334,223.69081115722656,48566200
2024-11-14,223.59146688403666,227.41701609796436,223.57158960851197,226.77114868164062,44923900
2024-11-15,224.96268496170848,225.4793879673537,222.84621765747355,223.5715789794922,47923700
2024-11-18,223.82001439888424,228.28151537171908,223.74052045447314,226.5724334716797,44633700
2024-11-19,225.53901477922054,228.6988344551977,225.22105418122663,226.8307647705078,36211800
2024-11-20,226.61215353970658,228.47027695087482,224.45593165289552,227.5461883544922,35169600
2024-11-21,227.42695953023323,228.69883223369175,224.2770861035494,227.06924438476562,42108300
2024-11-22,226.6121530455377,229.25526960886552,226.6121530455377,228.41065979003906,38168300
2024-11-25,229.99059491471002,231.76922452168117,228.2815130321861,231.39163208007812,90152800
2024-11-26,231.84870566104107,234.07449047305911,231.84870566104107,233.56771850585938,45986200
2024-11-27,232.98149686010998,234.19375305105456,232.3256831511884,233.43856811523438,33498400
2024-11-29,233.31931239062584,236.3002669685808,232.48464874765904,235.8233184814453,28481400
2024-12-02,235.76367580720535,239.26131787624368,235.65437354492806,238.06893920898438,48137100
2024-12-03,238.28756099978403,241.21882985808793,237.3833345065081,241.10952758789062,38861000
2024-12-04,241.32812877991805,242.5602620666903,239.71841824290905,241.4672393798828,44383900
2024-12-05,242.44105143123323,242.98754766386446,240.59285890906452,241.4970703125,40033900
2024-12-06,241.36788746709487,243.0769692456264,240.5431549096241,241.29832458496094,36870600
2024-12-09,240.29472379037958,245.67038159068719,240.21522985765637,245.18348693847656,44649200
2024-12-10,245.32261857013248,246.63424582967986,243.7824557106041,246.19703674316406,36914800
2024-12-11,246.38582450957213,249.2077910379196,244.69660488558225,244.92515563964844,45205800
2024-12-12,245.32261935264157,247.1608807008323,244.12029436088807,246.38583374023438,32777500
2024-12-13,246.24670376010008,247.7073574078961,244.6767326870094,246.5547332763672,33155300
2024-12-16,246.4156487620838,249.7841268474892,246.07779571830554,249.44627380371094,51694800
2024-12-17,248.49234928857376,252.2185421189052,248.19425082976375,251.87075805664062,51356400
2024-12-18,250.559158393614,252.66569465886903,246.16722071424974,246.47525024414062,56774100
2024-12-19,245.92873792847348,250.400169527173,245.5213371883983,248.20419311523438,60882300
2024-12-20,246.4653249902114,253.3811464831127,244.13025293349912,252.8743896484375,147495300
2024-12-23,253.15260355822258,254.02700659111463,251.84097626600598,253.64942932128906,40858800
2024-12-24,253.868019379837,256.5707374276886,253.66927695641888,256.5608215332031,23234700
2024-12-26,256.55083207826743,258.44870970386563,255.9943897750778,257.37554931640625,27237100
2024-12-27,256.19314630806485,257.05764856283577,251.45343969164696,253.96737670898438,42355300
2024-12-30,250.6287158030117,251.890657464443,249.15811581542044,250.59890747070312,35557500
2024-12-31,250.83739579916153,251.6720594492945,247.84649497663966,248.83021545410156,39480700
2025-01-02,247.34967754084445,247.51861164989126,240.2848294479123,242.30194091796875,55740700
2025-01-03,241.8150177001953,242.6298040057451,240.3543488544026,241.8150177001953,40244100
2025-01-06,242.75900387005615,245.7598357483754,241.6560500607284,243.4446258544922,45045600
2025-01-07,241.4374487975533,243.9911405526811,239.81780708502322,240.67234802246094,40856000
2025-01-08,240.3841632667122,242.16280789951685,238.52603985831155,241.15921020507812,37628900
2025-01-10,238.48628640867517,238.63534322792128,231.52079498772144,235.3463592529297,61710900
2025-01-13,232.04743903723335,233.18020116738663,228.26162915914,232.9119110107422,49630700
2025-01-14,233.25969544364762,234.62099318079112,230.99417118008773,231.7990264892578,39435300
2025-01-15,233.1503884256181,237.4429702030776,232.94171493841435,236.35987854003906,39832000
2025-01-16,235.8432019589194,236.4990004602556,226.58236221549976,226.81089782714844,71759100
2025-01-17,230.6463874145182,230.8153063545454,227.02949646555186,228.5199737548828,68488300
2025-01-21,222.57794445660952,222.99527628303537,217.9872792040061,221.22657775878906,98070400
2025-01-22,218.39465138442915,222.6971640978084,218.39465138442915,222.4090118408203,64126500
2025-01-23,223.3132271476291,225.5886822440662,220.88871524000126,222.24008178710938,60234800
2025-01-24,223.35297985225768,224.19758968028435,220.00437919561992,221.3656768798828,54697900
2025-01-27,222.59782027357136,230.67619691244207,222.55806572164707,228.40074157714844,94863400
2025-01-28,229.38444497187513,238.66514594376807,229.3446904229109,236.7473907470703,75707600
2025-01-29,232.63369919180946,238.33726462451705,232.52439691334908,237.84043884277344,45486100
2025-01-30,237.1548105184623,239.26134692510684,235.7040877651042,236.0816650390625,55658300
2025-01-31,245.62070152543137,245.62070152543137,231.9579942451269,234.50173950195312,100959800
2025-02-03,228.52991033796462,230.35822543026035,224.2671369795404,226.56246948242188,73063300
2025-02-04,225.80729852188347,231.64997406812495,225.21110156992967,231.3220672607422,45067300
2025-02-05,227.0791817096477,231.19289841511937,226.82083777153602,230.99417114257812,39620300
2025-02-06,229.8216550685821,232.31573010563136,228.96711414866223,231.73941040039062,29925300
2025-02-07,231.1233398047693,232.51444580894437,225.81722939017394,226.1848907470703,39707200
2025-02-10,228.36338248973718,229.378010419489,226.00582893863492,226.45346069335938,33115600
2025-02-11,227.000572314181,233.99362125199642,226.93094812871882,231.3973388671875,53718400
2025-02-12,229.98481838871234,235.71455375787428,229.4675472393098,235.62501525878906,45243300
2025-02-13,235.66481592241834,241.06626881430705,234.33186254170715,240.26052856445312,53614100
2025-02-14,239.9819634692372,244.2593652320747,239.72333552212132,243.31436157226562,40896200
2025-02-18,242.86673323889264,243.89131830963376,240.56887710589865,243.18505859375,48822500
2025-02-19,243.37405904734027,244.7169542759842,241.88194311867716,243.58294677734375,32204200
2025-02-20,243.6525813389452,245.4829065325138,243.00598867544505,244.53790283203125,32316900
2025-02-21,244.6572756706751,247.38287960480025,243.93111682470231,244.25938415527344,53197400
2025-02-24,243.64263125957103,247.551982922016,243.1353173033831,245.80123901367188,51326400
2025-02-25,246.69650753214344,248.68599549611233,243.62275227067275,245.74154663085938,48013300
2025-02-26,243.04579925662603,243.6923767743236,237.87313357927937,239.09666442871094,44433600
2025-02-27,238.1516754344793,241.18564780716906,235.81402085750776,236.05276489257812,41153600
2025-02-28,235.70461066592262,240.8175947155692,228.99008801352306,240.56890869140625,56833400
2025-03-03,240.51913191748446,242.7473638198223,234.8689935924468,236.77890014648438,47184000
2025-03-04,236.46059966619734,238.80819608105105,233.44651142335266,234.68994140625,53798100
2025-03-05,234.18262069274581,235.30668622205877,228.02515316620742,234.50094604492188,47227600
2025-03-06,233.20778757123546,236.60981025581015,231.93451645578955,234.09310913085938,45170400
2025-03-07,233.87426828677374,240.10136041796665,233.5261018066448,237.81346130371094,46273600
2025-03-10,234.30198127309518,234.91873283818802,223.041487749586,226.2843475341797,72071200
2025-03-11,222.63365113389432,224.65298022983382,216.30707871737093,219.67926025390625,76137400
2025-03-12,218.98296406915986,220.58450266635003,213.78045671174684,215.83956909179688,62547500
2025-03-13,214.81497612462363,215.70029772842102,207.3245545879158,208.5779266357422,61368300
2025-03-14,210.13965751241793,212.82546311709572,208.47843695256688,212.36788940429688,60107600
2025-03-17,212.18885305172668,214.08881784956162,208.86641153353526,212.87522888183594,48073400
2025-03-18,213.0343879953175,214.019174884069,210.3784232206469,211.57211303710938,42432400
2025-03-19,213.09407567170305,217.6102070663037,212.6265447449941,214.1087188720703,54385400
2025-03-20,212.86527847830126,216.3468825511506,211.10457731145533,212.97470092773438,48862900
2025-03-21,210.4480334492585,217.68976839110027,210.16950634984832,217.12277221679688,94127800
2025-03-24,219.8384246082871,220.3158974796034,217.4311459430569,219.56983947753906,44299500
2025-03-25,219.60965673355645,222.92215637067883,218.9232808837126,222.57398986816406,34493600
2025-03-26,222.33523531503357,223.83730853242594,219.3112201065871,220.3656463623047,34466100
2025-03-27,220.22636977863218,223.80745418869535,219.40073045135125,222.67344665527344,37094800
2025-03-28,220.50491967808455,222.63367141455515,216.53588531144595,216.75473022460938,39818600
2025-03-31,215.86937928840504,224.4341253115235,215.09348022110552,220.9624786376953,65299300
2025-04-01,218.65468232589998,222.50433685640354,217.749461617725,222.0169219970703,36412700
2025-04-02,220.15675729790527,224.00641185945875,219.8583310514353,222.71324157714844,35905900
2025-04-03,204.45966369883956,206.39942653372108,200.19221885499383,202.1220245361328,103419000
2025-04-04,192.87092693410324,198.82944937179326,186.35535024633944,187.389892578125,125910900
2025-04-07,176.26863687444822,193.12954493623218,173.70219548773406,180.50625610351562,160466300
2025-04-08,185.71872345097177,189.3395914266431,168.32065857366717,171.51377868652344,120859500
2025-04-09,171.04623198001363,199.55559936553783,170.98654976711688,197.8048553466797,184395900
2025-04-10,188.0762635840202,193.7562435722064,182.0381599544528,189.41915893554688,121880000
2025-04-11,185.12186726950821,198.49121408156802,185.0820690088969,197.1085205078125,87435900
2025-04-14,210.32866545443895,211.82078139531484,200.10269875392328,201.45555114746094,101352900
2025-04-15,200.7990180691496,202.44033954558066,198.74984792281177,201.07754516601562,51343900
2025-04-16,197.31743142832593,199.64512887500646,191.35890907242805,193.24893188476562,59732400
2025-04-17,196.16351652823,197.78495412822454,193.39812938355274,195.94467163085938,52164700
2025-04-21,192.25418258208256,192.78139570274652,188.8123615658979,192.14476013183594,46742500
2025-04-22,195.08918671811182,200.53043756485187,194.93998119085117,198.69017028808594,52976400
2025-04-23,204.9172632087338,206.9067512010516,201.7340854567431,203.52462768554688,52929200
2025-04-24,203.81310578126346,207.73239972806866,201.87335793866913,207.27481079101562,47311000
2025-04-25,205.2852994626612,208.64753879478604,205.11619481641537,208.1800079345703,38222300
2025-04-28,208.89624364686077,210.38835967290976,206.3696005213303,209.03550720214844,38743100
2025-04-29,207.59312493762445,211.12446912484504,207.27479957627347,210.09988403320312,36827600
2025-04-30,208.19992461631293,212.4574277707069,205.5837430092506,211.3831024169922,52286500
2025-05-01,207.98108655162656,213.43227966302132,207.80202473083082,212.1988067626953,57365700
2025-05-02,205.0067917796952,205.9020705063368,201.09745506032002,204.27069091796875,101010600
2025-05-05,202.03251395918386,203.02725796650907,197.1682163705072,197.84463500976562,69018500
2025-05-06,197.1682179665783,199.59538061408486,195.98447015970467,197.4666290283203,51216500
2025-05-07,198.1231564563361,198.39174158064424,192.23427392267118,195.218505859375,68536700
2025-05-08,196.68078271707188,198.99853803284546,193.65675249053749,196.45199584960938,50478900
2025-05-09,197.95405738682032,199.48595647897335,196.50172445806652,197.4865264892578,36453900
2025-05-12,210.13634313336473,210.435160708662,205.93301745006437,209.95704650878906,63775800
2025-05-13,209.59847136477597,212.55673652410627,208.17412935394688,212.08859252929688,51909300
2025-05-14,211.5905625216416,213.09460539099953,209.7478820292828,211.490966796875,49325800
2025-05-15,210.11641669484823,212.11848379882832,208.71198473801002,210.61444091796875,45029500
2025-05-16,211.52086084946143,211.73003772257164,208.94109887256835,210.42520141601562,54737900
2025-05-19,207.0884445111699,208.65223273202483,203.45285841572866,207.9550018310547,46140500
2025-05-20,206.84938410987283,207.64622592622177,204.2198167548668,206.04258728027344,42496600
2025-05-21,204.3592586621154,206.22186440009241,199.91689108628387,201.2914276123047,59211800
2025-05-22,199.91689038506837,201.94882252859867,198.91087172706415,200.56431579589844,46742400
2025-05-23,192.9047141233614,196.9187884239126,192.69555244631704,194.49839782714844,78432900
2025-05-27,197.51641281084125,199.94677348688452,196.64984031499387,199.4188690185547,56288500
2025-05-28,199.79736291846774,201.9289060786693,199.11008702875665,199.62803649902344,45339700
2025-05-29,202.77554227533128,203.0046291598645,197.72556941325453,199.15988159179688,51396800
2025-05-30,198.5821728136608,201.1619498266407,196.00241099917397,200.05633544921875,70819900
2025-06-02,199.4885975362889,201.3312933884623,199.3292261245183,200.90298461914062,35423300
2025-06-03,200.55435521702816,202.9647905668523,200.16589694161215,202.46676635742188,46381600
2025-06-04,202.10819540070028,205.42503857555045,201.30139858491114,202.0185546875,43604000
2025-06-05,202.69584267027508,203.9409031289377,199.35907456166248,199.83718872070312,55126100
2025-06-06,202.19783403313102,204.8871617909174,201.2515910514923,203.11419677734375,46607700
2025-06-09,203.58233063284266,205.18596915505242,199.22960401477,200.65394592285156,72862600
2025-06-10,199.8073282051838,203.54250994980842,199.77744796710627,201.869140625,54672600
2025-06-11,202.69585666840098,203.69190510411792,197.62597377823997,197.9945068359375,60989900
2025-06-12,198.29333609984755,198.890956077424,196.58013147350607,198.41285705566406,43904600
2025-06-13,198.94074360607502,199.57821397711425,194.92666975119658,195.6737060546875,51447300
2025-06-16,196.52037110088898,197.90487790098294,195.78328974313985,197.6359405517578,43020700
2025-06-17,196.42074594971083,197.60604600468164,194.43861931524052,194.86691284179688,38856200
2025-06-18,195.16575220236885,196.78931617646225,194.29919484122428,195.80322265625,45394700
2025-06-20,197.45666110928434,200.90298042554332,196.08210930882012,200.20574951171875,96813500
2025-06-23,200.83325703321927,201.50060768152076,198.17380945321412,200.70376586914062,55814300
2025-06-24,201.78944331230142,202.63609053842802,199.40888822531906,199.5084991455078,54064000
2025-06-25,200.6539381013163,202.8651666655851,199.82721614273908,200.7635040283203,39525700
2025-06-26,200.63404307360597,201.8392684520338,198.67184150130464,200.20574951171875,50799100
2025-06-27,201.09222774816857,202.41697405518968,199.20969672208463,200.28543090820312,73188600
2025-06-30,201.21175129212304,206.570497066428,198.47261792694385,204.35926818847656,91912800
2025-07-01,205.85332972802502,209.35942450018746,205.3254252695324,206.99879455566406,78788900
2025-07-02,208.08449026524102,212.49697770796604,207.31752868499885,211.6005401611328,67941800
2025-07-03,211.31168447150716,213.80180573654258,210.97303162710094,212.70616149902344,34955800
2025-07-07,211.83958469799765,215.37555986284275,207.97492690746134,209.12037658691406,50229000
2025-07-08,209.26980118177752,210.59453234535175,207.62631199643187,209.18014526367188,42848900
2025-07-09,208.70202548866368,210.49491569520316,206.40115605631001,210.3056640625,48749400
2025-07-10,209.67817732396114,212.63644276910486,209.20007826975964,211.5706787109375,44443600
2025-07-11,209.73792710960444,211.29176024279,209.03072603053,210.32559204101562,39765800
2025-07-14,209.10046017794556,210.0765986782557,206.71990480407712,207.79563903808594,38840100
2025-07-15,208.39325734338402,211.05270487364396,208.09443976951917,208.28369140625,42296300
2025-07-16,209.4689902412225,211.5606828488181,207.8155461810567,209.3295440673828,47490500
2025-07-17,209.7379389650813,210.9630743588066,208.7618004967043,209.1901092529297,48068100
2025-07-18,210.03674740882613,210.95311022715865,208.87137245947412,210.34552001953125,48974600
2025-07-21,211.2618775331451,214.92732845073886,210.7937335563828,211.64036560058594,51377400
2025-07-22,212.29777975345726,214.1006251327807,211.39137195770533,213.55279541015625,46404100
2025-07-23,214.15043456376964,214.29983576430007,211.5706725113145,213.3037872314453,46989300
2025-07-24,213.05475989741393,214.83769515517375,212.68622683006964,212.91531372070312,46022600
2025-07-25,213.85161823157193,214.38949295365802,212.55675209148805,213.0348663330078,40268800
2025-07-28,213.18425263148458,214.00101967144602,212.2180844005514,213.2041778564453,37858000
2025-07-29,213.33363944545516,213.96115480223384,209.9869314052821,210.43515014648438,51411700
2025-07-30,211.06265157316113,211.55072076453234,206.89917652304968,208.2239227294922,45512500
2025-07-31,207.66614913739534,209.01080544085684,206.3414028602417,206.74978637695312,80698400
2025-08-01,210.03673342752194,212.73603143542957,200.7037642416869,201.58029174804688,104434500
2025-08-04,203.70188303605903,207.058576977071,200.88306382200804,202.54647827148438,75109300
2025-08-05,202.59623250724772,204.52856877803342,201.3611422546983,202.11813354492188,44155100
2025-08-06,204.81744899810374,214.52892145014,204.77759854868273,212.40733337402344,108483100
2025-08-07,218.01510326859565,219.9773200540019,215.7241886502616,219.16055297851562,90224800
2025-08-08,219.95740294972967,230.08721487155407,218.38364441813084,228.44374084472656,113854000
2025-08-11,227.27701087414155,228.91238364576833,224.12592192869855,226.53909301757812,61806100
2025-08-12,227.36673308681236,230.14887046423402,226.42939779448272,229.00210571289062,55626200
2025-08-13,230.4181341091737,234.33703985510917,229.77992501054072,232.6717529296875,69878500
2025-08-14,233.39969406647393,234.4567012802976,230.19875827485632,232.12330627441406,51916300
2025-08-15,233.3398655982593,233.61907447658757,228.69300821277216,230.93666076660156,56038700
2025-08-18,231.04634466466607,232.46233685580373,229.46083388892833,230.23863220214844,37476200
2025-08-19,230.6275464777077,232.21305735738468,228.70299840660482,229.90957641601562,39402600
2025-08-20,229.33119207499826,229.81981519856654,225.13307755654054,225.3723907470703,42263900
2025-08-21,225.63166356522294,225.88095827873425,223.14868274098328,224.26551818847656,30621200
2025-08-22,225.53193619713707,228.44369658121065,224.77408575714253,227.11744689941406,42477800
2025-08-25,225.84107546750252,228.65312729963858,225.59178073979155,226.5191650390625,30983100
2025-08-26,226.22996704217394,228.84258604761433,224.05612439304167,228.6630859375,54575100
2025-08-27,227.96506627689797,230.24859923631865,227.6160475796746,229.8397674560547,31259500
2025-08-28,230.16883391080088,232.7515235304584,228.692998228932,231.90391540527344,38074700
2025-08-29,231.85405874294378,232.7216147258446,230.71727541448905,231.485107421875,39418400
2025-09-02,228.60325464814514,230.19874691737337,226.3296880547272,229.07192993164062,44075600
2025-09-03,236.5408165177042,238.17618932549604,233.69885053091846,237.79725646972656,66427800
2025-09-04,237.77731160532718,239.2232180033205,236.07214416452067,239.1035614013672,47549400
2025-09-05,239.32291694518142,240.63920029193574,237.81718240373485,239.0137939453125,54870400
2025-09-08,238.62490021245955,239.47249309970456,235.67324414176576,237.2089080810547,48999500
2025-09-09,236.33139119913957,238.1063683630383,232.70166073618753,233.68887329101562,66313900
2025-09-10,231.53498298240493,231.7643298806428,225.31258085277642,226.15020751953125,83440800
2025-09-11,226.23995033725743,229.7998710451417,226.010588238333,229.3810577392578,50208600
2025-09-12,228.5733443098202,233.84841389514688,228.3739115767776,233.40966796875,55824200
2025-09-15,236.33139853346725,237.5180438551372,234.36695488957946,236.03224182128906,42699500
2025-09-16,236.51088466190768,240.53949594661788,235.65332541334,237.4781494140625,63421100
2025-09-17,238.2958480596019,239.42266510979977,237.05934071942244,238.3157958984375,46508000
2025-09-18,239.2930082114909,240.51953392817583,235.98236714862816,237.2089080810547,44249600
2025-09-19,240.54944568604057,245.60514967420656,239.53233423145286,244.80740356445312,163741300
2025-09-22,247.5995237986898,255.9160073848096,247.42002368458668,255.35755920410156,105517400
2025-09-23,255.15814081026073,256.6140134777918,252.86462630601793,253.71221923828125,60275200
2025-09-24,254.49999981420794,255.01853710208397,250.33178410429736,251.59820556640625,42303700
2025-09-25,252.4956917858775,256.44452717224715,250.99992334214926,256.1453552246094,55202100
2025-09-26,253.38315498635407,256.87328100426123,253.06405044687503,254.73931884765625,46076300
2025-09-29,253.84185736381545,254.28061851263055,252.29622703166862,253.71221923828125,40127700
2025-09-30,254.1410137555297,255.1980209495745,252.39595068950493,253.9116668701172,37704300
2025-10-01,254.3205078449461,258.05994405161016,254.21081755391603,254.72935485839844,48713900
2025-10-02,255.85613542550084,257.45162766856953,253.43299812845933,256.40460205078125,42630200
2025-10-03,253.9515436206674,258.5086431914624,253.23357360959045,257.2920837402344,49155600
2025-10-06,257.2621712100349,258.3391414491699,254.33047806472084,255.96585083007812,44664100
2025-10-07,256.0854948355218,256.67382669789566,254.70938317067183,255.75643920898438,31955800
2025-10-08,255.79633660873378,257.7906945345413,255.38748958216482,257.3320007324219,36496900
2025-10-09,257.082687156571,257.2721535801604,252.42586356688122,253.3233184814453,38322000
2025-10-10,254.2207817432353,255.6567217403356,243.3116425485481,244.57806396484375,61999100
2025-10-13,248.6764678182016,248.98559082884384,244.86723728717817,246.96131896972656,38142900
2025-10-14,245.90431694508948,248.14796941642882,244.00966795095763,247.07101440429688,35478000
2025-10-15,248.78616738422895,251.10959602979932,246.77186176083558,248.63658142089844,33893600
2025-10-16,247.54966879270205,248.33743345063007,244.43847540742667,246.75192260742188,39777000
2025-10-17,247.3203043073955,252.66518358811555,246.57242016484557,251.5782470703125,49147000
2025-10-20,255.168106265739,263.63416054313814,254.90884523128253,261.50018310546875,90483000
2025-10-21,261.1412435480521,264.54162761794373,261.0913663387469,262.0287170410156,46695900
2025-10-22,261.9090191460537,262.1084670888602,254.70938662410154,257.72088623046875,45015300
2025-10-23,259.206686997747,259.8847613495841,257.28213901467177,258.8476867675781,32754900
2025-10-24,260.4531458541269,263.3848541030092,258.44880663072195,262.07855224609375,38253700
2025-10-27,264.13276036080543,268.36078929414754,263.90339825112477,268.0516662597656,44888200
2025-10-28,268.23113785786586,269.12862319727753,267.39351124836816,268.2411193847656,41534800
2025-10-29,268.5203194424725,270.6443152614699,266.35642794866993,268.93914794921875,51086700
2025-10-30,271.2226702585742,273.36662916750566,267.72259312931254,270.63433837890625,69886500
2025-10-31,276.2085891024436,276.53767519933945,268.40069127196034,269.6072692871094,86167100
2025-11-03,269.65711516237894,270.08589475979994,265.49886601188945,268.29095458984375,50194600
2025-11-04,267.5730004152706,270.72408938596277,266.86501191822913,269.2781982421875,49274800
2025-11-05,267.8522167164328,270.9335263776032,266.17696342424256,269.3779296875,43683100
2025-11-06,267.1342708755924,272.6287059365568,267.1342708755924,269.0089416503906,51204000
2025-11-07,269.03885049148494,271.5218466038475,266.0173996929098,267.7126159667969,48227400
2025-11-10,268.46122924118225,273.22240319845355,266.96401085683,268.93035888671875,41312400
2025-11-11,269.3096487524697,275.3983427074405,269.2996575494418,274.73956298828125,46208300
2025-11-12,274.49002155435767,275.2186787593472,271.19615348009904,272.9628601074219,48398000
2025-11-13,273.6016697208788,276.1868935731559,271.5854266195937,272.44384765625,49602800
2025-11-14,270.54732197227213,275.44821996704485,269.10002929321837,271.9048156738281,47431300
2025-11-17,268.3214829895084,269.98836893107386,265.237217022597,266.9639892578125,45018300
2025-11-18,269.48932037088264,270.2079864201871,264.8279974843966,266.9440612792969,45677300
2025-11-19,265.0375710636542,271.7051756343288,265.00762791735707,268.06195068359375,40424500
2025-11-20,270.327749378444,274.91922505965954,265.42688147061517,265.7562561035156,45823600
2025-11-21,265.4568071090486,272.8230952896135,265.17732758833057,270.98651123046875,59030800
2025-11-24,270.397615191446,276.4863089537433,270.397615191446,275.4083251953125,65585800
2025-11-25,274.75953066216096,279.8600705608694,274.73957871594786,276.4563903808594,46914200
2025-11-26,276.44637611579356,279.01161742605893,276.1170014953278,277.0352783203125,33431400
2025-11-28,276.7458380127342,278.4826014787427,275.4781737009374,278.3328857421875,20135600
2025-12-01,277.4944549964911,282.89442609469603,275.62792768573877,282.57501220703125,46587700
2025-12-02,282.47518456741903,286.86701880065203,282.10587559562896,285.6592712402344,53669500
2025-12-03,285.6692634925469,288.0847586222564,282.77461708045536,283.623046875,43538700
2025-12-04,283.5731318378766,284.20196835267484,278.07334059490756,280.179443359375,43989100
2025-12-05,280.01974631085085,280.6186397013617,277.53434330937836,278.26300048828125,47265800
2025-12-08,277.6142094762677,279.15136205700173,275.6378704438954,277.3746643066406,38211800
2025-12-09,277.64414811825674,279.5106752769474,276.40645748061854,276.66595458984375,32193300
2025-12-10,277.23491184461454,279.2312028389952,275.92734368017386,278.26300048828125,33038300
2025-12-11,278.5824273392719,279.07150890817053,273.3022288840155,277.514404296875,33248000
2025-12-12,277.38464634485007,278.70220580092337,276.30666253778065,277.7639465332031,39532900
2025-12-15,279.63046152672615,279.63046152672615,272.33402020742307,273.6016540527344,50409100
2025-12-16,272.3140798989353,274.9891026980292,271.2859911871425,274.1007385253906,37648600
2025-12-17,274.50001118897205,275.6478724530811,271.13626563598973,271.33587646484375,50138700
2025-12-18,273.1025913325419,273.12257373871984,266.4549687260805,271.68524169921875,51630700
2025-12-19,271.6453053723066,274.09077415448866,269.399477884542,273.1625061035156,144632000
2025-12-22,272.3539780142796,273.37210596231955,270.00836035897595,270.4674987792969,36571800
2025-12-23,270.3377490962612,271.99467443806464,269.06012395403746,271.85491943359375,29642000
2025-12-24,271.8349404799371,274.9192064044749,271.69521595033444,273.3022155761719,17910600
2025-12-26,273.65157518449314,274.859322715931,272.35396775197984,272.8929748535156,21521800
2025-12-29,272.1843267483383,273.8512128461511,271.8449608988494,273.2523498535156,23715200
2025-12-30,272.304089543875,273.5717234473003,271.77507361210075,272.5735778808594,22139600
2025-12-31,272.553621806917,273.17246717497864,271.24605357156486,271.3558349609375,27293600
2026-01-02,271.75509761912826,277.32473598417806,268.5011336129586,270.5074157714844,37838100
2026-01-05,270.1381104139889,271.0064921177503,265.6464557026853,266.7643737792969,45647200
2026-01-06,266.504853430471,267.0538212812338,261.6338984265986,261.8734436035156,52352100
2026-01-07,262.71190159101934,263.1909919246956,259.32817380451803,259.8471984863281,48309800
2026-01-08,256.5433578451618,258.80916773471864,255.22581364132833,258.55963134765625,50419300
2026-01-09,258.5995368285105,259.7274461787287,255.74485516422806,258.8890075683594,39997000
2026-01-12,258.6794199598783,260.8154357257053,256.32378048041085,259.76739501953125,45263800
2026-01-13,258.24022168851656,261.3244878277737,257.9108470550362,260.5658874511719,45730800
2026-01-14,259.0087756526009,261.33447181199796,256.23393227813756,259.4779052734375,40019400
2026-01-15,260.1666175851947,260.5559089501236,256.5732877053955,257.73114013671875,39388600
2026-01-16,257.4217372195352,258.41988279267105,254.45724364888233,255.05613708496094,72142800
2026-01-20,252.26132447540706,254.31750190322293,242.9685916985444,246.2425079345703,80267500
2026-01-21,248.23880604127606,251.09350304772093,244.72532928784554,247.1907501220703,54641700
2026-01-22,248.737864640942,250.53452965267718,247.68980878155546,247.8894500732422,39708300
2026-01-23,246.86136630134166,248.94748685874615,244.22624741136653,247.58001708984375,41689000
2026-01-26,251.01363570547153,256.08421686766076,249.336758511775,254.9363555908203,55969200
2026-01-27,258.68937090303496,261.46421404872183,257.73112933459527,257.791015625,49648300
2026-01-28,257.17220993748055,258.3799575946877,254.03803333601454,255.96446228027344,41288000
2026-01-29,257.52154586161765,259.16847988830324,253.93820707645818,257.801025390625,67253000
2026-01-30,254.69678984095313,261.41430490835,251.7123292610244,258.9988098144531,92443400
2026-02-02,259.5478036352127,269.98839826257677,258.7293169184304,269.5093078613281,73913400
2026-02-03,268.70080609664296,271.3758289780004,267.11372779647115,268.98028564453125,64394700
2026-02-04,271.7850411492978,278.432693698261,271.7850411492978,275.97723388671875,90545700
2026-02-05,277.6142303156022,278.98168486317746,272.72332314901723,275.3983459472656,52977400
2026-02-06,276.6060720438839,280.3890519626743,276.4164219647768,277.6042175292969,50453400
2026-02-09,277.6541982366954,277.9439398399519,271.4499228389202,274.3672180175781,44623400
2026-02-10,274.6369782150198,275.11651686144285,272.68876099546605,273.4280700683594,34376900
2026-02-11,274.44714753122867,279.92208361183503,274.1973776592452,275.24639892578125,51931300
2026-02-12,275.3363333447182,275.46621856633783,259.94051360693726,261.4891052246094,81077200
2026-02-13,261.7688319830923,261.9886306947134,255.21485759663088,255.5445556640625,56290700
2026-02-17,257.8124646511843,266.0449008431299,255.30478047881587,263.6371154785156,58469100
2026-02-18,263.35737977838915,266.57441720150126,262.20844437502524,264.106689453125,34203300
2026-02-19,262.35827847824623,264.2365527856389,259.81060750150084,260.3401184082031,30845300
2026-02-20,258.73163460792017,264.5063132392292,257.9223826043077,264.3364562988281,42070500
2026-02-23,263.24744081710827,269.1819753311392,263.13755670993424,265.9349670410156,37308200
2026-02-24,267.61343657617186,274.6369951599546,267.46358073991865,271.8895263671875,47014600
2026-02-25,271.5298429675081,274.6869380517792,270.8005039088116,273.97760009765625,33714300
2026-02-26,274.6969199809464,275.8558253670768,270.55071567552415,272.6987609863281,32345100
2026-02-27,272.5588900215503,272.5588900215503,262.6480379442022,263.93682861328125,72366500
2026-03-02,262.16844722421786,266.2846497598317,259.960490133898,264.476318359375,41827900
2026-03-03,263.23749216234586,265.31556422164516,259.8905695547566,263.5072326660156,38568900
2026-03-04,264.4063951364299,265.9050144519466,261.179387723623,262.2783508300781,39803100
2026-03-05,260.54995479568396,261.3192350446657,257.01320478174756,260.0504150390625,49658600
2026-03-06,258.39192833924307,258.53178361058343,254.13584003818684,257.2229919433594,41120000
2026-03-09,255.45463216869055,260.9095975388004,253.44647267699952,259.6407775878906,38218500
2026-03-10,257.4128391437035,262.2384104290217,256.71350175461305,260.58990478515625,30590800
2026-03-11,260.8496568052655,261.888707997661,259.3110658747261,260.5699157714844,26218900
2026-03-12,258.4219063383753,258.71164792954545,253.94601921584928,255.52456665039062,40794000
2026-03-13,255.24483747003174,256.0940459350445,249.29033192864068,249.8897705078125,36930000
2026-03-16,251.87794235419486,253.6563027081548,249.6499992581203,252.58729553222656,32074200
2026-03-17,252.72716690012706,254.89516767044782,251.94787083452104,253.99598693847656,32361600
2026-03-18,252.3974721128864,254.70534343896443,248.7708084606242,249.70994567871094,35757900
2026-03-19,249.17043241392184,251.5982036354298,247.0723745163624,248.73085021972656,34864100
2026-03-20,247.7517334570195,248.97061168291066,245.77356028907465,247.76173400878906,88331100
2026-03-23,253.73622734962268,254.3656523266213,250.0496214753341,251.25851440429688,40546100
2026-03-24,250.1195650925759,254.5954370944537,249.32029842391177,251.4083709716797,45152300
2026-03-25,253.86611511385965,254.76528059453105,251.3684162845015,252.38746643066406,28476700
2026-03-26,251.88793104116345,256.76344411909713,250.53918279672283,252.6572265625,41796700
2026-03-27,253.666280215245,255.2548282141602,247.8416601166152,248.57098388671875,47900000
2026-03-30,249.83982057534305,250.63907198816298,245.28400520065438,246.40298461914062,39446200
2026-03-31,247.6818040942864,255.24482803058763,246.87255213324852,253.55638122558594,49598100
2026-04-01,253.8461228128272,255.94418062939917,253.096813183035,255.3946990966797,40059400
2026-04-02,253.96601496217014,255.89424639361263,250.4192795609811,255.68443298339844,31289400
2026-04-06,256.27389167390277,261.9186847371787,256.2239194053331,258.6217041015625,29329900
2026-04-07,255.92421782448065,255.96418954301222,245.47383916108728,253.26666259765625,62148000
2026-04-08,258.2121146377317,259.51090582044134,256.29386854025813,258.66168212890625,41032800
2026-04-09,258.7615948993736,260.879638597066,255.8342992320816,260.2502136230469,28121600
2026-04-10,259.7406946341393,261.94865175168746,258.78155637925676,260.240234375,31291500
2026-04-13,259.49093671136296,259.9405042051452,256.4237552437805,258.96142578125,36234700
2026-04-14,259.01136264890187,261.68888841493145,256.9532612999924,258.59173583984375,48370700
2026-04-15,257.92237663273806,266.3146386359468,257.57269269729437,266.18475341796875,49913500
2026-04-16,266.55439590858066,266.91408037974617,261.0294875448873,263.15753173828125,43323100
2026-04-17,266.7142527536172,272.0493335842862,266.47448343207725,269.98126220703125,61436200
2026-04-20,270.08114756253855,274.0275237795767,270.04120633500696,272.79864501953125,36590200
2026-04-21,271.250098918132,272.5488901425708,265.1557075406741,265.9250183105469,50209800
2026-04-22,267.5734973129919,273.48803128351057,266.62435952726383,272.9185791015625,43249200
2026-04-23,274.79681820267325,275.5161566987003,271.39995382845746,273.1783142089844,33399600
2026-04-24,272.50893317942314,272.80864483253174,269.4017800912603,270.81048583984375,38157100
2026-04-27,265.84505761361925,268.1129570778125,264.8260075108844,267.3636474609375,41466800
2026-04-28,272.0893199684016,272.97851539952296,268.4127145556596,270.4608154296875,40018900
2026-04-29,267.3037117460274,270.7905199823619,266.7942019267937,269.92132568359375,30047900
2026-04-30,270.25102650288807,275.7459641951834,267.893213328058,271.1002502441406,91848200
2026-05-01,278.6032901046287,286.95561044034525,278.1137509144006,279.88214111328125,79915400
2026-05-04,279.4025768563376,280.3716851917065,274.60697695873915,276.5751647949219,46668400
2026-05-05,276.6750995896243,284.30808218316156,276.2455026895375,283.9184265136719,49311700
2026-05-06,281.66051049385584,287.76487170009636,280.8112868075762,287.245361328125,58336100
2026-05-07,289.00371711581823,291.8611003514943,285.5169394038565,287.1754150390625,45224300
2026-05-08,289.7430674686918,294.4886952888782,289.7330669166447,293.0500183105469,52692800
2026-05-11,291.9800109863281,293.8800048828125,290.2300109863281,292.67999267578125,42247300
2026-05-12,292.55999755859375,295.2699890136719,292.55999755859375,294.79998779296875,45748100
2026-05-13,293.5,300.9200134277344,293.5,298.8699951171875,52684300
2026-05-14,299.82000732421875,300.45001220703125,295.3800048828125,298.2099914550781,35324900
2026-05-15,297.8999938964844,303.20001220703125,296.5199890136719,300.2300109863281,54862800
2026-05-18,300.239990234375,300.6600036621094,294.9100036621094,297.8399963378906,34483000
2026-05-19,296.9700012207031,300.510009765625,296.3500061035156,298.9700012207031,42243600
2026-05-20,298.17999267578125,302.79998779296875,298.0799865722656,302.25,38229800
2026-05-21,301.05999755859375,305.5400085449219,300.3999938964844,304.989990234375,42965100
2026-05-22,306.1199951171875,311.3999938964844,305.8399963378906,308.82000732421875,43670200
2026-05-26,309.55999755859375,311.82000732421875,307.6700134277344,308.3299865722656,48000500
2026-05-27,308.3299865722656,313.260009765625,308.29998779296875,310.8500061035156,50430900
2026-05-28,310.67999267578125,312.79998779296875,309.57000732421875,312.510009765625,48220400
2026-05-29,311.7799987792969,315.0,309.5299987792969,312.05999755859375,70026800
2026-06-01,309.6300048828125,310.94000244140625,305.0199890136719,306.30999755859375,48849900
2026-06-02,307.4599914550781,315.45001220703125,306.69000244140625,315.20001220703125,44534700
2026-06-03,314.17999267578125,316.94000244140625,308.8500061035156,310.260009765625,50836700
2026-06-04,313.2300109863281,313.5400085449219,309.6499938964844,311.2300109863281,44869100
2026-06-05,312.8599853515625,315.1700134277344,307.1499938964844,307.3399963378906,65310500
2026-06-08,308.739990234375,317.3999938964844,301.1700134277344,301.5400085449219,77949100
2026-06-09,300.2799987792969,300.75,287.7799987792969,290.54998779296875,70108800
2026-06-10,290.739990234375,294.75,287.3800048828125,291.5799865722656,52793300
2026-06-11,293.7200012207031,297.0,289.5899963378906,295.6300048828125,42572500
2026-06-12,296.0299987792969,297.1400146484375,289.6199951171875,291.1300048828125,38742100
2026-06-15,294.1199951171875,297.7799987792969,291.70001220703125,296.4200134277344,45732600
2026-06-16,295.25,300.4800109863281,293.9700012207031,299.239990234375,39874400
2026-06-17,300.8500061035156,302.07000732421875,294.3599853515625,295.95001220703125,42745100
2026-06-18,298.1099853515625,300.57000732421875,295.6199951171875,298.010009765625,85962200
2026-06-22,297.30999755859375,302.4200134277344,296.760009765625,297.010009765625,44879900
2026-06-23,297.5400085449219,301.6400146484375,294.17999267578125,294.29998779296875,52010900
2026-06-24,295.3599853515625,299.70001220703125,292.94000244140625,293.0799865722656,53081900
2026-06-25,287.3999938964844,288.79998779296875,273.75,275.1499938964844,107013700
2026-06-26,275.0,285.95001220703125,274.2099914550781,283.7799987792969,261775500
2026-06-29,286.7300109863281,288.3699951171875,279.8500061035156,281.739990234375,66427000
2026-06-30,281.1700134277344,289.94000244140625,280.70001220703125,289.3599853515625,65100200
2026-07-01,293.44000244140625,296.5899963378906,289.20001220703125,294.3800048828125,50164200
2026-07-02,294.1199951171875,309.4200134277344,293.67999267578125,308.6300048828125,75352800
2026-07-06,307.3599853515625,314.20001220703125,307.0,312.6600036621094,53590000
2026-07-07,315.2900085449219,315.4800109863281,310.1499938964844,310.6600036621094,42490000
2026-07-08,311.9100036621094,314.82000732421875,307.04998779296875,313.3900146484375,41323500
2026-07-09,310.510009765625,316.5299987792969,308.1600036621094,316.2200012207031,48124500
2026-07-10,314.7200012207031,316.9100036621094,312.1700134277344,315.32000732421875,34132300
2026-07-13,317.0199890136719,323.45001220703125,315.7799987792969,317.30999755859375,43257800
2026-07-14,313.760009765625,316.19000244140625,311.9100036621094,314.8599853515625,36336800
2026-07-15,317.6199951171875,328.7300109863281,317.32000732421875,327.5,60957600
2026-07-16,328.010009765625,334.67999267578125,326.7900085449219,333.260009765625,62970600
2026-07-17,331.9800109863281,334.989990234375,329.0,333.739990234375,63407100
2026-07-20,333.510009765625,333.7099914550781,323.67999267578125,326.5899963378906,53468000
2026-07-21,323.1300048828125,329.6000061035156,322.2200012207031,327.739990234375,41338900
2026-07-22,327.8699951171875,329.0,323.3399963378906,325.8900146484375,38755900
