Date,Open,High,Low,Close,Volume
2021-08-25,165.4934997559,166.0500030518,164.3074951172,164.9589996338,33606000
2021-08-26,164.9499969482,166.6000061035,164.8000030518,165.8000030518,41976000
2021-08-27,166.6614990234,167.6159973145,165.6875000000,167.4815063477,48048000
2021-08-30,167.8715057373,172.2500000000,167.7610015869,171.0785064697,63844000
2021-08-31,171.2400054932,173.6289978027,169.7794952393,173.5395050049,87128000
2021-09-01,174.8200073242,176.3500061035,173.7619934082,173.9499969482,72598000
2021-09-02,174.7380065918,175.5980072021,172.7500000000,173.1560058594,58474000
2021-09-03,172.6000061035,174.1334991455,171.8220062256,173.9024963379,51514000
2021-09-07,173.8999938965,176.4044952393,173.8470001221,175.4644927979,54758000
2021-09-08,175.5825042725,177.2814941406,174.7834930420,176.2749938965,61068000
2021-09-09,176.3009948730,177.4994964600,174.0184936523,174.2079925537,54384000
2021-09-10,175.0915069580,175.4225006104,173.1454925537,173.4575042725,47946000
2021-09-13,174.1399993896,174.8979949951,171.8999938965,172.8585052490,51380000
2021-09-14,173.7774963379,174.3404998779,171.8854980469,172.5000000000,38738000
2021-09-15,172.1260070801,174.2709960938,170.1004943848,173.7895050049,59150000
2021-09-16,172.9980010986,174.6275024414,172.3070068359,174.4120025635,51672000
2021-09-17,174.4205017090,174.8704986572,172.6065063477,173.1260070801,92332000
2021-09-20,169.8000030518,170.9499969482,165.2505035400,167.7864990234,93382000
2021-09-21,168.7500000000,168.9850006104,166.6195068359,167.1815032959,55618000
2021-09-22,167.5500030518,169.4499969482,167.0525054932,169.0025024414,48228000
2021-09-23,169.0025024414,171.4479980469,169.0025024414,170.8000030518,47588000
2021-09-24,170.1004943848,171.4629974365,169.6699981689,171.2760009766,42324000
2021-09-27,168.5749969482,170.7785034180,166.9804992676,170.2899932861,72690000
2021-09-28,167.8854980469,168.4595031738,164.5050048828,165.7980041504,88616000
2021-09-29,166.1054992676,167.5650024414,164.8934936523,165.0559997559,51246000
2021-09-30,165.8000030518,166.3925018311,163.6994934082,164.2519989014,56848000
2021-10-01,164.4505004883,165.4584960938,162.7969970703,164.1629943848,56712000
2021-10-04,163.9694976807,163.9994964600,158.8125000000,159.4889984131,90462000
2021-10-05,160.2250061035,163.0364990234,160.1230010986,161.0500030518,65384000
2021-10-06,160.6764984131,163.2169952393,159.9309997559,163.1004943848,50660000
2021-10-07,164.5769958496,166.2875061035,164.1529998779,165.1215057373,48182000
2021-10-08,165.8500061035,166.0715026855,164.4100036621,164.4309997559,39964000
2021-10-11,163.7500000000,164.6295013428,161.9049987793,162.3150024414,40684000
2021-10-12,162.8500061035,163.3764953613,161.8139953613,162.3665008545,36392000
2021-10-13,163.4855041504,164.4190063477,163.0545043945,164.2140045166,48402000
2021-10-14,165.1224975586,165.6300048828,164.5390014648,164.9929962158,42190000
2021-10-15,165.5709991455,170.5209960938,165.1999969482,170.4510040283,103598000
2021-10-18,169.4179992676,172.4584960938,169.2550048828,172.3370056152,63482000
2021-10-19,171.7144927979,172.7344970703,171.1000061035,172.2075042725,47722000
2021-10-20,172.6329956055,173.1430053711,170.0184936523,170.7530059814,42796000
2021-10-21,170.7124938965,172.0140075684,170.1499938965,171.7505035400,37628000
2021-10-22,171.0500030518,171.4920043945,166.5650024414,166.7774963379,62782000
2021-10-25,166.7500000000,167.3899993896,164.8849945068,166.0184936523,44520000
2021-10-26,167.4754943848,170.8059997559,167.1990051270,168.8034973145,53966000
2021-10-27,169.3999938965,171.8500061035,168.5724945068,169.6244964600,54044000
2021-10-28,170.1049957275,173.9499969482,169.3000030518,172.3285064697,114174000
2021-10-29,165.0010070801,168.7409973145,163.6660003662,168.6215057373,129722000
2021-11-01,168.0899963379,168.7929992676,164.6009979248,165.9055023193,72178000
2021-11-02,165.7505035400,166.5559997559,164.1775054932,165.6374969482,52552000
2021-11-03,165.4499969482,169.7460021973,164.8760070801,169.1999969482,67944000
2021-11-04,168.5000000000,174.9315032959,168.2500000000,173.8500061035,107060000
2021-11-05,173.8500061035,178.3125000000,173.8489990234,175.9494934082,99940000
2021-11-08,176.1620025635,178.9499969482,174.3930053711,174.4490051270,61480000
2021-11-09,175.7624969482,179.6885070801,175.0715026855,178.8114929199,85898000
2021-11-10,178.1934967041,180.2725067139,173.1544952393,174.1024932861,80548000
2021-11-11,175.6499938965,177.1620025635,173.3735046387,173.6250000000,45288000
2021-11-12,174.2500000000,177.0364990234,172.3524932861,176.2575073242,53788000
2021-11-15,176.8500061035,179.6940002441,176.2904968262,177.2839965820,58594000
2021-11-16,176.9499969482,178.8249969482,176.2575073242,177.0350036621,44342000
2021-11-17,178.2359924316,179.3625030518,177.2675018311,177.4499969482,51206000
2021-11-18,178.3175048828,185.2100067139,178.0500030518,184.8029937744,114070000
2021-11-19,185.6345062256,188.1074981689,183.7859954834,183.8285064697,98734000
2021-11-22,183.8190002441,185.6730041504,178.3750000000,178.6284942627,96844000
2021-11-23,179.2519989014,181.0525054932,176.3854980469,179.0019989014,73804000
2021-11-24,178.1334991455,180.6820068359,176.8424987793,179.0204925537,46560000
2021-11-26,180.1049957275,181.6750030518,175.2075042725,175.2279968262,59826000
2021-11-29,177.3820037842,179.8000030518,176.5749969482,178.0785064697,65312000
2021-11-30,178.1750030518,179.2884979248,174.6004943848,175.3535003662,80022000
2021-12-01,177.2500000000,177.9940032959,172.0800018311,172.1860046387,74916000
2021-12-02,173.0000000000,174.6349945068,171.1875000000,171.8679962158,64726000
2021-12-03,172.7500000000,173.4934997559,166.9299926758,169.4895019531,80712000
2021-12-06,169.6499938965,173.6954956055,166.9344940186,171.3684997559,68860000
2021-12-07,174.6000061035,177.4994964600,173.3345031738,176.1645050049,66410000
2021-12-08,176.1504974365,177.1799926758,174.7505035400,176.1580047607,45254000
2021-12-09,175.7500000000,176.9694976807,174.1394958496,174.1710052490,46062000
2021-12-10,175.4170074463,175.9270019531,170.5000000000,172.2120056152,60690000
2021-12-13,172.0000000000,172.1000061035,169.1300048828,169.5675048828,62170000
2021-12-14,167.5500030518,169.4989929199,166.4400024414,169.0915069580,55976000
2021-12-15,168.5980072021,173.6000061035,165.1950073242,173.3150024414,75794000
2021-12-16,173.3684997559,174.1660003662,168.1605072021,168.8710021973,60876000
2021-12-17,167.7104949951,170.8984985352,165.6134948730,170.0175018311,85542000
2021-12-20,166.8500061035,167.8744964600,165.6000061035,167.0789947510,57372000
2021-12-21,167.8504943848,170.7165069580,165.6475067139,170.4170074463,55956000
2021-12-22,169.2700042725,172.0500030518,168.5005035400,171.0370025635,55036000
2021-12-23,170.4279937744,171.9750061035,170.1499938965,171.0684967041,36788000
2021-12-27,171.0370025635,172.9429931641,169.2154998779,169.6694946289,58688000
2021-12-28,170.1824951172,172.1759948730,169.1354980469,170.6609954834,54638000
2021-12-29,170.8399963379,171.2120056152,168.6004943848,169.2010040283,35754000
2021-12-30,169.6999969482,170.8880004883,168.5240020752,168.6445007324,37584000
2021-12-31,168.9559936523,169.3500061035,166.5585021973,166.7169952393,47830000
2022-01-03,167.5500030518,170.7035064697,166.1605072021,170.4044952393,63520000
2022-01-04,170.4380035400,171.3999938965,166.3495025635,167.5220031738,70726000
2022-01-05,166.8829956055,167.1264953613,164.3569946289,164.3569946289,64302000
2022-01-06,163.4505004883,164.8000030518,161.9369964600,163.2539978027,51958000
2022-01-07,163.8390045166,165.2434997559,162.0310058594,162.5540008545,46606000
2022-01-10,160.5854949951,161.6614990234,156.3045043945,161.4859924316,87798000
2022-01-11,161.5000000000,166.3500061035,160.7015075684,165.3619995117,62806000
2022-01-12,166.5749969482,166.8780059814,164.4170074463,165.2070007324,50030000
2022-01-13,165.2505035400,166.2214965820,161.0910034180,161.2140045166,52188000
2022-01-14,160.1499938965,162.2500000000,159.8005065918,162.1380004883,45974000
2022-01-18,159.1049957275,159.7344970703,157.6645050049,158.9174957275,67292000
2022-01-19,158.7619934082,159.2500000000,156.2500000000,156.2989959717,53242000
2022-01-20,156.7660064697,158.0000000000,151.3509979248,151.6674957275,71974000
2022-01-21,149.9499969482,150.8999938965,142.0704956055,142.6430053711,163972000
2022-01-24,139.0000000000,144.9450073242,135.3520050049,144.5440063477,155624000
2022-01-25,142.2424926758,143.6000061035,138.1450042725,139.9859924316,90824000
2022-01-26,144.7500000000,145.1849975586,137.3184967041,138.8724975586,95602000
2022-01-27,140.8000030518,144.2434997559,139.3500061035,139.6374969482,77516000
2022-01-28,140.8605041504,143.9980010986,137.9295043945,143.9779968262,74392000
2022-01-31,144.7500000000,150.3605041504,144.3005065918,149.5735015869,78308000
2022-02-01,150.0000000000,151.7079925537,147.6275024414,151.1934967041,59220000
2022-02-02,155.0505065918,155.0749969482,148.8634948730,150.6125030518,87330000
2022-02-03,141.7375030518,144.2474975586,138.3329925537,138.8455047607,225532000
2022-02-04,155.6065063477,161.1999969482,150.6080017090,157.6394958496,253456000
2022-02-07,158.5200042725,162.6909942627,157.2500000000,157.9355010986,102624000
2022-02-08,156.7505035400,161.7924957275,155.5505065918,161.4134979248,76040000
2022-02-09,162.8735046387,163.8345031738,160.2500000000,161.1894989014,68786000
2022-02-10,158.3500061035,160.7165069580,157.7500000000,159.0034942627,68268000
2022-02-11,158.1345062256,159.0000000000,152.7339935303,153.2935028076,77100000
2022-02-14,151.7510070801,158.4485015869,151.6499938965,155.1670074463,83230000
2022-02-15,157.6054992676,158.0070037842,154.6374969482,156.5104980469,56440000
2022-02-16,155.7904968262,158.8339996338,154.7344970703,158.1004943848,52704000
2022-02-17,158.1459960938,160.3489990234,154.5000000000,154.6524963379,64032000
2022-02-18,155.4994964600,155.4994964600,150.8930053711,152.6015014648,63604000
2022-02-22,150.4785003662,152.9824981689,148.4855041504,150.1974945068,66128000
2022-02-23,151.6504974365,151.7630004883,144.6510009766,144.8269958496,64244000
2022-02-24,139.8374938965,151.7489929199,139.5000000000,151.3580017090,100786000
2022-02-25,150.5500030518,153.9900054932,149.2135009766,153.7884979248,62396000
2022-02-28,152.4250030518,154.4499969482,150.8500061035,153.5630035400,57684000
2022-03-01,152.7324981689,154.0989990234,149.9770050049,151.1419982910,44874000
2022-03-02,150.8489990234,152.9994964600,148.7500000000,152.0525054932,47334000
2022-03-03,153.5314941406,153.9290008545,146.8560028076,147.8984985352,65198000
2022-03-04,147.1589965820,147.8500061035,143.8070068359,145.6410064697,60934000
2022-03-07,145.4434967041,146.0944976807,137.4165039062,137.4530029297,86934000
2022-03-08,136.6835021973,140.6994934082,133.5724945068,136.0144958496,91662000
2022-03-09,139.5000000000,140.2500000000,136.8280029297,139.2790069580,82656000
2022-03-10,145.6849975586,148.6744995117,143.9779968262,146.8175048828,135062000
2022-03-11,149.5744934082,149.6750030518,145.3690032959,145.5245056152,68900000
2022-03-14,145.9810028076,147.4499969482,140.8840026855,141.8529968262,74086000
2022-03-15,142.8500061035,147.9850006104,142.0000000000,147.3665008545,75584000
2022-03-16,148.5000000000,153.1499938965,147.3535003662,153.1040039062,84958000
2022-03-17,152.6405029297,157.4985046387,152.1399993896,157.2389984131,72934000
2022-03-18,156.8130035400,161.5939941406,156.0110015869,161.2505035400,102962000
2022-03-21,161.1210021973,163.0839996338,159.5529937744,161.4915008545,66538000
2022-03-22,161.8054962158,166.1670074463,161.6990051270,164.8890075684,64086000
2022-03-23,163.7050018311,166.3699951172,162.6869964600,163.4080047607,55812000
2022-03-24,163.7494964600,164.1184997559,160.0500030518,163.6495056152,56798000
2022-03-25,164.0000000000,165.3684997559,162.2500000000,164.7734985352,49032000
2022-03-28,164.9750061035,169.0375061035,164.8999938965,168.9904937744,59854000
2022-03-29,170.3840026855,170.8314971924,167.8684997559,169.3150024414,66154000
2022-03-30,168.5095062256,168.9505004883,165.5000000000,166.3009948730,56168000
2022-03-31,166.4450073242,166.4949951172,162.9535064697,162.9974975586,59966000
2022-04-01,164.1495056152,165.8269958496,162.3195037842,163.5599975586,57090000
2022-04-04,164.1250000000,168.3945007324,163.2055053711,168.3464965820,49882000
2022-04-05,167.7415008545,168.1105041504,163.2660064697,164.0549926758,53728000
2022-04-06,161.6504974365,162.1999969482,157.2545013428,158.7559967041,79056000
2022-04-07,158.3999938965,160.0789947510,154.5115051270,157.7845001221,68136000
2022-04-08,156.7500000000,157.3684997559,154.2310028076,154.4604949951,46002000
2022-04-11,152.7129974365,154.1365051270,150.5345001221,151.1219940186,52112000
2022-04-12,153.6925048828,155.0989990234,150.3829956055,150.7875061035,55178000
2022-04-13,150.0184936523,156.0249938965,149.6000061035,155.5410003662,53390000
2022-04-14,155.3899993896,155.8970031738,151.4720001221,151.7064971924,51598000
2022-04-18,151.5234985352,154.0395050049,150.2505035400,152.7850036621,46514000
2022-04-19,152.0294952393,158.6490020752,151.5505065918,158.1154937744,54926000
2022-04-20,157.6024932861,157.6024932861,153.6035003662,153.9980010986,59630000
2022-04-21,154.7140045166,156.7380065918,147.5894927979,148.2960052490,63970000
2022-04-22,148.2500000000,149.6150054932,143.6974945068,144.3500061035,73078000
2022-04-25,144.0229949951,146.2214965820,142.3065032959,146.0740051270,61874000
2022-04-26,144.8000030518,144.8560028076,138.9295043945,139.3910064697,77530000
2022-04-27,140.1914978027,141.9485015869,135.7834930420,138.1670074463,71336000
2022-04-28,142.1779937744,145.9375000000,140.3000030518,144.5964965820,117316000
2022-04-29,129.8489990234,130.7610015869,121.6250000000,124.2815017700,272662000
2022-05-02,122.4010009766,124.6679992676,118.3750000000,124.5000000000,148788000
2022-05-03,124.0534973145,126.2204971313,122.8249969482,124.2535018921,79134000
2022-05-04,123.5999984741,126.0000000000,119.1829986572,125.9284973145,110746000
2022-05-05,123.0000000000,123.4990005493,115.0725021362,116.4069976807,144392000
2022-05-06,114.8499984741,119.0504989624,113.0814971924,114.7724990845,124260000
2022-05-09,111.3125000000,114.0000000000,107.9570007324,108.7890014648,128124000
2022-05-10,111.2500000000,112.6425018311,107.1709976196,108.8590011597,105434000
2022-05-11,108.1035003662,110.1559982300,104.4284973145,105.3720016479,109704000
2022-05-12,102.7500000000,110.7805023193,102.4055023193,106.9304962158,132026000
2022-05-13,109.0690002441,113.1839981079,107.8000030518,113.0550003052,93684000
2022-05-16,113.0999984741,113.9925003052,110.3539962769,110.8105010986,74566000
2022-05-17,113.2750015259,115.8000030518,111.2764968872,115.3684997559,76448000
2022-05-18,111.4394989014,112.8529968262,106.2490005493,107.1125030518,108380000
2022-05-19,106.2805023193,110.0339965820,106.1930007935,107.3190002441,88142000
2022-05-20,109.5684967041,109.8980026245,105.0094985962,107.5910034180,99500000
2022-05-23,108.4609985352,108.8190002441,103.9499969482,107.5569992065,107798000
2022-05-24,104.0250015259,105.4000015259,101.2600021362,104.0999984741,102934000
2022-05-25,103.6555023193,108.1750030518,103.6500015259,106.7750015259,93120000
2022-05-26,107.9700012207,112.6654968262,107.4534988403,111.0774993896,93002000
2022-05-27,113.5500030518,115.1869964600,112.6279983521,115.1464996338,93660000
2022-05-31,116.2799987793,121.9944992065,115.6750030518,120.2095031738,144634000
2022-06-01,122.2559967041,125.1790008545,120.6224975586,121.6839981079,127528000
2022-06-02,121.6839981079,125.6100006104,120.0449981689,125.5110015869,100560000
2022-06-03,124.1999969482,124.4000015259,121.0465011597,122.3499984741,97604000
2022-06-06,125.2500000000,128.9900054932,123.8099975586,124.7900009155,135269000
2022-06-07,122.0100021362,124.0999984741,120.6299972534,123.0000000000,85156700
2022-06-08,122.6100006104,123.7500000000,120.7500000000,121.1800003052,64926600
2022-06-09,119.9899978638,121.3000030518,116.0999984741,116.1500015259,67029800
2022-06-10,113.4199981689,114.5000000000,109.0500030518,109.6500015259,87266000
2022-06-13,104.1900024414,106.5400009155,101.8600006104,103.6699981689,99277700
2022-06-14,104.1900024414,104.8799972534,101.4300003052,102.3099975586,69728800
2022-06-15,103.8600006104,109.0599975586,103.5299987793,107.6699981689,85011100
2022-06-16,104.4700012207,104.5800018311,102.0100021362,103.6600036621,82186300
2022-06-17,102.8000030518,106.9800033569,102.5100021362,106.2200012207,99772100
2022-06-21,108.1999969482,111.6299972534,103.5599975586,108.6800003052,70901200
2022-06-22,107.4300003052,112.1299972534,107.0199966431,108.9499969482,60040100
2022-06-23,110.3899993896,113.0000000000,107.9300003052,112.4400024414,64345300
2022-06-24,112.3799972534,116.7099990845,111.4300003052,116.4599990845,69867600
2022-06-27,117.0899963379,117.9800033569,112.6999969482,113.2200012207,62133200
2022-06-28,113.5000000000,114.8499984741,107.0400009155,107.4000015259,74942900
2022-06-29,107.3799972534,110.9899978638,106.9100036621,108.9199981689,66375300
2022-06-30,108.1100006104,108.1800003052,102.5199966431,106.2099990845,97679400
2022-07-01,106.2900009155,109.7500000000,105.8499984741,109.5599975586,73021200
2022-07-05,107.5999984741,114.0800018311,106.3199996948,113.5000000000,76583700
2022-07-06,113.2099990845,115.4800033569,112.0100021362,114.3300018311,66958900
2022-07-07,113.8499984741,116.9899978638,113.4899978638,116.3300018311,57872300
2022-07-08,114.5999984741,116.5800018311,113.6900024414,115.5400009155,45719700
2022-07-11,114.0800018311,114.3000030518,110.8700027466,111.7500000000,53487600
2022-07-12,112.1600036621,113.2300033569,108.3399963379,109.2200012207,54280300
2022-07-13,107.0299987793,111.7799987793,106.0100021362,110.4000015259,61353800
2022-07-14,110.2399978638,111.1800003052,107.5800018311,110.6299972534,51163100
2022-07-15,112.5000000000,115.5899963379,111.5899963379,113.5500030518,84317800
2022-07-18,115.0000000000,117.2399978638,113.1500015259,113.7600021362,59115400
2022-07-19,115.6999969482,118.9499969482,114.0299987793,118.2099990845,60990000
2022-07-20,118.6200027466,123.4800033569,118.3199996948,122.7699966431,71268300
2022-07-21,123.1999969482,124.8499984741,121.2600021362,124.6299972534,60239900
2022-07-22,125.0100021362,125.5000000000,121.3499984741,122.4199981689,51463800
2022-07-25,122.6999969482,123.6399993896,120.0299987793,121.1399993896,50221300
2022-07-26,115.7900009155,118.1500015259,114.5299987793,114.8099975586,67075100
2022-07-27,117.3099975586,121.9000015259,117.1600036621,120.9700012207,61582000
2022-07-28,121.5699996948,122.8399963379,118.0800018311,122.2799987793,82245500
2022-07-29,134.8999938965,137.6499938965,132.4100036621,134.9499969482,148892900
2022-08-01,134.9600067139,138.8300018311,133.5099945068,135.3899993896,76846900
2022-08-02,134.7200012207,137.4400024414,134.0899963379,134.1600036621,61922400
2022-08-03,136.2100067139,140.4900054932,136.0500030518,139.5200042725,71827800
2022-08-04,140.5800018311,143.5599975586,139.5500030518,142.5700073242,70585000
2022-08-05,140.1000061035,142.8600006104,139.6000061035,140.8000030518,50686900
2022-08-08,142.0500030518,144.2299957275,138.2899932861,139.4100036621,52229000
2022-08-09,138.0500030518,138.9499969482,136.2100067139,137.8300018311,40434700
2022-08-10,142.8999938965,144.6000061035,141.0099945068,142.6900024414,54773800
2022-08-11,143.8600006104,144.4900054932,139.7599945068,140.6399993896,44867300
2022-08-12,142.0500030518,143.5700073242,140.1199951172,143.5500030518,47643500
2022-08-15,142.8000030518,143.7599945068,141.4900054932,143.1799926758,39014600
2022-08-16,143.9100036621,146.5700073242,142.0000000000,144.7799987793,59102900
2022-08-17,142.6900024414,143.3800048828,140.7799987793,142.1000061035,48149800
2022-08-18,141.3200073242,142.7700042725,140.3800048828,142.3000030518,37458700
2022-08-19,140.4700012207,141.1100006104,137.9100036621,138.2299957275,47792800
2022-08-22,135.7200012207,136.3200073242,132.8500061035,133.2200012207,50461500
2022-08-23,133.4100036621,134.9900054932,132.9499969482,133.6199951172,36252100
2022-08-24,132.7500000000,135.4700012207,132.1000061035,133.8000030518,38627000
2022-08-25,135.2599945068,137.4199981689,134.2799987793,137.2799987793,37496300
2022-08-26,136.5500030518,137.8300018311,130.5000000000,130.7500000000,53322700
2022-08-29,129.8999938965,131.9499969482,128.7700042725,129.7899932861,48101600
2022-08-30,131.2500000000,132.0700073242,126.8499984741,128.7299957275,49203000
2022-08-31,129.4499969482,130.5899963379,126.7399978638,126.7699966431,53648700
2022-09-01,126.0000000000,128.0200042725,123.6600036621,127.8199996948,56636100
2022-09-02,129.5000000000,131.3800048828,126.3899993896,127.5100021362,57429800
2022-09-06,127.9199981689,128.6199951172,124.7399978638,126.1100006104,43888600
2022-09-07,126.1200027466,129.8200073242,125.4000015259,129.4799957275,47900300
2022-09-08,127.7200012207,130.2799987793,127.0999984741,129.8200073242,43988500
2022-09-09,130.9100036621,133.6900024414,130.7599945068,133.2700042725,49387600
2022-09-12,134.1000061035,136.4900054932,134.0000000000,136.4499969482,53826900
2022-09-13,131.0099945068,131.3999938965,126.2699966431,126.8199996948,72694000
2022-09-14,127.3600006104,128.8399963379,126.3300018311,128.5500030518,45316800
2022-09-15,127.3799972534,130.3699951172,125.5000000000,126.2799987793,52887200
2022-09-16,122.7799987793,123.8700027466,120.6999969482,123.5299987793,115667800
2022-09-19,122.1600036621,124.7099990845,121.8000030518,124.6600036621,47279700
2022-09-20,123.3499984741,124.4000015259,121.1399993896,122.1900024414,47698400
2022-09-21,122.4899978638,123.7600021362,118.4499969482,118.5400009155,58498900
2022-09-22,117.0800018311,118.7900009155,116.2600021362,117.3099975586,55229200
2022-09-23,116.0000000000,116.0500030518,112.0599975586,113.7799987793,65126700
2022-09-26,113.3000030518,117.3399963379,113.1299972534,115.1500015259,62723300
2022-09-27,117.1999969482,118.3199996948,113.0500030518,114.4100036621,60094700
2022-09-28,114.3799972534,118.6999969482,113.8000030518,118.0100021362,55763800
2022-09-29,115.5999984741,116.0699996948,113.0599975586,114.8000030518,58969700
2022-09-30,114.0800018311,116.9199981689,112.8399963379,113.0000000000,59479600
2022-10-03,113.5800018311,116.9100036621,112.4499969482,115.8799972534,50941900
2022-10-04,119.8899993896,123.0000000000,119.7900009155,121.0899963379,62812600
2022-10-05,118.5800018311,121.7500000000,117.6900024414,120.9499969482,48217500
2022-10-06,120.7699966431,121.5299987793,119.5000000000,120.3000030518,42253800
2022-10-07,118.0000000000,118.1699981689,113.8799972534,114.5599975586,54678000
2022-10-10,115.0999984741,116.2500000000,112.4300003052,113.6699981689,42339700
2022-10-11,112.7099990845,115.4800033569,110.3899993896,112.2099990845,56432200
2022-10-12,112.4899978638,113.8300018311,111.4000015259,112.9000015259,45728700
2022-10-13,107.8799972534,113.4400024414,105.3499984741,112.5299987793,86868100
2022-10-14,114.0999984741,114.9599990845,106.5999984741,106.9000015259,67737300
2022-10-17,110.1100006104,114.1900024414,110.0899963379,113.7900009155,62782000
2022-10-18,119.0599975586,119.5199966431,114.7900009155,116.3600006104,65607400
2022-10-19,114.7099990845,116.5899963379,113.2200012207,115.0699996948,47198100
2022-10-20,113.8300018311,118.2399978638,113.5100021362,115.2500000000,48795100
2022-10-21,114.7900009155,119.5899963379,114.5000000000,119.3199996948,55660500
2022-10-24,119.9800033569,120.3899993896,116.5699996948,119.8199996948,49531500
2022-10-25,119.6500015259,121.3199996948,118.9499969482,120.5999984741,50934600
2022-10-26,116.0000000000,119.3499984741,114.7600021362,115.6600036621,68802300
2022-10-27,113.9199981689,114.1200027466,109.7699966431,110.9599990845,129605400
2022-10-28,97.9100036621,103.9599990845,97.6600036621,103.4100036621,223133400
2022-10-31,103.5599975586,104.8700027466,100.7399978638,102.4400024414,99251400
2022-11-01,103.9899978638,104.5800018311,96.0599975586,96.7900009155,153370000
2022-11-02,97.3199996948,97.7399978638,92.0100021362,92.1200027466,135761800
2022-11-03,92.4700012207,93.5000000000,89.0199966431,89.3000030518,136683300
2022-11-04,91.4899978638,92.4400024414,88.0400009155,90.9800033569,129101300
2022-11-07,91.9499969482,92.0999984741,89.0400009155,90.5299987793,77495700
2022-11-08,90.7900009155,91.7200012207,88.2300033569,89.9800033569,88703400
2022-11-09,89.4700012207,89.4800033569,85.8700027466,86.1399993896,90796200
2022-11-10,92.9400024414,98.6900024414,91.6500015259,96.6299972534,173414900
2022-11-11,97.8799972534,101.1900024414,96.6600036621,100.7900009155,111590500
2022-11-14,98.7699966431,100.1200027466,97.2900009155,98.4899978638,99533100
2022-11-15,103.2099990845,103.7900009155,97.3399963379,98.9400024414,111336300
2022-11-16,96.8499984741,98.4899978638,95.5400009155,97.1200027466,87958800
2022-11-17,95.3700027466,96.9700012207,94.0299987793,94.8499984741,82617900
2022-11-18,95.9499969482,95.9899978638,92.4800033569,94.1399993896,72428200
2022-11-21,93.9700012207,95.0199966431,90.5899963379,92.4599990845,84330300
2022-11-22,92.6200027466,93.3499984741,90.8700027466,93.1999969482,62192000
2022-11-23,93.2399978638,94.5800018311,92.8300018311,94.1299972534,59414700
2022-11-25,93.7900009155,94.4300003052,93.0699996948,93.4100036621,35088600
2022-11-28,93.9300003052,96.4000015259,93.4300003052,93.9499969482,74943100
2022-11-29,94.0400009155,94.4100036621,91.4400024414,92.4199981689,65567300
2022-11-30,92.4700012207,96.5400009155,91.5299987793,96.5400009155,102805800
2022-12-01,96.9899978638,97.2300033569,94.9199981689,95.5000000000,68488000
2022-12-02,94.4800033569,95.3600006104,93.7799987793,94.1299972534,72496400
2022-12-05,93.0500030518,94.0599975586,90.8199996948,91.0100021362,71535500
2022-12-06,90.5000000000,91.0400009155,87.9000015259,88.2500000000,75503600
2022-12-07,88.3399963379,89.8899993896,87.4800033569,88.4599990845,68086900
2022-12-08,89.2399978638,90.8600006104,87.8799972534,90.3499984741,73305900
2022-12-09,88.9000015259,90.3000030518,88.6299972534,89.0899963379,67398500
2022-12-12,89.2099990845,90.5800018311,87.8700027466,90.5500030518,61999800
2022-12-13,95.2300033569,96.2500000000,90.5199966431,92.4899978638,100212000
2022-12-14,92.5000000000,93.4599990845,89.8700027466,91.5800018311,70298000
2022-12-15,89.8899993896,89.9700012207,87.4700012207,88.4499969482,84802900
2022-12-16,88.2699966431,89.3499984741,86.7300033569,87.8600006104,146144100
2022-12-19,87.5100021362,87.6299972534,84.5100021362,84.9199981689,83531500
2022-12-20,85.3300018311,86.6100006104,84.3300018311,85.1900024414,74348300
2022-12-21,86.1800003052,87.2300033569,85.2099990845,86.7699966431,59267200
2022-12-22,85.5199966431,85.6800003052,82.2500000000,83.7900009155,81431300
2022-12-23,83.2500000000,85.7799987793,82.9300003052,85.2500000000,57433700
2022-12-27,84.9700012207,85.3499984741,83.0000000000,83.0400009155,57284000
2022-12-28,82.8000030518,83.4800033569,81.6900024414,81.8199996948,58228600
2022-12-29,82.8700027466,84.5500030518,82.5500030518,84.1800003052,54995900
2022-12-30,83.1200027466,84.0500030518,82.4700012207,84.0000000000,62401200
2023-01-03,85.4599990845,86.9599990845,84.2099990845,85.8199996948,76706000
2023-01-04,86.5500030518,86.9800033569,83.3600006104,85.1399993896,68885100
2023-01-05,85.3300018311,85.4199981689,83.0699996948,83.1200027466,67930800
2023-01-06,83.0299987793,86.4000015259,81.4300003052,86.0800018311,83303400
2023-01-09,87.4599990845,89.4800033569,87.0800018311,87.3600006104,65266100
2023-01-10,87.5699996948,90.1900024414,87.2900009155,89.8700027466,67756600
2023-01-11,90.9300003052,95.2600021362,90.9300003052,95.0899963379,103126200
2023-01-12,96.9300003052,97.1900024414,93.5000000000,95.2699966431,85254800
2023-01-13,94.1800003052,98.3700027466,94.1200027466,98.1200027466,85549400
2023-01-17,98.6800003052,98.8899993896,95.7300033569,96.0500030518,72755000
2023-01-18,97.2500000000,99.3199996948,95.3799972534,95.4599990845,79570400
2023-01-19,94.7399978638,95.4400024414,92.8600006104,93.6800003052,69002700
2023-01-20,93.8600006104,97.3499984741,93.1999969482,97.2500000000,67481500
2023-01-23,97.5599975586,97.7799987793,95.8600006104,97.5199966431,76501100
2023-01-24,96.9300003052,98.0899963379,96.0000000000,96.3199996948,66929500
2023-01-25,92.5599975586,97.2399978638,91.5199966431,97.1800003052,94261600
2023-01-26,98.2399978638,99.4899978638,96.9199981689,99.2200012207,68523600
2023-01-27,99.5299987793,103.4899978638,99.5299987793,102.2399978638,87775600
2023-01-30,101.0899963379,101.7399978638,99.0100021362,100.5500030518,70691900
2023-01-31,101.1600036621,103.3499984741,101.1399993896,103.1299972534,66527300
2023-02-01,102.5299987793,106.2399978638,101.2399978638,105.1500015259,80450100
2023-02-02,110.2500000000,114.0000000000,108.8799972534,112.9100036621,158154200
2023-02-03,105.2600021362,108.7799987793,102.5199966431,103.3899993896,144374800
2023-02-06,102.9300003052,103.9499969482,100.6500015259,102.1800003052,81945200
2023-02-07,101.1699981689,102.4100036621,98.0800018311,102.1100006104,119501300
2023-02-08,102.0400009155,102.6699981689,98.7799987793,100.0500030518,75878300
2023-02-09,101.3199996948,101.7799987793,97.5699996948,98.2399978638,64622500
2023-02-10,97.5599975586,98.8199996948,96.2300033569,97.6100006104,52740100
2023-02-13,97.8499984741,99.6800003052,96.9100036621,99.5400009155,52841500
2023-02-14,98.4100036621,100.9199981689,97.5199966431,99.6999969482,56202900
2023-02-15,99.0899963379,101.1699981689,98.4499969482,101.1600036621,47957600
2023-02-16,99.2099990845,100.6299972534,98.0999984741,98.1500015259,56339200
2023-02-17,97.8000030518,97.9400024414,95.6500015259,97.1999969482,60029400
2023-02-21,95.3399963379,95.6100006104,94.2699966431,94.5800018311,56580400
2023-02-22,95.0999984741,97.0100021362,94.8000030518,95.7900009155,59534100
2023-02-23,96.1200027466,96.4300003052,93.6699981689,95.8199996948,48467000
2023-02-24,93.5299987793,94.1399993896,92.3199996948,93.5000000000,57053800
2023-02-27,94.2799987793,94.7799987793,93.1399993896,93.7600021362,47470300
2023-02-28,93.1399993896,94.6900024414,92.9199981689,94.2300033569,43959300
2023-03-01,93.8700027466,94.6800003052,91.5899963379,92.1699981689,52299500
2023-03-02,91.4100036621,92.2300033569,90.3899993896,92.1299972534,55509400
2023-03-03,92.7399978638,94.9400024414,92.6600036621,94.9000015259,55759600
2023-03-06,95.1900024414,96.5500030518,93.7399978638,93.7500000000,52112400
2023-03-07,94.0599975586,95.0899963379,92.7799987793,93.5500030518,49100700
2023-03-08,93.5999984741,94.1699981689,92.1800003052,93.9199981689,44899100
2023-03-09,93.6800003052,96.2099990845,92.1800003052,92.2500000000,56218700
2023-03-10,92.6699981689,93.5699996948,90.2500000000,90.7300033569,69827500
2023-03-13,89.9700012207,94.0199966431,88.1200027466,92.4300003052,72397100
2023-03-14,93.8300018311,95.0699996948,92.7099990845,94.8799972534,60912700
2023-03-15,93.2200012207,96.6699981689,93.0699996948,96.1999969482,70731800
2023-03-16,95.7500000000,100.9899978638,95.6100006104,100.0400009155,84446900
2023-03-17,99.7900009155,100.6600036621,97.4599990845,98.9499969482,87300200
2023-03-20,98.4100036621,98.4800033569,95.6999969482,97.7099990845,62388900
2023-03-21,98.1399993896,100.8499984741,98.0000000000,100.6100006104,58597300
2023-03-22,100.4499969482,102.0999984741,98.6100006104,98.6999969482,57475400
2023-03-23,100.4300003052,101.0599975586,97.6200027466,98.7099990845,57559300
2023-03-24,98.0699996948,98.3000030518,96.4000015259,98.1299972534,56095400
2023-03-27,99.0699996948,99.3399963379,97.0800018311,98.0400009155,46721300
2023-03-28,98.1100006104,98.4400024414,96.2900009155,97.2399978638,38720100
2023-03-29,98.6900024414,100.4199981689,98.5599975586,100.2500000000,49783300
2023-03-30,101.5500030518,103.0400009155,101.0100021362,102.0000000000,53633400
2023-03-31,102.1600036621,103.4899978638,101.9499969482,103.2900009155,56750300
2023-04-03,102.3000030518,103.2900009155,101.4300003052,102.4100036621,41135700
2023-04-04,102.7500000000,104.1999969482,102.1100006104,103.9499969482,48662500
2023-04-05,103.9100036621,103.9100036621,100.7500000000,101.0999984741,45175400
2023-04-06,100.7500000000,102.3799972534,99.8000030518,102.0599975586,43808000
2023-04-10,100.9599990845,102.1999969482,99.5699996948,102.1699981689,37261200
2023-04-11,100.8000030518,101.0000000000,99.0100021362,99.9199981689,60417800
2023-04-12,100.4000015259,100.5100021362,97.7099990845,97.8300018311,56735000
2023-04-13,98.9499969482,102.5699996948,98.7099990845,102.4000015259,67925100
2023-04-14,102.0699996948,103.1999969482,101.1100006104,102.5100021362,51450500
2023-04-17,103.1600036621,103.7300033569,101.5899963379,102.7399978638,39919500
2023-04-18,103.9499969482,104.1999969482,101.5199966431,102.3000030518,39790500
2023-04-19,101.5800018311,105.1200027466,101.3899993896,104.3000030518,58398900
2023-04-20,103.5299987793,105.2500000000,103.2099990845,103.8099975586,57696900
2023-04-21,106.0999984741,108.1500015259,105.0800018311,106.9599990845,86774200
2023-04-24,107.6600036621,109.2300033569,105.0699996948,106.2099990845,69575600
2023-04-25,104.9100036621,105.4499969482,102.4499969482,102.5699996948,65026800
2023-04-26,105.0400009155,106.6200027466,104.0999984741,104.9800033569,73803800
2023-04-27,108.1600036621,110.8600006104,106.8000030518,109.8199996948,149961200
2023-04-28,107.7300033569,109.4800033569,104.3300018311,105.4499969482,130715900
2023-05-01,104.9499969482,105.2300033569,101.8199996948,102.0500030518,74728100
2023-05-02,101.4700012207,103.9000015259,101.1500015259,103.6299972534,73469400
2023-05-03,103.7399978638,105.9599990845,103.2799987793,103.6500015259,65051900
2023-05-04,104.0400009155,105.3899993896,103.3099975586,104.0000000000,45345500
2023-05-05,104.2699966431,105.7600021362,103.5500030518,105.6600036621,56951700
2023-05-08,105.0400009155,106.0999984741,104.6999969482,105.8300018311,49430900
2023-05-09,105.4800033569,106.7900009155,105.1600036621,106.6200027466,44089400
2023-05-10,108.0999984741,110.6699981689,108.0500030518,110.1900024414,78627600
2023-05-11,111.0299987793,113.2799987793,110.4899978638,112.1800003052,74924800
2023-05-12,112.1600036621,112.6399993896,109.3199996948,110.2600021362,49852700
2023-05-15,111.1500015259,112.2900009155,109.2500000000,111.1999969482,53011100
2023-05-16,111.0500030518,114.7900009155,111.0500030518,113.4000015259,71472900
2023-05-17,114.8899993896,115.8300018311,114.2200012207,115.5000000000,65655200
2023-05-18,116.6900024414,118.5999984741,116.3399963379,118.1500015259,73174100
2023-05-19,118.1600036621,118.3099975586,115.6999969482,116.2500000000,55056300
2023-05-22,116.7699966431,116.7699966431,114.2500000000,115.0100021362,70741100
2023-05-23,114.2699966431,117.1399993896,113.7799987793,114.9899978638,67576300
2023-05-24,115.3499984741,117.3399963379,115.0199966431,116.7500000000,63487900
2023-05-25,116.6299972534,116.8700027466,114.3099975586,115.0000000000,66496700
2023-05-26,116.0400009155,121.5000000000,116.0199966431,120.1100006104,96779900
2023-05-30,122.3700027466,122.9199981689,119.8600006104,121.6600036621,64314800
2023-05-31,121.4499969482,122.0400009155,119.1699981689,120.5800018311,72800800
2023-06-01,120.6900024414,123.4899978638,119.9300003052,122.7699966431,54375100
2023-06-02,124.9199981689,126.3899993896,124.0199966431,124.2500000000,61264400
2023-06-05,123.3600006104,125.8000030518,123.0299987793,125.3000030518,47950100
2023-06-06,125.0699996948,127.4000015259,125.0000000000,126.6100006104,45695200
2023-06-07,127.0100021362,127.3700027466,120.6299972534,121.2300033569,95663300
2023-06-08,123.0100021362,125.6299972534,122.2600021362,124.2500000000,62159300
2023-06-09,124.0800018311,125.8000030518,123.1900024414,123.4300003052,51396000
2023-06-12,124.0199966431,126.7799987793,123.5299987793,126.5699996948,51338000
2023-06-13,128.1199951172,128.4100036621,125.1800003052,126.6600036621,50564800
2023-06-14,126.6999969482,126.9499969482,124.1200027466,126.4199981689,52422500
2023-06-15,125.2099990845,127.6900024414,124.3199996948,127.1100006104,60458500
2023-06-16,127.7099990845,127.9000015259,125.3000030518,125.4899978638,84247100
2023-06-20,124.9700012207,127.2500000000,124.5000000000,125.7799987793,56930100
2023-06-21,125.6399993896,126.7300033569,123.8499984741,124.8300018311,52137700
2023-06-22,125.3099975586,130.3300018311,125.1399993896,130.1499938965,90354600
2023-06-23,129.1100006104,130.8399963379,128.2799987793,129.3300018311,71927800
2023-06-26,129.3300018311,131.4900054932,127.0999984741,127.3300018311,59989300
2023-06-27,128.6300048828,130.0899963379,127.5500030518,129.1799926758,46801000
2023-06-28,128.9400024414,131.4799957275,128.4400024414,129.0399932861,52149500
2023-06-29,128.7700042725,129.2599945068,127.2600021362,127.9000015259,40761000
2023-06-30,129.4700012207,131.2500000000,128.9499969482,130.3600006104,54350700
2023-07-03,130.8200073242,131.8500061035,130.0700073242,130.2200012207,28264800
2023-07-05,130.2400054932,131.3999938965,129.6399993896,130.3800048828,35895400
2023-07-06,128.2500000000,128.7299957275,127.3700027466,128.3600006104,40639900
2023-07-07,128.5899963379,130.9700012207,128.1300048828,129.7799987793,41992300
2023-07-10,129.0700073242,129.2799987793,125.9199981689,127.1299972534,61889300
2023-07-11,127.7500000000,129.7700042725,127.3499984741,128.7799987793,49951500
2023-07-12,130.3099975586,131.2599945068,128.8300018311,130.8000030518,54022800
2023-07-13,134.0399932861,134.6699981689,132.7100067139,134.3000030518,61170900
2023-07-14,134.0599975586,136.6499938965,134.0599975586,134.6799926758,54487100
2023-07-17,134.5599975586,135.6199951172,133.2100067139,133.5599975586,48450200
2023-07-18,132.7100067139,133.8600006104,131.3500061035,132.8300018311,54882900
2023-07-19,133.3899993896,135.9900054932,132.5299987793,135.3600006104,54531000
2023-07-20,134.0700073242,134.7899932861,129.3300018311,129.9600067139,59820600
2023-07-21,131.3399963379,131.3699951172,128.4199981689,130.0000000000,133307300
2023-07-24,130.3099975586,131.6600036621,128.3500061035,128.8000030518,45591100
2023-07-25,129.3099975586,129.5800018311,128.5299987793,129.1300048828,39236700
2023-07-26,126.5100021362,129.0800018311,126.1100006104,128.1499938965,53910100
2023-07-27,131.0000000000,132.6300048828,127.7900009155,128.2500000000,52610700
2023-07-28,129.6900024414,133.0099945068,129.3300018311,132.2100067139,46317400
2023-07-31,133.1999969482,133.8699951172,132.3800048828,133.6799926758,41901500
2023-08-01,133.5500030518,133.6900024414,131.6199951172,131.6900024414,42098500
2023-08-02,130.1499938965,130.2299957275,126.8199996948,128.2100067139,51027600
2023-08-03,127.4800033569,129.8399963379,126.4100036621,128.9100036621,88585200
2023-08-04,141.0599975586,143.6300048828,139.3200073242,139.5700073242,153128500
2023-08-07,140.9900054932,142.5399932861,138.9499969482,142.2200012207,71213100
2023-08-08,140.6199951172,140.8399963379,138.4199981689,139.9400024414,51710500
2023-08-09,139.9700012207,140.3200073242,137.1000061035,137.8500061035,50017300
2023-08-10,139.0700073242,140.4100036621,137.4900054932,138.5599975586,58928400
2023-08-11,137.3999938965,139.3300018311,137.0000000000,138.4100036621,42905800
2023-08-14,138.3000030518,140.5899963379,137.7500000000,140.5700073242,47148700
2023-08-15,140.0500030518,141.2799987793,137.2299957275,137.6699981689,42781500
2023-08-16,137.1900024414,137.2700042725,135.0099945068,135.0700073242,41675900
2023-08-17,135.4600067139,136.0899963379,133.5299987793,133.9799957275,48354100
2023-08-18,131.6199951172,134.0700073242,131.1499938965,133.2200012207,48497700
2023-08-21,133.7400054932,135.1900024414,132.7100067139,134.6799926758,41442500
2023-08-22,135.0800018311,135.6499938965,133.7299957275,134.2500000000,32905400
2023-08-23,134.5000000000,135.9499969482,133.2200012207,135.5200042725,42801000
2023-08-24,136.3999938965,136.7799987793,131.8300018311,131.8399963379,43646300
2023-08-25,132.4700012207,133.8699951172,130.5800018311,133.2599945068,44147500
2023-08-28,133.7799987793,133.9499969482,131.8500061035,133.1399993896,34108400
2023-08-29,133.3800048828,135.1399993896,133.2500000000,134.9100036621,38646100
2023-08-30,134.9299926758,135.6799926758,133.9199981689,135.0700073242,36137000
2023-08-31,135.0599975586,138.7899932861,135.0000000000,138.0099945068,58781300
2023-09-01,139.4600067139,139.9600067139,136.8800048828,138.1199951172,40991500
2023-09-05,137.7299957275,137.8000030518,135.8200073242,137.2700042725,40636700
2023-09-06,136.3200073242,137.4499969482,134.6100006104,135.3600006104,41785500
2023-09-07,133.8999938965,138.0299987793,133.1600036621,137.8500061035,48498900
2023-09-08,136.8600006104,138.8500061035,136.7500000000,138.2299957275,38348200
2023-09-11,138.7500000000,143.6199951172,138.6399993896,143.1000061035,56764500
2023-09-12,142.3200073242,143.0000000000,140.6100006104,141.2299957275,42668500
2023-09-13,140.9499969482,144.9799957275,140.8699951172,144.8500061035,60465200
2023-09-14,145.0800018311,145.8600006104,142.9499969482,144.7200012207,64033600
2023-09-15,142.6900024414,143.5700073242,140.0899963379,140.3899993896,102909300
2023-09-18,140.4799957275,141.7500000000,139.2200012207,139.9799957275,42823500
2023-09-19,138.6999969482,138.8399963379,135.5599975586,137.6300048828,61482500
2023-09-20,138.5500030518,139.3699951172,135.1999969482,135.2899932861,46263700
2023-09-21,131.9400024414,132.2400054932,129.3099975586,129.3300018311,70343300
2023-09-22,131.1100006104,132.0299987793,128.5200042725,129.1199951172,59904300
2023-09-25,129.3600006104,131.7799987793,128.7700042725,131.2700042725,46017800
2023-09-26,130.1199951172,130.3899993896,125.2799987793,125.9800033569,73048200
2023-09-27,125.7600021362,127.4800033569,124.1299972534,125.9800033569,66553400
2023-09-28,124.0400009155,126.5800018311,123.0400009155,125.9800033569,54555000
2023-09-29,128.1999969482,129.1499938965,126.3199996948,127.1200027466,62411700
2023-10-02,127.2799987793,130.4700012207,126.5400009155,129.4600067139,48029700
2023-10-03,128.0599975586,128.5200042725,124.2500000000,124.7200012207,51565000
2023-10-04,126.0599975586,127.3600006104,125.6800003052,127.0000000000,44203900
2023-10-05,126.7099990845,126.7300033569,124.3300018311,125.9599990845,39660600
2023-10-06,124.1600036621,128.4499969482,124.1299972534,127.9599990845,46836700
2023-10-09,126.2200012207,128.7899932861,124.7600021362,128.2599945068,38773700
2023-10-10,128.8200073242,130.7400054932,128.0500030518,129.4799957275,42178600
2023-10-11,129.7400054932,132.0500030518,129.6100006104,131.8300018311,40741800
2023-10-12,132.1699981689,134.4799957275,131.2299957275,132.3300018311,55528600
2023-10-13,132.9799957275,133.3099975586,128.9499969482,129.7899932861,45786600
2023-10-16,130.6900024414,133.0700073242,130.4299926758,132.5500030518,42832900
2023-10-17,130.3899993896,132.5800018311,128.7100067139,131.4700012207,49344600
2023-10-18,129.8999938965,130.6699981689,127.5100021362,128.1300048828,42699500
2023-10-19,130.5700073242,132.2400054932,127.4700012207,128.3999938965,60961400
2023-10-20,128.0500030518,128.1699981689,124.9700012207,125.1699981689,56406400
2023-10-23,124.6299972534,127.8799972534,123.9800033569,126.5599975586,48260000
2023-10-24,127.7399978638,128.8000030518,126.3399963379,128.5599975586,46477400
2023-10-25,126.0400009155,126.3399963379,120.7900009155,121.3899993896,74577500
2023-10-26,120.6299972534,121.6399993896,118.3499984741,119.5699996948,100419500
2023-10-27,126.1999969482,130.0200042725,125.5199966431,127.7399978638,125309300
2023-10-30,129.7200012207,133.0000000000,128.5599975586,132.7100067139,72485500
2023-10-31,132.7500000000,133.5700073242,131.7100067139,133.0899963379,51589400
2023-11-01,133.9600067139,137.3500061035,133.7100067139,137.0000000000,61529400
2023-11-02,138.7299957275,138.8099975586,136.4700012207,138.0700073242,52236700
2023-11-03,138.9900054932,139.4900054932,137.4499969482,138.6000061035,44059800
2023-11-06,138.7599945068,140.7299957275,138.3600006104,139.7400054932,44970400
2023-11-07,140.5500030518,143.3699951172,140.5000000000,142.7100067139,53553500
2023-11-08,142.9700012207,143.1199951172,141.2200012207,142.0800018311,44521700
2023-11-09,142.0200042725,142.6499938965,139.8399963379,140.6000061035,36235400
2023-11-10,140.4600067139,143.6499938965,139.9100036621,143.5599975586,49287800
2023-11-13,142.0800018311,143.2299957275,140.6699981689,142.5899963379,35680600
2023-11-14,145.0000000000,147.2599945068,144.6799926758,145.8000030518,56674600
2023-11-15,147.0599975586,147.2899932861,142.5899963379,143.1999969482,63875700
2023-11-16,140.9100036621,143.3200073242,139.5200042725,142.8300018311,49653500
2023-11-17,142.6600036621,145.2299957275,142.5399932861,145.1799926758,49636700
2023-11-20,145.1300048828,146.6300048828,144.7299957275,146.1300048828,41951200
2023-11-21,143.9100036621,144.0500030518,141.5000000000,143.8999938965,71226000
2023-11-22,144.5700073242,147.7400054932,144.5700073242,146.7100067139,45669100
2023-11-24,146.6999969482,147.1999969482,145.3200073242,146.7400054932,22378400
2023-11-27,147.5299987793,149.2599945068,146.8800048828,147.7299957275,53762400
2023-11-28,146.9799957275,147.6000061035,145.5299987793,147.0299987793,42711700
2023-11-29,147.8500061035,148.5399932861,145.9700012207,146.3200073242,40610900
2023-11-30,144.7599945068,146.9299926758,144.3300018311,146.0899963379,65814000
2023-12-01,146.0000000000,147.2500000000,145.5500030518,147.0299987793,39951800
2023-12-04,145.2500000000,145.3500061035,142.8099975586,144.8399963379,48294200
2023-12-05,143.5500030518,148.5700073242,143.1300048828,146.8800048828,46822400
2023-12-06,147.5800018311,147.8500061035,144.2799987793,144.5200042725,39679000
2023-12-07,146.1499938965,147.9199981689,145.3399963379,146.8800048828,52352800
2023-12-08,145.4799957275,147.8399963379,145.3999938965,147.4199981689,41906000
2023-12-11,145.6600036621,146.1900024414,143.6399993896,145.8899993896,50907300
2023-12-12,145.5200042725,147.5000000000,145.3000030518,147.4799957275,44944300
2023-12-13,148.1199951172,149.4600067139,146.8200073242,148.8399963379,52766200
2023-12-14,149.9299926758,150.5399932861,145.5200042725,147.4199981689,58400800
2023-12-15,148.3800048828,150.5700073242,147.8800048828,149.9700012207,110089300
2023-12-18,150.5599975586,154.8500061035,150.0500030518,154.0700073242,62512800
2023-12-19,154.3999938965,155.1199951172,152.6900024414,153.7899932861,43171300
2023-12-20,152.8999938965,155.6300048828,151.5599975586,152.1199951172,50322100
2023-12-21,153.3000030518,153.9700012207,152.1000061035,153.8399963379,36305700
2023-12-22,153.7700042725,154.3500061035,152.7100067139,153.4199981689,29514100
2023-12-26,153.5599975586,153.9799957275,153.0299987793,153.4100036621,25067200
2023-12-27,153.5599975586,154.7799987793,153.1199951172,153.3399963379,31434700
2023-12-28,153.7200012207,154.0800018311,152.9499969482,153.3800048828,27057000
2023-12-29,153.1000061035,153.8899993896,151.0299987793,151.9400024414,39823200
2024-01-02,151.5399932861,152.3800048828,148.3899993896,149.9299926758,47339400
2024-01-03,149.1999969482,151.0500030518,148.3300018311,148.4700012207,49425500
2024-01-04,145.5899963379,147.3800048828,144.0500030518,144.5700073242,56039800
2024-01-05,144.6900024414,146.5899963379,144.5299987793,145.2400054932,45153100
2024-01-08,146.7400054932,149.3999938965,146.1499938965,149.1000061035,46757100
2024-01-09,148.3300018311,151.7100067139,148.2100067139,151.3699951172,43812600
2024-01-10,152.0599975586,154.4199981689,151.8800048828,153.7299957275,44421800
2024-01-11,155.0399932861,157.1699981689,153.1199951172,155.1799926758,49072700
2024-01-12,155.3899993896,156.1999969482,154.0099945068,154.6199951172,40484200
2024-01-16,153.5299987793,154.9900054932,152.1499938965,153.1600036621,41384600
2024-01-17,151.4900054932,152.1499938965,149.9100036621,151.7100067139,34953400
2024-01-18,152.7700042725,153.7799987793,151.8200073242,153.5000000000,37850200
2024-01-19,153.8300018311,155.7599945068,152.7400054932,155.3399963379,51651600
2024-01-22,156.8899993896,157.0500030518,153.8999938965,154.7799987793,43687500
2024-01-23,154.8500061035,156.2100067139,153.9299926758,156.0200042725,37986000
2024-01-24,157.8000030518,158.5099945068,156.4799957275,156.8699951172,48547300
2024-01-25,156.9499969482,158.5099945068,154.5500030518,157.7500000000,43638600
2024-01-26,158.4199981689,160.7200012207,157.9100036621,159.1199951172,51047400
2024-01-29,159.3399963379,161.2899932861,158.8999938965,161.2599945068,45270400
2024-01-30,160.6999969482,161.7299957275,158.4900054932,159.0000000000,45207400
2024-01-31,157.0000000000,159.0099945068,154.8099975586,155.1999969482,50284400
2024-02-01,155.8699951172,159.7599945068,155.6199951172,159.2799987793,76542400
2024-02-02,169.1900024414,172.5000000000,167.3300018311,171.8099975586,117218300
2024-02-05,170.1999969482,170.5500030518,167.6999969482,170.3099975586,55081300
2024-02-06,169.3899993896,170.7100067139,167.6499938965,169.1499938965,42505500
2024-02-07,169.4799957275,170.8800048828,168.9400024414,170.5299987793,47174100
2024-02-08,169.6499938965,171.4299926758,168.8800048828,169.8399963379,42316500
2024-02-09,170.8999938965,175.0000000000,170.5800018311,174.4499969482,56986000
2024-02-12,174.8000030518,175.3899993896,171.5399932861,172.3399963379,51050400
2024-02-13,167.7299957275,170.9499969482,165.7500000000,168.6399993896,56345100
2024-02-14,169.2100067139,171.2100067139,168.2799987793,170.9799957275,42815500
2024-02-15,170.5800018311,171.1699981689,167.5899963379,169.8000030518,49855200
2024-02-16,168.7400054932,170.4199981689,167.1699981689,169.5099945068,48107700
2024-02-20,167.8300018311,168.7100067139,165.7400054932,167.0800018311,41980300
2024-02-21,168.9400024414,170.2299957275,167.1399993896,168.5899963379,44420100
2024-02-22,173.1000061035,174.8000030518,171.7700042725,174.5800018311,55392400
2024-02-23,174.2799987793,175.7500000000,173.6999969482,174.9900054932,59715200
2024-02-26,175.6999969482,176.3699951172,174.2599945068,174.7299957275,44368600
2024-02-27,174.0800018311,174.6199951172,172.8600006104,173.5399932861,31141700
2024-02-28,172.4400024414,174.0500030518,172.2700042725,173.1600036621,28180500
2024-02-29,173.0099945068,177.2200012207,172.8500061035,176.7599945068,53805400
2024-03-01,176.7500000000,178.7299957275,176.0700073242,178.2200012207,31981200
2024-03-04,177.5299987793,180.1399993896,177.4900054932,177.5800018311,37381500
2024-03-05,176.9299926758,176.9299926758,173.3000030518,174.1199951172,37228300
2024-03-06,175.5399932861,176.4600067139,173.2599945068,173.5099945068,32090900
2024-03-07,174.8300018311,177.9900054932,173.7200012207,176.8200073242,34063300
2024-03-08,176.4400024414,178.7899932861,174.3300018311,175.3500061035,37893200
2024-03-11,174.3099975586,174.4700012207,171.4700012207,171.9600067139,28484800
2024-03-12,173.5000000000,176.7599945068,171.9799957275,175.3899993896,36610600
2024-03-13,175.8999938965,177.6199951172,175.5500030518,176.5599975586,30772600
2024-03-14,177.6900024414,179.5299987793,176.4700012207,178.7500000000,43705800
2024-03-15,176.6399993896,177.9299926758,173.8999938965,174.4199981689,72147400
2024-03-18,175.8000030518,176.6900024414,174.2799987793,174.4799957275,31250700
2024-03-19,174.2200012207,176.0899963379,173.5200042725,175.8999938965,26880900
2024-03-20,176.1399993896,178.5299987793,174.6399993896,178.1499938965,29947200
2024-03-21,179.9900054932,181.4199981689,178.1499938965,178.1499938965,32824300
2024-03-22,177.7500000000,179.2599945068,176.7500000000,178.8699951172,27995400
2024-03-25,178.0099945068,180.9900054932,177.2400054932,179.7100067139,29815500
2024-03-26,180.1499938965,180.4499969482,177.9499969482,178.3000030518,29659000
2024-03-27,179.8800048828,180.0000000000,177.3099975586,179.8300018311,33272600
2024-03-28,180.1699981689,181.6999969482,179.2599945068,180.3800048828,38051600
2024-04-01,180.7899932861,183.0000000000,179.9499969482,180.9700012207,29174500
2024-04-02,179.0700073242,180.7899932861,178.3800048828,180.6900024414,32611500
2024-04-03,179.8999938965,182.8699951172,179.8000030518,182.4100036621,31046600
2024-04-04,184.0000000000,185.1000061035,180.0000000000,180.0000000000,41624300
2024-04-05,182.3800048828,186.2700042725,181.9700012207,185.0700073242,42374000
2024-04-08,186.8999938965,187.2899932861,184.8099975586,185.1900024414,39221300
2024-04-09,187.2400054932,187.3399963379,184.1999969482,185.6699981689,36520100
2024-04-10,182.7700042725,186.2700042725,182.6699981689,185.9499969482,35879200
2024-04-11,186.7400054932,189.7700042725,185.5099945068,189.0500030518,40020700
2024-04-12,187.7200012207,188.3800048828,185.0800018311,186.1300048828,38608800
2024-04-15,187.4299926758,188.6900024414,183.0000000000,183.6199951172,48052400
2024-04-16,183.2700042725,184.8300018311,182.2599945068,183.3200073242,32891300
2024-04-17,184.3099975586,184.5700073242,179.8200073242,181.2799987793,31359700
2024-04-18,181.4700012207,182.3899993896,178.6499938965,179.2200012207,30723800
2024-04-19,178.7400054932,179.0000000000,173.4400024414,174.6300048828,56000700
2024-04-22,176.9400024414,178.8699951172,174.5599975586,177.2299957275,37924900
2024-04-23,178.0800018311,179.9299926758,175.9799957275,179.5399932861,37046500
2024-04-24,179.9400024414,180.3200073242,176.1799926758,176.5899963379,34185100
2024-04-25,169.6799926758,173.9199981689,166.3200073242,173.6699981689,49249400
2024-04-26,177.8000030518,180.8200073242,176.1300048828,179.6199951172,43919800
2024-04-29,182.7500000000,183.5299987793,179.3899993896,180.9600067139,54063900
2024-04-30,181.0899963379,182.9900054932,174.8000030518,175.0000000000,94639800
2024-05-01,181.6399993896,185.1499938965,176.5599975586,179.0000000000,94645100
2024-05-02,180.8500061035,185.1000061035,179.9100036621,184.7200012207,54303500
2024-05-03,186.9900054932,187.8699951172,185.4199981689,186.2100067139,39172000
2024-05-06,186.2799987793,188.7500000000,184.8000030518,188.6999969482,34725300
2024-05-07,188.9199981689,189.9400024414,187.3099975586,188.7599945068,34048900
2024-05-08,187.4400024414,188.4299926758,186.3899993896,188.0000000000,26136400
2024-05-09,188.8800048828,191.6999969482,187.4400024414,189.5000000000,43368400
2024-05-10,189.1600036621,189.8899993896,186.9299926758,187.4799957275,34141800
2024-05-13,188.0000000000,188.3099975586,185.3600006104,186.5700073242,24898600
2024-05-14,183.8200073242,187.7200012207,183.4499969482,187.0700073242,38698200
2024-05-15,185.9700012207,186.7200012207,182.7299957275,185.9900054932,75459900
2024-05-16,185.6000061035,187.3099975586,183.4600067139,183.6300048828,38834500
2024-05-17,183.7599945068,185.3000030518,183.3500061035,184.6999969482,33175700
2024-05-20,184.3399963379,186.6699981689,183.2799987793,183.5399932861,30511800
2024-05-21,182.3000030518,183.2599945068,180.7500000000,183.1499938965,50839100
2024-05-22,183.8800048828,185.2200012207,181.9700012207,183.1300048828,28148800
2024-05-23,183.6600036621,184.7599945068,180.0800018311,181.0500030518,33670200
2024-05-24,181.6499938965,182.4400024414,180.3000030518,180.7500000000,27471600
2024-05-28,179.9299926758,182.2400054932,179.4900054932,182.1499938965,29927000
2024-05-29,181.6999969482,184.0800018311,181.5500030518,182.0200042725,32009300
2024-05-30,181.3099975586,181.3399963379,178.3600006104,179.3200073242,29184700
2024-05-31,178.3000030518,179.2100067139,173.8699951172,176.4400024414,58903900
2024-06-03,177.6999969482,178.6999969482,175.9199981689,178.3399963379,30786600
2024-06-04,177.6399993896,179.8200073242,176.4400024414,179.3399963379,27198400
2024-06-05,180.1000061035,181.5000000000,178.7500000000,181.2799987793,32116400
2024-06-06,181.7500000000,185.0000000000,181.4900054932,185.0000000000,31371200
2024-06-07,184.8999938965,186.2899932861,183.3600006104,184.3000030518,28021500
2024-06-10,184.0700073242,187.2299957275,183.7899932861,187.0599975586,34445600
2024-06-11,187.0599975586,187.7700042725,184.5399932861,187.2299957275,27265100
2024-06-12,188.0200042725,188.3500061035,185.4299926758,186.8899993896,33984200
2024-06-13,186.0899963379,187.6699981689,182.6699981689,183.8300018311,39721500
2024-06-14,183.0800018311,183.7200012207,182.2299957275,183.6600036621,25456400
2024-06-17,182.5200042725,185.0000000000,181.2200012207,184.0599975586,35601900
2024-06-18,183.7400054932,184.2899932861,181.4299926758,182.8099975586,36659200
2024-06-20,182.9100036621,186.5099945068,182.7200012207,186.1000061035,44726800
2024-06-21,187.8000030518,189.2799987793,185.8600006104,189.0800018311,70792500
2024-06-24,189.3300018311,191.0000000000,185.3300018311,185.5700073242,50610400
2024-06-25,186.8099975586,188.8399963379,185.4199981689,186.3399963379,45366400
2024-06-26,186.9199981689,194.8000030518,186.2599945068,193.6100006104,65103900
2024-06-27,195.0099945068,199.8399963379,194.1999969482,197.8500061035,74397500
2024-06-28,197.7299957275,198.8500061035,192.5000000000,193.2500000000,76930200
2024-07-01,193.4900054932,198.3000030518,192.8200073242,197.1999969482,41192000
2024-07-02,197.2799987793,200.4299926758,195.9299926758,200.0000000000,45600000
2024-07-03,199.9400024414,200.0299987793,196.7599945068,197.5899963379,31597900
2024-07-05,198.6499938965,200.5500030518,198.1699981689,200.0000000000,39858900
2024-07-08,200.0399932861,201.1999969482,197.9600067139,199.2899932861,34767300
2024-07-09,199.3999938965,200.5700073242,199.0500030518,199.3399963379,32700100
2024-07-10,200.0000000000,200.1100006104,197.6900024414,199.7899932861,32883800
2024-07-11,200.0899963379,200.2700042725,192.8600006104,195.0500030518,44565000
2024-07-12,194.8000030518,196.4700012207,193.8300018311,194.4900054932,30598500
2024-07-15,194.5599975586,196.1900024414,190.8300018311,192.7200012207,40683200
2024-07-16,195.5899963379,196.6199951172,192.2400054932,193.0200042725,33994700
2024-07-17,191.3500061035,191.5800018311,185.9900054932,187.9299926758,48076100
2024-07-18,189.5899963379,189.6799926758,181.4499969482,183.7500000000,51043600
2024-07-19,181.1399993896,184.9299926758,180.1100006104,183.1300048828,43081800
2024-07-22,185.0000000000,185.0599975586,182.4799957275,182.5500030518,39931900
2024-07-23,184.1000061035,189.3899993896,183.5599975586,186.4100036621,47537700
2024-07-24,183.1999969482,185.4499969482,180.4100036621,180.8300018311,41532400
2024-07-25,182.9100036621,183.8999938965,176.8000030518,179.8500061035,44464200
2024-07-26,180.3899993896,183.1900024414,180.2400054932,182.5000000000,29506000
2024-07-29,183.8399963379,184.7500000000,182.3800048828,183.1999969482,33270100
2024-07-30,184.7200012207,185.8600006104,179.3800048828,181.7100067139,39508600
2024-07-31,185.0500030518,187.9400024414,184.4600067139,186.9799957275,41667300
2024-08-01,189.2899932861,190.6000061035,181.8699951172,184.0700073242,70435600
2024-08-02,166.7500000000,168.7700042725,160.5500030518,167.8999938965,141448400
2024-08-05,154.2100067139,162.9600067139,151.6100006104,161.0200042725,83149400
2024-08-06,161.7100067139,165.0800018311,158.5399932861,161.9299926758,59950800
2024-08-07,166.5500030518,167.5800018311,161.4299926758,162.7700042725,48408200
2024-08-08,165.1699981689,166.6900024414,162.5500030518,165.8000030518,44616200
2024-08-09,166.3999938965,168.5500030518,165.8500061035,166.9400024414,36401000
2024-08-12,168.1399993896,168.5500030518,166.1100006104,166.8000030518,30072800
2024-08-13,167.8099975586,171.0399932861,167.1000061035,170.2299957275,39237900
2024-08-14,172.1100006104,172.2799987793,168.8600006104,170.1000061035,28843800
2024-08-15,174.8600006104,177.9100036621,173.9900054932,177.5899963379,51698500
2024-08-16,177.0399932861,178.3399963379,176.2599945068,177.0599975586,31489200
2024-08-19,177.6399993896,178.3000030518,176.1600036621,178.2200012207,31129800
2024-08-20,177.9199981689,179.0099945068,177.4299926758,178.8800048828,26255200
2024-08-21,179.9199981689,182.3899993896,178.8899993896,180.1100006104,35599100
2024-08-22,181.3800048828,181.4700012207,175.6799926758,176.1300048828,32047500
2024-08-23,177.3399963379,178.9700012207,175.2400054932,177.0399932861,29150100
2024-08-26,176.6999969482,177.4700012207,174.3000030518,175.5000000000,22366200
2024-08-27,174.1499938965,174.8899993896,172.2500000000,173.1199951172,29842000
2024-08-28,173.6900024414,173.6900024414,168.9199981689,170.8000030518,29045000
2024-08-29,173.2200012207,174.2899932861,170.8099975586,172.1199951172,26407800
2024-08-30,172.7799987793,178.8999938965,172.6000061035,178.5000000000,43429400
2024-09-03,177.5500030518,178.2599945068,175.2599945068,176.2500000000,37817500
2024-09-04,174.4799957275,175.9799957275,172.5399932861,173.3300018311,30309200
2024-09-05,175.0000000000,179.8800048828,175.0000000000,177.8899993896,40170500
2024-09-06,177.2400054932,178.3800048828,171.1600036621,171.3899993896,41466500
2024-09-09,174.5299987793,175.8500061035,173.5099945068,175.3999938965,29037400
2024-09-10,177.4900054932,180.5000000000,176.7899932861,179.5500030518,36233800
2024-09-11,180.1000061035,184.9900054932,175.7299957275,184.5200042725,42564700
2024-09-12,184.8000030518,187.4100036621,183.5399932861,187.0000000000,33544200
2024-09-13,187.0000000000,188.5000000000,185.9100036621,186.4900054932,26495400
2024-09-16,185.2899932861,185.8099975586,183.3600006104,184.8899993896,26065500
2024-09-17,186.8500061035,189.4499969482,186.1399993896,186.8800048828,26091700
2024-09-18,186.4499969482,188.8000030518,185.0599975586,186.4299926758,34448100
2024-09-19,190.0399932861,190.9900054932,188.4700012207,189.8699951172,39543200
2024-09-20,190.2299957275,191.8399963379,187.4100036621,191.6000061035,100378600
2024-09-23,191.6399993896,194.4499969482,190.5700073242,193.8800048828,36993100
2024-09-24,194.2700042725,195.3699951172,190.1300048828,193.9600067139,43478900
2024-09-25,193.7500000000,193.9499969482,192.1600036621,192.5299987793,26391100
2024-09-26,194.3099975586,194.5299987793,189.5399932861,191.1600036621,36334900
2024-09-27,190.6799926758,190.8999938965,187.3399963379,187.9700012207,36002300
2024-09-30,187.1399993896,188.4900054932,184.6499938965,186.3300018311,41583900
2024-10-01,184.8999938965,186.1900024414,183.4499969482,185.1300048828,36044900
2024-10-02,184.4400024414,186.6000061035,184.0399932861,184.7599945068,23704100
2024-10-03,183.0500030518,183.4400024414,180.8800048828,181.9600067139,30204300
2024-10-04,185.7500000000,187.6000061035,183.6000061035,186.5099945068,40890300
2024-10-07,182.9499969482,183.6000061035,180.2500000000,180.8000030518,42364200
2024-10-08,181.9199981689,183.0899963379,180.9199981689,182.7200012207,26372100
2024-10-09,182.8200073242,185.8500061035,182.0500030518,185.1699981689,26343100
2024-10-10,187.1300048828,188.1300048828,185.8300018311,186.6499938965,27785000
2024-10-11,186.6300048828,189.9299926758,186.3000030518,188.8200073242,25751600
2024-10-14,189.7799987793,189.8300018311,187.3600006104,187.5399932861,22614400
2024-10-15,187.6300048828,188.4100036621,184.5800018311,187.6900024414,32178900
2024-10-16,187.0500030518,187.7799987793,185.6100006104,186.8899993896,23456800
2024-10-17,188.2200012207,188.9400024414,186.0000000000,187.5299987793,25039400
2024-10-18,187.1499938965,190.7400054932,186.2799987793,188.9900054932,37417700
2024-10-21,188.0500030518,189.4600067139,186.3999938965,189.0700073242,24639400
2024-10-22,188.3500061035,191.5200042725,186.9799957275,189.6999969482,29650600
2024-10-23,188.8500061035,189.1600036621,183.6900024414,184.7100067139,31937100
2024-10-24,185.2500000000,187.1100006104,183.8600006104,186.3800048828,21647400
2024-10-25,187.8500061035,190.4499969482,187.5299987793,187.8300018311,29362100
2024-10-28,189.5700073242,190.2100067139,188.2100067139,188.3899993896,27930800
2024-10-29,188.5800018311,191.4600067139,187.8200073242,190.8300018311,35690200
2024-10-30,194.6999969482,195.6100006104,192.4199981689,192.7299957275,37707600
2024-10-31,190.5099945068,190.6000061035,185.2299957275,186.3999938965,75146800
2024-11-01,199.0000000000,200.5000000000,197.0200042725,197.9299926758,99687800
2024-11-04,196.4499969482,197.3300018311,194.3099975586,195.7799987793,38492100
2024-11-05,196.0399932861,199.8200073242,195.9900054932,199.5000000000,30564800
2024-11-06,200.0099945068,207.5500030518,199.1399993896,207.0899963379,72292200
2024-11-07,207.4400024414,212.2500000000,207.1900024414,210.0500030518,52878400
2024-11-08,209.7200012207,209.9600067139,207.4400024414,208.1799926758,36075800
2024-11-11,208.5000000000,209.6499938965,205.5899963379,206.8399963379,35456000
2024-11-12,208.3699951172,209.5399932861,206.0099945068,208.9100036621,38942900
2024-11-13,209.3999938965,215.0899963379,209.1399993896,214.1000061035,46212900
2024-11-14,214.1600036621,215.8999938965,210.8800048828,211.4799957275,42620300
2024-11-15,206.7599945068,207.3399963379,199.6100006104,202.6100006104,86591100
2024-11-18,204.1499938965,204.6699981689,200.9499969482,201.6999969482,36409900
2024-11-19,199.3300018311,205.3000030518,198.7799987793,204.6100006104,31197900
2024-11-20,202.9799957275,203.1300048828,199.4499969482,202.8800048828,32769000
2024-11-21,203.4900054932,203.4900054932,195.7500000000,198.3800048828,58800000
2024-11-22,198.2500000000,199.2599945068,196.7500000000,197.1199951172,31530800
2024-11-25,199.2799987793,201.9499969482,199.0000000000,201.4499969482,40685700
2024-11-26,201.8999938965,208.0000000000,201.7899932861,207.8600006104,41673700
2024-11-27,206.9799957275,207.6399993896,205.0500030518,205.7400054932,28061600
2024-11-29,205.8300018311,208.1999969482,204.5899963379,207.8899993896,24892400
2024-12-02,209.9600067139,212.9900054932,209.5099945068,210.7100067139,39523200
2024-12-03,210.3099975586,214.0200042725,209.6499938965,213.4400024414,32214800
2024-12-04,215.9600067139,220.0000000000,215.7500000000,218.1600036621,48745700
2024-12-05,218.0299987793,222.1499938965,217.3000030518,220.5500030518,41140200
2024-12-06,220.7500000000,227.1499938965,220.6000061035,227.0299987793,44178100
2024-12-09,227.2100067139,230.0800018311,225.6699981689,226.0899963379,46819400
2024-12-10,226.0899963379,229.0599975586,224.1999969482,225.0399932861,31199900
2024-12-11,226.4100036621,231.1999969482,226.2599945068,230.2599945068,35385800
2024-12-12,229.8300018311,231.0899963379,227.6300048828,228.9700012207,28204100
2024-12-13,228.3999938965,230.1999969482,225.8600006104,227.4600067139,28768100
2024-12-16,230.2299957275,233.0000000000,228.0099945068,232.9299926758,37552100
2024-12-17,232.3899993896,232.7299957275,227.8500061035,231.1499938965,35948100
2024-12-18,230.7700042725,231.3999938965,220.1100006104,220.5200042725,43281400
2024-12-19,224.9100036621,226.0899963379,222.9199981689,223.2899932861,39918700
2024-12-20,219.8399963379,226.2100067139,218.7299957275,224.9199981689,88279200
2024-12-23,225.0099945068,226.8800048828,223.8999938965,225.0599975586,28070000
2024-12-24,226.9400024414,229.1399993896,226.1300048828,229.0500030518,15007500
2024-12-26,228.5000000000,228.5000000000,226.6699981689,227.0500030518,16146700
2024-12-27,225.6000061035,226.0299987793,220.8999938965,223.7500000000,27367100
2024-12-30,220.0599975586,223.0000000000,218.4299926758,221.3000030518,28321200
2024-12-31,222.9700012207,223.2299957275,218.9400024414,219.3899993896,24819700
2025-01-02,222.0299987793,225.1499938965,218.1900024414,220.2200012207,33956600
2025-01-03,222.5099945068,225.3600006104,221.6199951172,224.1900024414,27515600
2025-01-06,226.7799987793,228.8399963379,224.8399963379,227.6100006104,31849800
2025-01-07,227.8999938965,228.3800048828,221.4600067139,222.1100006104,28084200
2025-01-08,223.1900024414,223.5200042725,220.1999969482,222.1300048828,25033300
2025-01-10,221.4600067139,221.7100067139,216.5000000000,218.9400024414,36811500
2025-01-13,218.0599975586,219.3999938965,216.4700012207,218.4600067139,27262700
2025-01-14,220.4400024414,221.8200073242,216.1999969482,217.7599945068,24711700
2025-01-15,222.8300018311,223.5700073242,220.7500000000,223.3500061035,31291300
2025-01-16,224.4199981689,224.6499938965,220.3099975586,220.6600036621,24757300
2025-01-17,225.8399963379,226.5099945068,223.0800018311,225.9400024414,42370100
2025-01-21,228.8999938965,231.7799987793,226.9400024414,230.7100067139,39951500
2025-01-22,232.0200042725,235.4400024414,231.1900024414,235.0099945068,41448200
2025-01-23,234.1000061035,235.5200042725,231.5099945068,235.4199981689,26404400
2025-01-24,234.5000000000,236.3999938965,232.9299926758,234.8500061035,25890700
2025-01-27,226.2100067139,235.6100006104,225.8600006104,235.4199981689,49428300
2025-01-28,234.2899932861,241.7700042725,233.9799957275,238.1499938965,41587200
2025-01-29,239.0200042725,240.3899993896,236.1499938965,237.0700073242,26091700
2025-01-30,237.1399993896,237.9499969482,232.2200012207,234.6399993896,32020700
2025-01-31,236.5000000000,240.2899932861,236.4100036621,237.6799926758,36110200
2025-02-03,234.0599975586,239.2500000000,232.8999938965,237.4199981689,37285900
2025-02-04,239.0099945068,242.5200042725,238.0299987793,242.0599975586,29713800
2025-02-05,237.0200042725,238.3200073242,235.1999969482,236.1699981689,38727300
2025-02-06,238.0099945068,239.6600036621,236.0099945068,238.8300018311,60897100
2025-02-07,232.5000000000,234.8099975586,228.0599975586,229.1499938965,77539300
2025-02-10,230.5500030518,233.9199981689,229.1999969482,233.1399993896,35419900
2025-02-11,231.9199981689,233.4400024414,230.1300048828,232.7599945068,23713700
2025-02-12,230.4600067139,231.1799926758,228.1600036621,228.9299926758,32285200
2025-02-13,228.8500061035,230.4199981689,227.5200042725,230.3699951172,31346500
2025-02-14,229.1999969482,229.8899993896,227.2299957275,228.6799926758,27031100
2025-02-18,228.8200073242,229.3000030518,223.7200012207,226.6499938965,42975100
2025-02-19,225.5200042725,226.8300018311,223.7100067139,226.6300048828,28566700
2025-02-20,224.7799987793,225.1300048828,221.8099975586,222.8800048828,30001700
2025-02-21,223.2799987793,223.3099975586,214.7400054932,216.5800018311,55323900
2025-02-24,217.4499969482,217.7200012207,212.4199981689,212.7100067139,42387600
2025-02-25,211.6300048828,213.3399963379,204.1600036621,212.8000030518,58958000
2025-02-26,214.9400024414,218.1600036621,213.0899963379,214.3500061035,39120600
2025-02-27,218.3500061035,219.9700012207,208.3699951172,208.7400054932,40548600
2025-02-28,208.6499938965,212.6199951172,206.9900054932,212.2799987793,51771700
2025-03-03,213.3500061035,214.0099945068,202.5500030518,205.0200042725,42948400
2025-03-04,200.1100006104,206.8000030518,197.4299926758,203.8000030518,60853100
2025-03-05,204.8000030518,209.9799957275,203.2599945068,208.3600006104,38610100
2025-03-06,204.3999938965,205.7700042725,198.3000030518,200.6999969482,49863800
2025-03-07,199.4900054932,202.2700042725,192.5299987793,199.2500000000,59802800
2025-03-10,195.6000061035,196.7299957275,190.8500061035,194.5399932861,62350900
2025-03-11,193.8999938965,200.1799926758,193.3999938965,196.5899963379,54002900
2025-03-12,200.7200012207,201.5200042725,195.2899932861,198.8899993896,43679300
2025-03-13,198.1699981689,198.8800048828,191.8200073242,193.8899993896,41270800
2025-03-14,197.4100036621,198.6499938965,195.3200073242,197.9499969482,38096700
2025-03-17,198.7700042725,199.0000000000,194.3200073242,195.7400054932,47341800
2025-03-18,192.5200042725,194.0000000000,189.3800048828,192.8200073242,40414900
2025-03-19,193.3800048828,195.9700012207,191.9600067139,195.5399932861,39442900
2025-03-20,193.0700073242,199.3200073242,192.3000030518,194.9499969482,38921100
2025-03-21,192.8999938965,196.9900054932,192.5200042725,196.2100067139,60056900
2025-03-24,200.0000000000,203.6399993896,199.9499969482,203.2599945068,41625400
2025-03-25,203.6000061035,206.2100067139,203.2200012207,205.7100067139,31171200
2025-03-26,205.8399963379,206.0099945068,199.9299926758,201.1300048828,32855300
2025-03-27,200.8899993896,203.7899932861,199.2799987793,201.3600006104,27317700
2025-03-28,198.4199981689,199.2599945068,191.8800048828,192.7200012207,52548200
2025-03-31,188.1900024414,191.3300018311,184.3999938965,190.2599945068,63547600
2025-04-01,187.8600006104,193.9299926758,187.1999969482,192.1699981689,41267300
2025-04-02,187.6600036621,198.3399963379,187.6600036621,196.0099945068,53679200
2025-04-03,183.0000000000,184.1300048828,176.9199981689,178.4100036621,95553600
2025-04-04,167.1499938965,178.1399993896,166.0000000000,171.0000000000,123159400
2025-04-07,162.0000000000,183.4100036621,161.3800048828,175.2599945068,109327100
2025-04-08,185.2299957275,185.8999938965,168.5700073242,170.6600036621,87710400
2025-04-09,172.1199951172,192.6499938965,169.9299926758,191.1000061035,116804300
2025-04-10,185.4400024414,186.8699951172,175.8500061035,181.2200012207,68302000
2025-04-11,179.9299926758,185.8600006104,178.0000000000,184.8699951172,50594300
2025-04-14,186.8399963379,187.4400024414,179.2299957275,182.1199951172,48002500
2025-04-15,181.4100036621,182.3500061035,177.9299926758,179.5899963379,43642000
2025-04-16,176.2899932861,179.1000061035,171.4100036621,174.3300018311,51875300
2025-04-17,176.0000000000,176.2100067139,172.0000000000,172.6100006104,44726500
2025-04-21,169.6000061035,169.6000061035,165.2899932861,167.3200073242,48126100
2025-04-22,169.8500061035,176.7799987793,169.3500061035,173.1799926758,56607200
2025-04-23,183.4499969482,187.3800048828,180.1900024414,180.6000061035,63470100
2025-04-24,180.9199981689,186.7400054932,180.1799926758,186.5399932861,43763200
2025-04-25,187.6199951172,189.9400024414,185.4900054932,188.9900054932,36414300
2025-04-28,190.1100006104,190.2200012207,184.8899993896,187.6999969482,33224700
2025-04-29,183.9900054932,188.0200042725,183.6799926758,187.3899993896,41667300
2025-04-30,182.1699981689,185.0500030518,178.8500061035,184.4199981689,55176500
2025-05-01,190.6300048828,191.8099975586,187.5000000000,190.1999969482,74266000
2025-05-02,191.4400024414,192.8800048828,186.3999938965,189.9799957275,77903500
2025-05-05,186.5099945068,188.1799926758,185.5299987793,186.3500061035,35217500
2025-05-06,184.5700073242,187.9299926758,183.8500061035,185.0099945068,29314100
2025-05-07,185.5599975586,190.9900054932,185.0099945068,188.7100067139,43948600
2025-05-08,191.4299926758,194.3300018311,188.8200073242,192.0800018311,41043600
2025-05-09,193.3800048828,194.6900024414,191.1600036621,193.0599975586,29663100
2025-05-12,210.7100067139,211.6600036621,205.7500000000,208.6399993896,75205000
2025-05-13,211.0800018311,214.8399963379,210.1000061035,211.3699951172,56193700
2025-05-14,211.4499969482,211.9299926758,208.8500061035,210.2500000000,38492100
2025-05-15,206.4499969482,206.8800048828,202.6699981689,205.1699981689,64347300
2025-05-16,206.8500061035,206.8500061035,204.3699951172,205.5899963379,43318500
2025-05-19,201.6499938965,206.6199951172,201.2599945068,206.1600036621,34314800
2025-05-20,204.6300048828,205.5899963379,202.6499938965,204.0700073242,29470400
2025-05-21,201.6100006104,203.4600067139,200.0599975586,201.1199951172,42460900
2025-05-22,201.3800048828,205.7599945068,200.1600036621,203.1000061035,38938900
2025-05-23,198.8999938965,202.3699951172,197.8500061035,200.9900054932,33393500
2025-05-27,203.0899963379,206.6900024414,202.1900024414,206.0200042725,34892000
2025-05-28,205.9199981689,207.6600036621,204.4100036621,204.7200012207,28549800
2025-05-29,208.0299987793,208.8099975586,204.2299957275,205.6999969482,34650000
2025-05-30,204.8399963379,205.9900054932,201.6999969482,205.0099945068,51679400
2025-06-02,204.9799957275,207.0000000000,202.6799926758,206.6499938965,29113300
2025-06-03,207.1100006104,208.9499969482,205.0299987793,205.7100067139,33139100
2025-06-04,206.5500030518,208.1799926758,205.1799926758,207.2299957275,29915600
2025-06-05,209.5500030518,212.8099975586,207.5599975586,207.9100036621,51864200
2025-06-06,212.3999938965,213.8699951172,210.5000000000,213.5700073242,39832500
2025-06-09,214.7500000000,217.8500061035,212.8800048828,216.9799957275,38102500
2025-06-10,216.7799987793,217.6900024414,214.1499938965,217.6100006104,31303300
2025-06-11,217.4100036621,218.3999938965,212.8899993896,213.1999969482,39326000
2025-06-12,211.7799987793,213.5800018311,211.3300018311,213.2400054932,27640000
2025-06-13,209.9600067139,214.0500030518,209.6199951172,212.1000061035,29337800
2025-06-16,212.3099975586,217.0599975586,211.6000061035,216.1000061035,33284200
2025-06-17,215.1999969482,217.4100036621,214.5599975586,214.8200073242,32086300
2025-06-18,215.0899963379,217.9600067139,212.3399963379,212.5200042725,44360500
2025-06-20,214.6799926758,214.8899993896,208.2700042725,209.6900024414,75350700
2025-06-23,209.7899932861,210.3899993896,207.3099975586,208.4700012207,37311700
2025-06-24,212.1399993896,214.3399963379,211.0500030518,212.7700042725,38378800
2025-06-25,214.6199951172,216.0299987793,211.1100006104,211.9900054932,31755700
2025-06-26,213.1199951172,218.0399932861,212.0099945068,217.1199951172,50480800
2025-06-27,219.9199981689,223.3000030518,216.7400054932,223.3000030518,119217100
2025-06-30,223.5200042725,223.8200073242,219.1199951172,219.3899993896,58887800
2025-07-01,219.5000000000,221.8800048828,217.9299926758,220.4600067139,39256800
2025-07-02,219.7299957275,221.6000061035,219.0599975586,219.9199981689,30894200
2025-07-03,221.8200073242,224.0099945068,221.3600006104,223.4100036621,29632400
2025-07-07,223.0000000000,224.2899932861,222.3699951172,223.4700012207,36604100
2025-07-08,223.9199981689,224.0000000000,218.4299926758,219.3600006104,45692000
2025-07-09,221.0700073242,224.2899932861,220.4700012207,222.5399932861,38155100
2025-07-10,221.5500030518,222.7899932861,219.6999969482,222.2599945068,30370600
2025-07-11,223.5800018311,226.6799926758,222.3699951172,225.0200042725,50518300
2025-07-14,225.0700073242,226.6600036621,224.2400054932,225.6900024414,35702600
2025-07-15,226.1999969482,227.2700042725,225.4600067139,226.3500061035,34907300
2025-07-16,225.8800048828,226.1000061035,222.1799926758,223.1900024414,39535900
2025-07-17,223.3200073242,224.5000000000,222.5099945068,223.8800048828,31855800
2025-07-18,225.1399993896,226.3999938965,222.9799957275,226.1300048828,37833800
2025-07-21,225.8399963379,229.6900024414,225.6499938965,229.3000030518,40297600
2025-07-22,229.6799926758,230.0000000000,226.3500061035,227.4700012207,37483700
2025-07-23,228.4700012207,228.7899932861,227.0899963379,228.2899932861,28294900
2025-07-24,229.1699981689,236.0000000000,228.6399993896,232.2299957275,42902300
2025-07-25,232.2200012207,232.4799957275,231.1799926758,231.4400024414,28712100
2025-07-28,233.3500061035,234.2899932861,232.2500000000,232.7899932861,26300100
2025-07-29,234.1499938965,234.7200012207,230.3099975586,231.0099945068,33716200
2025-07-30,231.6399993896,231.8000030518,229.2899932861,230.1900024414,32993300
2025-07-31,235.7700042725,236.5299987793,231.3999938965,234.1100006104,104357300
2025-08-01,217.2100067139,220.4400024414,212.8000030518,214.7500000000,122258800
2025-08-04,217.3999938965,217.4400024414,211.4199981689,211.6499938965,77890100
2025-08-05,213.0500030518,216.3000030518,212.8699951172,213.7500000000,51505100
2025-08-06,214.6999969482,222.6499938965,213.7400054932,222.3099975586,54823000
2025-08-07,221.0000000000,226.2200012207,220.8200073242,223.1300048828,40603500
2025-08-08,223.1399993896,223.8000030518,221.8800048828,222.6900024414,32970500
2025-08-11,221.7799987793,223.0500030518,220.3999938965,221.3000030518,31646200
2025-08-12,222.2299957275,223.5000000000,219.0500030518,221.4700012207,37185800
2025-08-13,222.0000000000,224.9199981689,222.0000000000,224.5599975586,36508300
2025-08-14,227.3999938965,233.1100006104,227.0200042725,230.9799957275,61545800
2025-08-15,232.5800018311,234.0800018311,229.8099975586,231.0299987793,39649200
2025-08-18,230.2299957275,231.9100036621,228.3300018311,231.4900054932,25248900
2025-08-19,230.0899963379,230.5299987793,227.1199951172,228.0099945068,29891000
2025-08-20,227.1199951172,227.2700042725,220.9199981689,223.8099975586,36604300
2025-08-21,222.6499938965,222.7799987793,220.5000000000,221.9499969482,32140500
2025-08-22,222.7899932861,229.1399993896,220.8200073242,228.8399963379,37315300
2025-08-25,227.3500061035,229.6000061035,227.3099975586,227.9400024414,22633700
2025-08-26,227.1100006104,229.0000000000,226.0200042725,228.7100067139,26105400
2025-08-27,228.5700073242,229.8699951172,227.8099975586,229.1199951172,21254500
2025-08-28,229.0099945068,232.7100067139,228.0200042725,231.6000061035,33679600
2025-08-29,231.3200073242,231.8099975586,228.1600036621,229.0000000000,26199200
2025-09-02,223.5200042725,226.1699981689,221.8300018311,225.3399963379,38843900
2025-09-03,225.2100067139,227.1699981689,224.3600006104,225.9900054932,29223100
2025-09-04,231.1900024414,235.7700042725,230.7799987793,235.6799926758,59391800
2025-09-05,235.1900024414,236.0000000000,231.9299926758,232.3300018311,36721800
2025-09-08,234.9400024414,237.6000061035,233.7500000000,235.8399963379,33947100
2025-09-09,236.3600006104,238.8500061035,235.0800018311,238.2400054932,27033800
2025-09-10,237.5200042725,237.6799926758,229.1000061035,230.3300018311,60907700
2025-09-11,231.4900054932,231.5299987793,229.3399963379,229.9499969482,37485600
2025-09-12,230.3500061035,230.7899932861,226.2899932861,228.1499938965,38496200
2025-09-15,230.6300048828,233.7299957275,230.3200073242,231.4299926758,33243300
2025-09-16,232.9400024414,235.8999938965,232.2299957275,234.0500030518,38203900
2025-09-17,233.7700042725,234.3000030518,228.7100067139,231.6199951172,42815200
2025-09-18,232.5000000000,233.4799957275,228.7899932861,231.2299957275,37931700
2025-09-19,232.3699951172,234.1600036621,229.6999969482,231.4799957275,97943200
2025-09-22,230.5599975586,230.5700073242,227.5099945068,227.6300048828,45914500
2025-09-23,227.8300018311,227.8600006104,220.0700073242,220.7100067139,70956200
2025-09-24,224.1499938965,224.5599975586,219.4499969482,220.2100067139,49509000
2025-09-25,220.0599975586,220.6699981689,216.4700012207,218.1499938965,52226300
2025-09-26,219.0800018311,221.0500030518,218.0200042725,219.7799987793,41650100
2025-09-29,220.0800018311,222.6000061035,219.3000030518,222.1699981689,44259200
2025-09-30,222.0299987793,222.2400054932,217.8899993896,219.5700073242,48396400
2025-10-01,217.3600006104,222.1499938965,216.6100006104,220.6300048828,43933800
2025-10-02,221.0099945068,222.8099975586,218.9499969482,222.4100036621,41258600
2025-10-03,223.4400024414,224.1999969482,219.3399963379,219.5099945068,43639000
2025-10-06,221.0000000000,221.7299957275,216.0299987793,220.8999938965,43690900
2025-10-07,220.8800048828,222.8899993896,220.1699981689,221.7799987793,31194700
2025-10-08,222.9199981689,226.7299957275,221.1900024414,225.2200012207,46686000
2025-10-09,225.0000000000,228.2100067139,221.7500000000,227.7400054932,46412100
2025-10-10,226.2100067139,228.2500000000,216.0000000000,216.3699951172,72367500
2025-10-13,217.6999969482,220.6799926758,217.0399932861,220.0700073242,37809700
2025-10-14,215.5599975586,219.3200073242,212.6000061035,216.3899993896,45665600
2025-10-15,216.6199951172,217.7100067139,212.6600036621,215.5700073242,45909500
2025-10-16,215.6699981689,218.5899963379,212.8099975586,214.4700012207,42414600
2025-10-17,214.5599975586,214.8000030518,211.0299987793,213.0399932861,45986900
2025-10-20,213.8800048828,216.6900024414,213.5899963379,216.4799957275,38882800
2025-10-21,218.4299926758,223.3200073242,217.9900054932,222.0299987793,50494600
2025-10-22,219.3000030518,220.0099945068,216.5200042725,217.9499969482,44308500
2025-10-23,219.0000000000,221.3000030518,218.1799926758,221.0899963379,31540000
2025-10-24,221.9700012207,225.3999938965,221.8999938965,224.2100067139,38685100
2025-10-27,227.6600036621,228.3999938965,225.5399932861,226.9700012207,38267000
2025-10-28,228.2200012207,231.4900054932,226.2100067139,229.2500000000,47100000
2025-10-29,231.6699981689,232.8200073242,227.7599945068,230.3000030518,52036200
2025-10-30,227.0599975586,228.4400024414,222.7500000000,222.8600006104,102252900
2025-10-31,250.1000061035,250.5000000000,243.9799957275,244.2200012207,166340800
2025-11-03,255.3600006104,258.6000061035,252.8999938965,254.0000000000,95997800
2025-11-04,250.3800048828,257.0100097656,248.6600036621,249.3200073242,51546300
2025-11-05,249.0299987793,251.0000000000,246.1600036621,250.1999969482,40610700
2025-11-06,249.1600036621,250.3800048828,242.1699981689,243.0399932861,46004200
2025-11-07,242.8999938965,244.8999938965,238.4900054932,244.4100036621,46374300
2025-11-10,248.3399963379,251.7500000000,245.5899963379,248.3999938965,36476500
2025-11-11,248.4100036621,249.7500000000,247.2299957275,249.1000061035,23564100
2025-11-12,250.2400054932,250.3699951172,243.7500000000,244.1999969482,31190100
2025-11-13,243.0500030518,243.7500000000,236.5000000000,237.5800018311,41401700
2025-11-14,235.0599975586,238.7299957275,232.8899993896,234.6900024414,38956700
2025-11-17,233.2500000000,234.6000061035,229.1900024414,232.8699951172,59919000
2025-11-18,228.1000061035,230.1999969482,222.4199981689,222.5500030518,60608400
2025-11-19,223.7400054932,223.7400054932,218.5200042725,222.6900024414,58335600
2025-11-20,227.0500030518,227.4100036621,216.7400054932,217.1399993896,50309000
2025-11-21,216.3500061035,222.2100067139,215.1799926758,220.6900024414,68490500
2025-11-24,222.5599975586,227.3300018311,222.2700042725,226.2799987793,54318400
2025-11-25,226.3800048828,230.5200042725,223.8000030518,229.6699981689,39379300
2025-11-26,230.7400054932,231.7500000000,228.7700042725,229.1600036621,38497900
2025-11-28,231.2400054932,233.2899932861,230.2200012207,233.2200012207,20292300
2025-12-01,233.2200012207,235.8000030518,232.2500000000,233.8800048828,42904000
2025-12-02,235.0099945068,238.9700012207,233.5500030518,234.4199981689,45785400
2025-12-03,233.3500061035,233.3800048828,230.6100006104,232.3800048828,35495100
2025-12-04,232.7700042725,233.5000000000,226.8000030518,229.1100006104,45683200
2025-12-05,230.3200073242,231.2400054932,228.5500030518,229.5299987793,33117400
2025-12-08,229.5899963379,230.8300018311,226.2700042725,226.8899993896,35019200
2025-12-09,226.8399963379,228.5700073242,225.1100006104,227.9199981689,25841700
2025-12-10,228.8099975586,232.4199981689,228.4600067139,231.7799987793,38790700
2025-12-11,230.7100067139,232.1100006104,228.6900024414,230.2799987793,28249600
2025-12-12,229.8699951172,230.0800018311,225.1199951172,226.1900024414,35639100
2025-12-15,227.9299926758,227.9299926758,221.5000000000,222.5399932861,47286100
2025-12-16,223.0399932861,223.6600036621,221.1300048828,222.5599975586,39298900
2025-12-17,224.6600036621,225.1900024414,220.9900054932,221.2700042725,44034400
2025-12-18,225.7100067139,229.2299957275,224.4100036621,226.7599945068,50272400
2025-12-19,226.7599945068,229.1300048828,225.5800018311,227.3500061035,85544400
2025-12-22,228.6100006104,229.4799957275,226.7100067139,228.4299926758,32261300
2025-12-23,229.0599975586,232.4499969482,228.7299957275,232.1399993896,29230200
2025-12-24,232.1300048828,232.9499969482,231.3300018311,232.3800048828,11420500
2025-12-26,232.0399932861,232.9900054932,231.1799926758,232.5200042725,15994700
2025-12-29,231.9400024414,232.6000061035,230.7700042725,232.0700073242,19797900
2025-12-30,231.2100067139,232.7700042725,230.1999969482,232.5299987793,21910500
2025-12-31,232.9100036621,232.9900054932,230.1199951172,230.8200073242,24383700
2026-01-02,231.3399963379,235.4600067139,224.6999969482,226.5000000000,51456200
2026-01-05,228.8399963379,234.0000000000,227.1799926758,233.0599975586,49733300
2026-01-06,232.1000061035,243.1799926758,232.0700073242,240.9299926758,53764700
2026-01-07,239.6100006104,245.2899932861,239.5200042725,241.5599975586,42236500
2026-01-08,243.0599975586,246.4100036621,241.8800048828,246.2899932861,39509800
2026-01-09,244.5700073242,247.8600006104,242.2400054932,247.3800048828,34560000
2026-01-12,246.7299957275,248.9400024414,245.9600067139,246.4700012207,35867800
2026-01-13,246.5299987793,247.6600036621,240.2500000000,242.6000061035,38371800
2026-01-14,241.1499938965,241.2799987793,236.2200012207,236.6499938965,41410600
2026-01-15,239.3099975586,240.6499938965,236.6300048828,238.1799926758,43003600
2026-01-16,239.0899963379,239.5700073242,236.4100036621,239.1199951172,45888300
2026-01-20,233.7599945068,235.0899963379,229.3399963379,231.0000000000,47737900
2026-01-21,231.0899963379,232.3000030518,226.8800048828,231.3099975586,47276100
2026-01-22,234.0500030518,235.7200012207,230.8999938965,234.3399963379,31913300
2026-01-23,234.9600067139,240.4499969482,234.5700073242,239.1600036621,33778500
2026-01-26,239.9799957275,240.9499969482,237.5399932861,238.4199981689,32825500
2026-01-27,239.6900024414,244.8800048828,238.0800018311,244.6799926758,38029200
2026-01-28,246.3699951172,247.7799987793,241.5299987793,243.0099945068,40882700
2026-01-29,242.8200073242,243.0000000000,236.7400054932,241.7299957275,47229600
2026-01-30,239.8899993896,243.3200073242,237.6399993896,239.3000030518,46585000
2026-02-02,238.3099975586,245.6300048828,238.1699981689,242.9600067139,37546100
2026-02-03,244.9799957275,246.3500061035,235.4499969482,238.6199951172,53831300
2026-02-04,238.8600006104,238.8600006104,231.8200073242,232.9900054932,51299900
2026-02-05,224.9100036621,226.3099975586,220.3800048828,222.6900024414,103509200
2026-02-06,202.6999969482,211.4400024414,200.3099975586,210.3200073242,179210900
2026-02-09,208.9700012207,212.8099975586,203.3500061035,208.7200012207,91178400
2026-02-10,208.8000030518,212.6499938965,206.4100036621,206.9600067139,67175000
2026-02-11,208.0599975586,208.5700073242,202.4900054932,204.0800018311,65545500
2026-02-12,203.9600067139,203.9600067139,197.5599975586,199.6000061035,83975400
2026-02-13,198.8800048828,201.1600036621,197.2799987793,198.7899932861,66321600
2026-02-17,198.1300048828,201.7400054932,196.0000000000,201.1499938965,69879200
2026-02-18,202.0700073242,206.8600006104,201.5099945068,204.7899932861,51003300
2026-02-19,203.8000030518,205.6399993896,202.8099975586,204.8600006104,35669600
2026-02-20,204.7599945068,211.1699981689,203.7500000000,210.1100006104,65881600
2026-02-23,208.1000061035,208.4299926758,203.1100006104,205.2700042725,53581500
2026-02-24,205.4700012207,210.3600006104,203.2500000000,208.5599975586,41137200
2026-02-25,210.4600067139,211.5899963379,208.9299926758,210.6399993896,41346400
2026-02-26,210.7299957275,211.0500030518,205.3500061035,207.9199981689,47756800
2026-02-27,206.8300018311,210.3300018311,205.1999969482,210.0000000000,57422800
2026-03-02,204.5500030518,209.7299957275,203.4600067139,208.3899993896,46001000
2026-03-03,203.1000061035,209.1799926758,202.4799957275,208.7299957275,43184900
2026-03-04,210.4700012207,217.5399932861,210.1499938965,216.8200073242,54731100
2026-03-05,215.9799957275,220.4700012207,215.5899963379,218.9400024414,60943400
2026-03-06,214.9900054932,217.3200073242,212.5299987793,213.2100067139,51152700
2026-03-09,210.4499969482,213.8200073242,207.1100006104,213.4900054932,54642900
2026-03-10,214.1900024414,215.6499938965,212.4299926758,214.3300018311,35678800
2026-03-11,215.7100067139,217.0000000000,211.3500061035,212.6499938965,34199300
2026-03-12,210.3899993896,211.7100067139,208.1499938965,209.5299987793,44349500
2026-03-13,209.6100006104,210.5599975586,206.2200012207,207.6699981689,35662100
2026-03-16,208.3500061035,212.7200012207,207.4499969482,211.7400054932,42209300
2026-03-17,212.8200073242,215.6999969482,212.4299926758,215.1999969482,44969900
2026-03-18,213.9299926758,215.1399993896,208.8300018311,209.8699951172,37846600
2026-03-19,207.0599975586,209.1199951172,206.0500030518,208.7599945068,36440600
2026-03-20,207.3999938965,207.5399932861,204.3200073242,205.3699951172,63694600
2026-03-23,209.7899932861,212.8000030518,209.5099945068,210.1399993896,44277400
2026-03-24,207.9499969482,209.3500061035,206.6399993896,207.2400054932,35351400
2026-03-25,211.5599975586,213.0700073242,209.8999938965,211.7100067139,36388800
2026-03-26,210.6100006104,212.8899993896,207.1199951172,207.5399932861,46746000
2026-03-27,206.4600067139,206.6000061035,199.1399993896,199.3399963379,56009800
2026-03-30,201.4799957275,203.8000030518,199.9799957275,200.9499969482,46373800
2026-03-31,204.8500061035,210.2799987793,204.1399993896,208.2700042725,58470100
2026-04-01,210.4400024414,213.5800018311,208.1900024414,210.5700073242,45955400
2026-04-02,206.5399932861,212.2100067139,204.8999938965,209.7700042725,31453000
2026-04-06,209.8000030518,212.9499969482,209.5899963379,212.7899932861,25385500
2026-04-07,211.2400054932,213.9700012207,209.0800018311,213.7700042725,28154600
2026-04-08,223.7899932861,226.1000061035,219.6199951172,221.2500000000,51092700
2026-04-09,225.2299957275,233.8000030518,223.2700042725,233.6499938965,65964200
2026-04-10,235.3000030518,240.4299926758,235.2100067139,238.3800048828,56912800
2026-04-13,237.4499969482,240.0000000000,235.7500000000,239.8899993896,42166200
2026-04-14,241.7799987793,252.1799926758,241.7799987793,249.0200042725,72685000
2026-04-15,249.2500000000,250.4400024414,247.1999969482,248.5000000000,43045200
2026-04-16,248.5099945068,250.0000000000,244.1999969482,249.6999969482,41895700
2026-04-17,254.9900054932,256.1799926758,250.1100006104,250.5599975586,52029300
2026-04-20,249.1900024414,250.1799926758,245.3699951172,248.2799987793,39463100
2026-04-21,255.0899963379,255.0899963379,249.1000061035,249.9100036621,42922400
2026-04-22,252.4400024414,255.9400024414,250.3300018311,255.3600006104,36065100
2026-04-23,255.3899993896,258.7900085449,253.0700073242,255.0800018311,39091400
2026-04-24,259.9800109863,264.5000000000,257.6900024414,263.9899902344,53777400
2026-04-27,263.4599914551,264.1499938965,260.3399963379,261.1199951172,44906800
2026-04-28,258.3900146484,261.0299987793,256.6300048828,259.7000122070,42204400
2026-04-29,257.9899902344,265.9100036621,257.7000122070,263.0400085449,72367900
2026-04-30,273.1700134277,273.8800048828,256.1600036621,265.0599975586,100974900
2026-05-01,265.5799865723,273.3200073242,262.7399902344,268.2600097656,50825200
2026-05-04,268.7999877930,276.1000061035,268.7999877930,272.0499877930,49083700
2026-05-05,276.0799865723,278.5599975586,272.3800048828,273.5499877930,41908500
2026-05-06,272.8900146484,277.7999877930,272.2099914551,274.9899902344,44552000
2026-05-07,275.0199890137,276.6300048828,270.4899902344,271.1700134277,35892900
2026-05-08,271.6300048828,274.0000000000,269.9500122070,272.6799926758,34732700
2026-05-11,269.8399963379,273.6300048828,268.4800109863,268.9899902344,38176700
2026-05-12,266.7099914551,267.6499938965,262.6300048828,265.8200073242,36776200
2026-05-13,264.4299926758,270.7200012207,263.2000122070,270.1300048828,39670900
2026-05-14,269.1499938965,270.7799987793,266.6300048828,267.2200012207,31338400
2026-05-15,262.5000000000,264.3599853516,260.8900146484,264.1400146484,40770300
2026-05-18,263.8699951172,268.8500061035,262.5299987793,264.8599853516,33690800
2026-05-19,262.0400085449,262.2500000000,255.1900024414,259.3399963379,40340700
2026-05-20,260.0499877930,265.5799865723,259.5299987793,265.0100097656,34933200
2026-05-21,263.5000000000,269.4899902344,261.3699951172,268.4599914551,36591700
2026-05-22,268.6600036621,269.7900085449,266.2399902344,266.3200073242,27535500
2026-05-26,267.9400024414,269.2999877930,262.0700073242,265.2900085449,38028100
2026-05-27,266.1499938965,272.4100036621,265.7000122070,271.8500061035,40061900
2026-05-28,272.2699890137,274.5000000000,267.4400024414,274.0000000000,40630400
2026-05-29,271.2900085449,274.7500000000,269.6400146484,270.6400146484,54749600
2026-06-01,266.2900085449,266.6300048828,260.7000122070,261.2600097656,53604400
2026-06-02,257.1600036621,261.2000122070,254.3699951172,256.5199890137,41811000
2026-06-03,254.6999969482,257.0899963379,247.7100067139,250.0200042725,51394200
2026-06-04,253.1199951172,255.8300018311,251.7500000000,253.7899932861,35609800
2026-06-05,254.2599945068,256.3800048828,245.7799987793,246.0299987793,55607800
2026-06-08,246.6799926758,249.4199981689,243.3600006104,245.2200012207,33899500
2026-06-09,247.7299957275,250.4299926758,240.3999938965,244.1900024414,44425400
2026-06-10,243.6100006104,244.0700073242,237.4499969482,238.0000000000,38590200
2026-06-11,237.9299926758,242.1399993896,235.1799926758,241.5099945068,41335400
2026-06-12,243.2100067139,243.3600006104,233.5899963379,238.5500030518,51186600
2026-06-15,245.0200042725,247.8099975586,244.7299957275,246.0200042725,41711600
2026-06-16,248.0000000000,249.5099945068,245.4499969482,246.0000000000,35187400
2026-06-17,244.8999938965,245.9100036621,236.0000000000,237.5000000000,44780800
2026-06-18,240.1199951172,245.7299957275,236.0200042725,244.3899993896,75624400
2026-06-22,240.0800018311,242.0000000000,232.2400054932,232.7899932861,68388500
2026-06-23,232.5500030518,236.8699951172,232.0000000000,234.1100006104,60492600
2026-06-24,233.8500061035,242.4199981689,232.9499969482,234.2700042725,70282600
2026-06-25,232.0200042725,232.3200073242,225.5500030518,227.0099945068,77674100
2026-06-26,227.2100067139,233.8999938965,226.1300048828,232.6900024414,248372100
2026-06-29,234.2200012207,249.7100067139,233.8000030518,240.1399993896,77619200
2026-06-30,237.3500061035,241.5399932861,237.1699981689,238.3399963379,66228300
2026-07-01,239.7500000000,244.8999938965,234.8999938965,241.6999969482,53829900
2026-07-02,241.6100006104,246.7200012207,241.0800018311,242.6699981689,48246400
2026-07-06,243.8000030518,246.0399932861,240.8800048828,244.1600036621,40044000
2026-07-07,246.9799957275,248.9299926758,242.6999969482,245.9799957275,40579600
2026-07-08,244.2700042725,244.8000030518,240.5200042725,243.6199951172,29653000
2026-07-09,239.8200073242,247.5000000000,238.2500000000,247.0399932861,38091700
2026-07-10,249.5500030518,251.0299987793,244.4100036621,245.3399963379,31654000
2026-07-13,244.6799926758,249.6499938965,244.1799926758,247.3099975586,34636100
2026-07-14,245.5500030518,248.5599975586,243.8000030518,247.4900054932,30108100
2026-07-15,249.7500000000,256.4800109863,249.7500000000,254.9600067139,45240600
2026-07-16,255.1199951172,258.0799865723,248.0000000000,249.8899993896,45343700
2026-07-17,244.4600067139,250.2400054932,243.5899963379,247.2299957275,43572400
2026-07-20,248.7599945068,252.8899993896,248.0000000000,249.9900054932,32406500
2026-07-21,249.1100006104,249.3399963379,246.4199981689,247.5500030518,27732100
2026-07-22,248.2700042725,248.4499969482,242.4499969482,244.8500061035,34112700
2026-07-23,236.2599945068,238.3500061035,232.0500030518,233.6600036621,47465300
2026-07-24,234.3800048828,234.9499969482,231.3399963379,232.1100006104,35017400
2026-07-27,235.6699981689,235.8899993896,230.9900054932,231.3899993896,34999500
2026-07-28,232.8500061035,233.1100006104,228.1000061035,230.8600006104,44521600
2026-07-29,229.3200073242,232.8200073242,226.1600036621,226.6499938965,44957500
2026-07-30,233.3500061035,239.8200073242,231.0599975586,235.5000000000,101839800
2026-07-31,265.0000000000,273.2300109863,262.0100097656,271.5799865723,129054800
2026-08-03,278.2900085449,287.2000122070,278.0000000000,284.0199890137,90830200
2026-08-04,276.0599975586,281.0700073242,275.8200073242,277.4200134277,69748100
2026-08-05,281.5899963379,282.7900085449,270.7300109863,272.6499938965,45119800
2026-08-06,272.7699890137,275.4800109863,271.0599975586,272.2600097656,30672900
2026-08-07,272.8699951172,278.3099975586,272.7500000000,274.4800109863,33861400
2026-08-10,274.0100097656,280.1400146484,273.6000061035,278.0899963379,35731900
2026-08-11,278.6900024414,278.8399963379,271.3599853516,272.2699890137,31895700
2026-08-12,273.1799926758,273.4599914551,267.1000061035,267.2799987793,29941100
2026-08-13,267.2399902344,269.5799865723,264.7099914551,265.1300048828,32170200
2026-08-14,264.8800048828,265.8099975586,262.4200134277,262.6499938965,27251700
2026-08-17,265.4400024414,265.7500000000,258.3399963379,261.3099975586,43896500
2026-08-18,260.6300048828,262.1799926758,257.7300109863,259.4500122070,33171300
2026-08-19,260.8500061035,266.3999938965,258.5799865723,265.8399963379,35762400
2026-08-20,263.1600036621,263.8399963379,259.5199890137,260.1099853516,28374100
2026-08-21,260.7399902344,261.0899963379,257.0400085449,258.6300048828,35652900
2026-08-24,259.5199890137,263.3200073242,259.0499877930,262.0700073242,27975466
