Date,Open,High,Low,Close,Volume
2021-07-23,148.56543617231142,149.5906181989639,148.02678210792743,149.2517852783203,5014900
2021-07-26,149.2778594826109,149.5558697756068,148.44380208983816,149.3212890625,4484900
2021-07-27,149.26048815058036,150.05978601644273,148.278735662658,150.00765991210938,7089300
2021-07-28,150.0684666577655,150.63319704425413,149.5037495281699,149.5906219482422,5750700
2021-07-29,150.07716317959785,150.59843747071076,148.64362905102794,149.5906219482422,4214100
2021-07-30,149.90339179958627,150.2856675671384,149.29523183161382,149.60800170898438,5346400
2021-08-02,149.84256606142335,150.164019168614,148.82606738524146,149.66880798339844,3721500
2021-08-03,150.0684940135131,151.60628062924764,149.8165467154154,151.51071166992188,6033000
2021-08-04,151.34559082318333,151.68442371113431,150.52891328379087,150.6157989501953,4793100
2021-08-05,151.0415386384099,151.0415386384099,149.7991423708249,150.90252685546875,4291000
2021-08-06,151.11972932276126,151.11972932276126,149.8252069377094,150.39862060546875,4581100
2021-08-09,150.92857462164127,151.38903950621642,150.24221229844227,150.91989135742188,3950200
2021-08-10,150.52891703081502,151.2674054429611,150.11189498685425,150.97201538085938,3678300
2021-08-11,151.38900578806772,151.58014361345886,150.78952926814904,150.998046875,4221300
2021-08-12,151.0154611880163,152.29259039423184,150.81562679775612,152.2144012451172,4300400
2021-08-13,152.29260576260774,153.16140952549003,152.14491071374493,153.1266632080078,5882100
2021-08-16,153.38732077757487,154.5515147428423,152.86603317022505,154.50807189941406,4782800
2021-08-17,154.04759031882907,155.95895591158697,154.04759031882907,155.92420959472656,6041900
2021-08-18,155.95027872973574,155.95027872973574,153.89121801044047,153.94334411621094,7134100
2021-08-19,153.4481405157327,155.80260491684513,152.97030897643606,155.14231872558594,5615000
2021-08-20,155.42027244336845,156.31513907336924,154.70786039884217,155.8981170654297,5428700
2021-08-23,155.9068820060288,156.37881804410944,155.16400515341022,155.22518920898438,6461700
2021-08-24,154.68332478066768,154.87559846402817,153.188836302851,153.28497314453125,5734800
2021-08-25,153.54719154053618,153.73071705551538,151.9740490194984,152.2711944580078,5700300
2021-08-26,152.0264621435721,152.69942004774788,151.2398976685291,151.45838928222656,5031600
2021-08-27,152.31486979153166,152.31486979153166,150.9777022078612,151.135009765625,7046100
2021-08-30,151.0126352251398,152.3148498484718,151.00390036274203,151.7729949951172,3252700
2021-08-31,151.62442761532515,152.49839396966536,150.74171306261383,151.30979919433594,7106800
2021-09-01,151.10878411965595,151.84292602539062,150.37465554959013,151.84292602539062,5327400
2021-09-02,152.36731280685424,153.1101896485578,151.9915136218615,152.88294982910156,4544300
2021-09-03,153.03151412467784,153.1363858198845,151.90409005853326,152.97906494140625,4096900
2021-09-07,152.37604893905367,152.97033969681553,150.03381202537855,150.60189819335938,6859900
2021-09-08,149.9901079818878,151.17870280886456,149.51817199773134,150.2348175048828,4661700
2021-09-09,149.6143447738093,149.86778922076766,146.56419653109603,146.8875732421875,7114600
2021-09-10,147.3070619611961,147.77899802182358,145.83879124964318,145.9261932373047,6699300
2021-09-13,146.75646081611708,146.9312514581972,144.31810002027171,144.90365600585938,6273500
2021-09-14,145.42803211605815,145.5503869026015,143.77623582988693,144.02969360351562,5259600
2021-09-15,144.20446888261333,145.04348256926156,143.60142987903336,144.571533203125,7935300
2021-09-16,144.77249706648544,145.48042089714764,143.49651387037693,144.39669799804688,5665400
2021-09-17,143.59269492509767,144.125815009817,142.9459549308852,143.98597717285156,13419800
2021-09-20,142.87600298096103,144.35300812022356,141.73110929379317,143.16441345214844,7270800
2021-09-21,143.86360482302638,145.06093448354363,143.5402415332618,143.79368591308594,6663600
2021-09-22,144.51036175494858,145.03473363774614,143.00713835338937,143.26931762695312,5657100
2021-09-23,143.68007711465398,144.87742020331694,143.46158550509054,144.0821075439453,4697900
2021-09-24,143.98595743005825,144.77252181771536,143.2343458290148,143.64511108398438,4399300
2021-09-27,143.3305116215828,143.64514010734968,142.32545544143156,142.60511779785156,5775500
2021-09-28,142.54390874456558,143.25181931326435,141.3815319662616,142.2904510498047,7610400
2021-09-29,142.45652719756745,143.9073146628395,142.26425351731842,143.3479766845703,5124100
2021-09-30,143.88980716236958,144.55401673135938,141.066899824579,141.1455535888672,6972300
2021-10-01,141.17180947256028,141.49517281425594,138.62856372467255,140.2454071044922,8568300
2021-10-04,139.8259120739421,140.70861348190002,137.79830329221124,139.1529541015625,8620700
2021-10-05,139.7122387686547,140.80469653040893,139.0917168922852,139.467529296875,5129000
2021-10-06,139.72096955361633,139.79088844860865,137.94681926714068,139.7559356689453,7312600
2021-10-07,139.85207831082326,142.11564762091209,139.85207831082326,141.00570678710938,5309200
2021-10-08,140.98830547226433,141.2417499314381,140.05315476165643,140.64744567871094,4343200
2021-10-11,140.5862205662124,141.4514520102981,139.78217316468866,140.0531005859375,4101600
2021-10-12,139.83459469041756,139.99190220832452,137.5098413531295,137.81573486328125,6686400
2021-10-13,137.92937254506828,139.90453164921658,137.86818850087283,139.13543701171875,6901100
2021-10-14,139.58118962321714,140.83095526373603,139.48505277889493,139.93077087402344,4579200
2021-10-15,140.73478952968392,141.41648216378874,140.19293470146397,140.97076416015625,6918400
2021-10-18,140.05313407455805,140.61247211091415,139.13546656637374,139.93951416015625,7465500
2021-10-19,140.6211918312308,144.33554912118336,140.472619139913,143.2168731689453,10081300
2021-10-20,143.31298944455736,143.9859472262786,142.68373264475758,143.13819885253906,6003200
2021-10-21,143.59271502624975,143.671368819677,141.82729876051835,142.80613708496094,4524100
2021-10-22,142.50899426260116,143.38296087854812,142.4216056024098,143.0858154296875,4304300
2021-10-25,143.0857926774398,143.60142969829508,141.32912485955833,143.40042114257812,6715400
2021-10-26,143.81994766096386,145.10467968429654,143.37422947690513,144.85997009277344,6939100
2021-10-27,144.79877063688923,144.86868956070333,142.72747419462215,143.10328674316406,7018800
2021-10-28,143.1294869740565,144.3792525765579,141.86223830884563,142.325439453125,6278800
2021-10-29,141.8884529192796,142.6750173591204,140.3677465551623,142.35165405273438,8526800
2021-11-01,142.59633850790127,143.3129839081916,139.31021682796782,142.47398376464844,5846400
2021-11-02,143.06831189779922,145.93492092118984,142.43905495747734,144.72010803222656,8450600
2021-11-03,144.23941391004814,144.87741900638449,142.8323274226577,144.25689697265625,6717800
2021-11-04,144.15203432066616,144.195735312096,142.16812666364953,143.85488891601562,8224400
2021-11-05,142.0020709310995,143.8548889499337,141.75736138183896,142.83233642578125,6215900
2021-11-08,143.05076011532412,143.47900829099854,141.5912383768791,142.3428497314453,5578800
2021-11-09,142.11569177837822,142.972175206435,141.60005474872867,142.02828979492188,6112800
2021-11-10,142.04573072196771,144.06459058562882,141.88842320121478,143.56643676757812,6225100
2021-11-11,142.8847846891094,143.16444702830395,142.0108182086625,142.50897216796875,4118800
2021-11-12,146.3281774783441,146.4942332161667,143.86359934127887,144.2131805419922,18995200
2021-11-15,144.20444667901592,144.6064770647241,142.64878765442302,142.91098022460938,7496200
2021-11-16,142.61387004142463,143.6364227465296,142.12445085629523,142.16815185546875,7594700
2021-11-17,142.34290348513113,143.20813502309372,141.39901817162715,142.70123291015625,5414500
2021-11-18,142.84979623442146,143.74124563913097,141.69616759509273,141.93212890625,6358700
2021-11-19,142.4915022475467,142.62260523310857,141.39030918145266,142.36041259765625,7620700
2021-11-22,141.65663918820835,143.07294222045235,140.44266132542225,140.4866485595703,7634500
2021-11-23,140.32833741780166,141.63027657444988,139.67736112796663,141.35757446289062,7734000
2021-11-24,140.87372596414966,141.29597391496156,140.20516559011241,140.96170043945312,5230900
2021-11-26,141.27835871580356,141.77098345401177,139.57175628485552,140.04678344726562,8523100
2021-11-29,140.31071689468408,141.12003101773433,139.36064898770692,140.5306396484375,9188500
2021-11-30,139.4398317040249,139.8708851761635,137.09986357490075,137.17022705078125,14981700
2021-12-01,138.00592744678485,140.82093594324002,137.45171782514768,139.06155395507812,9835800
2021-12-02,138.34017388078485,140.1259451761889,137.89153639370377,138.1906280517578,11334700
2021-12-03,138.91202270659016,140.46027418671937,138.6305151158281,140.20516967773438,8750500
2021-12-06,140.91771778974925,143.84709072885983,140.60102846057458,143.3368682861328,9692000
2021-12-07,144.26931575782874,144.50683607270454,142.87061036926207,143.70631408691406,8311300
2021-12-08,143.80307833267432,144.77074373115138,143.07293324528135,144.5684051513672,6216400
2021-12-09,144.42766523488945,146.0111117556506,143.82068970636576,145.94073486328125,8574200
2021-12-10,145.65043975428733,146.63568934131897,144.8411122529183,145.58006286621094,6572200
2021-12-13,144.92907579745858,148.84369761846162,144.09337212693265,148.18392944335938,11142300
2021-12-14,148.0783797767774,150.40076335652202,147.04914297219932,149.8025665283203,10482400
2021-12-15,149.41549766754844,150.6910467276173,149.03722361846974,150.55029296875,8552200
2021-12-16,150.65586858282015,152.63517323763733,150.28639999134987,152.19532775878906,8998600
2021-12-17,149.2308004347873,150.23364777046578,147.4890157829292,147.9904327392578,16726200
2021-12-20,147.62094032154286,148.23672131924917,146.51253452567153,147.5681610107422,7954500
2021-12-21,147.8408536165683,147.87604877019874,146.011094895312,147.09312438964844,7954200
2021-12-22,146.96117459913168,147.9376321346695,146.1342629210882,147.72650146484375,4178200
2021-12-23,147.68252948937277,148.6237918801293,147.2250864105742,148.0080108642578,3501500
2021-12-27,148.79092125960364,149.415507717201,148.40385510819323,149.2571563720703,3704800
2021-12-28,149.36272372050027,150.11046641335844,149.18678821130393,149.85536193847656,3187000
2021-12-29,149.54750197483682,151.2980922714185,149.46833298943432,150.91102600097656,3662000
2021-12-30,151.4124006407209,152.08097434736854,151.08691928754888,151.5795440673828,4231800
2021-12-31,151.77308029875192,151.90502857358248,150.45354385837118,150.48873901367188,4409500
2022-01-03,149.73219878117882,150.9549686343428,148.75574131404653,150.9021759033203,6012200
2022-01-04,150.47993049887407,151.5619465998657,150.0752801821539,150.49752807617188,6748400
2022-01-05,151.30684838051462,152.59999519342216,150.97256151314505,151.50038146972656,7016100
2022-01-06,151.43879866911254,151.74669588504352,150.2512238855629,150.9813690185547,7301600
2022-01-07,150.83182530732614,153.33014453476565,150.5415256655222,153.02224731445312,6986000
2022-01-10,152.7935365378332,152.7935365378332,151.447610341153,152.26571655273438,7698400
2022-01-11,152.17776201037813,152.52963306680866,149.64424745041308,150.6470947265625,8341100
2022-01-12,149.20436350828933,149.61781927581941,148.08715238604742,149.36270141601562,8116200
2022-01-13,148.6677804546262,149.91694007608618,148.1927532161069,148.45664978027344,6159400
2022-01-14,148.34230229595946,148.35988645193913,147.0403499103932,147.6473388671875,5847700
2022-01-18,146.99636840820312,147.5417725214796,146.03749503667564,146.99636840820312,7815600
2022-01-19,147.0843292835482,148.42146333261311,146.31021034821092,146.53892517089844,5926500
2022-01-20,147.16347515598397,147.66490537932626,145.0874042304771,145.36891174316406,6011300
2022-01-21,146.19586666866084,147.77931333989335,144.68279689648543,145.03466796875,10550300
2022-01-24,144.2693007248229,144.41884655993414,139.2198703671679,143.36322021484375,14054600
2022-01-25,142.82662556559413,148.1487585866322,142.1404676869697,147.4626007080078,14081200
2022-01-26,147.38344002639505,148.86132804472473,146.23104684059618,148.1223907470703,9963200
2022-01-27,149.01085604208708,151.2276810921028,148.6677770934077,150.0664825439453,9066700
2022-01-28,150.30400987428038,151.16610332495696,148.93169401560584,151.1221160888672,9783100
2022-01-31,150.86697034867072,151.85221973721522,150.26878705505905,151.56192016601562,8054800
2022-02-01,151.0781136586668,151.28923087507633,149.04601648960372,150.3215789794922,8154700
2022-02-02,149.23957728168094,152.17775551178767,149.23957728168094,151.98422241210938,7382800
2022-02-03,151.53555735951355,152.73193758168244,150.46233333272886,151.97540283203125,6240400
2022-02-04,150.4271593990866,152.16894380210434,149.65302703195908,150.9813690185547,6392200
2022-02-07,150.78784719010173,151.07814684945893,149.55627165740262,150.47994995117188,6065700
2022-02-08,150.44476868758898,151.35084940463156,149.96972799877773,150.8758087158203,6296100
2022-02-09,151.36845303626677,151.51799891153232,150.64709989590497,150.8582305908203,5387500
2022-02-10,150.61188568142327,150.62067775818272,148.93167283212713,149.0372314453125,10355300
2022-02-11,148.77337443493158,149.67945531527738,147.3834607002694,147.53302001953125,13125300
2022-02-14,147.53298264237316,147.76169746873163,144.10217970888024,145.6768341064453,8967600
2022-02-15,146.14304727515508,147.87603934803448,146.03747524400862,147.1810760498047,6631400
2022-02-16,146.4597458544821,147.64732054065536,145.77358801188825,147.09312438964844,8482400
2022-02-17,147.09308906106273,147.30420624006695,145.07858982463125,146.19580078125,6227600
2022-02-18,146.06304250911583,146.39947523301757,144.25695914272507,144.62879943847656,6423200
2022-02-22,144.81470791959927,144.96521372188786,142.04359633070655,142.663330078125,6868900
2022-02-23,142.9909033952369,143.99133943343853,142.406590713478,142.73416137695312,8016900
2022-02-24,141.45929313996268,141.76916681862244,137.864823311596,140.00733947753906,12883400
2022-02-25,141.65408214890815,147.84259972609553,141.38847804304174,146.9661102294922,11340400
2022-02-28,144.19497281530363,146.24010110873286,143.76116591014204,145.70005798339844,9373500
2022-03-01,144.34547379228752,145.85940742492676,143.7877201458905,145.19540405273438,8737800
2022-03-02,145.55840380601845,148.4091928547325,145.23081960481923,147.00149536132812,6793300
2022-03-03,147.58584259733175,149.9231343880369,147.24942334198434,149.1617431640625,7333700
2022-03-04,148.41806985659966,150.38352140429512,147.71865874257918,150.04708862304688,6302500
2022-03-07,149.00234593287,153.26966686040424,148.17012628692572,152.46401977539062,11663400
2022-03-08,152.31353680634257,153.26970342494778,149.18829488597962,149.3742218017578,11100300
2022-03-09,150.51632127871207,150.7110967359616,148.63940888251136,149.94085693359375,7248200
2022-03-10,149.23254387256767,150.6402277933568,148.807585492726,150.2064208984375,6171400
2022-03-11,149.7372009028078,151.8000397971973,149.63981319503205,149.93197631835938,5188000
2022-03-14,151.1094318705838,154.15499571438912,150.81728231820654,152.00363159179688,7729500
2022-03-15,153.45559299014025,156.27982255867815,152.76503062964795,155.94338989257812,10554400
2022-03-16,155.34139030053004,156.66053509527222,152.7739023441487,154.50917053222656,9603300
2022-03-17,155.120026243062,156.56311752532736,154.225826509337,156.5277099609375,7472100
2022-03-18,156.70481364012193,156.70481364012193,153.74778819555786,154.79248046875,13809500
2022-03-21,154.63313203330796,156.8464769432917,154.33212036775464,155.66897583007812,7574900
2022-03-22,155.66895986346395,156.1470363709437,153.96911276804815,154.9341278076172,8442100
2022-03-23,155.13774260084008,155.41219516389776,154.12845802520508,154.34979248046875,5254200
2022-03-24,154.9341205024603,155.41219698739872,154.1107628036266,155.1466064453125,5012300
2022-03-25,155.54501038553587,157.32453461626116,155.12890051166949,156.63397216796875,4809500
2022-03-28,156.39494566875285,157.74951167061533,156.12935508735646,157.4396514892578,5604200
2022-03-29,158.13902762393766,158.8295900014864,156.52771991271808,157.3599395751953,5933400
2022-03-30,157.97966972904356,159.2368477086252,157.3068043954774,158.997802734375,6277600
2022-03-31,158.99779906422145,159.54671764090978,156.68706705762685,156.9084014892578,11490400
2022-04-01,156.74907715554667,157.9708342655235,155.46533990845452,157.75836181640625,6525600
2022-04-04,157.75833189951456,157.75833189951456,155.39448178707025,156.2355499267578,6860600
2022-04-05,156.23555800763287,159.05092564362846,156.07619018358994,157.24484252929688,7446100
2022-04-06,158.82075725953007,161.6626977179678,158.13904332864539,161.33511352539062,10330900
2022-04-07,160.83931393034644,161.97254521547222,159.5644253572843,160.9189910888672,7385200
2022-04-08,160.5383361383072,162.18506530715308,159.74152385772572,161.2377471923828,7144500
2022-04-11,162.0168174190484,163.07922007733677,159.0066743023676,159.21914672851562,5932000
2022-04-12,158.65254402322327,160.07793853807357,157.7672061508736,159.27227783203125,5957500
2022-04-13,159.2722944131968,160.10451426131377,158.6879816235954,159.94515991210938,5643100
2022-04-14,159.36081702293976,160.60028464055574,159.12177201483388,159.27227783203125,6188200
2022-04-18,159.12176583496952,159.70609205023075,156.47461434532997,157.28912353515625,6318700
2022-04-19,159.99823366825024,164.61969764244884,159.3165198420075,162.08763122558594,14380800
2022-04-20,161.34397698276265,163.18548135852046,161.04295184242585,162.80477905273438,8044900
2022-04-21,162.84017629651154,163.67239599625114,161.62726782431136,162.33554077148438,6969200
2022-04-22,161.54758379646123,162.1496069949972,160.58256887041736,160.72421264648438,8003600
2022-04-25,161.43251311437967,165.2837384706209,161.2200406594265,164.68170166015625,11176500
2022-04-26,163.87603467794372,165.17748234448698,163.06151200146547,163.50418090820312,10190000
2022-04-27,163.11465424215365,163.62815182851696,160.90130956430346,161.22003173828125,11090100
2022-04-28,161.35282278438373,163.34483294221565,161.06065967346638,162.42408752441406,9403900
2022-04-29,161.5741495863529,161.61841917848707,159.5378699308253,159.76806640625,8463100
2022-05-02,159.77692343234096,160.60914317573813,156.7313590561571,158.15675354003906,7145400
2022-05-03,158.29842429990953,159.91859432998524,157.30683663385497,157.84689331054688,5898700
2022-05-04,157.72291199809587,159.8034610778514,156.83757426359256,159.53785705566406,5923000
2022-05-05,158.84728045751217,159.1040359426332,155.17313459250616,156.49227905273438,7089200
2022-05-06,155.05808706102047,156.58971792245006,154.65968768782818,156.1470489501953,6434000
2022-05-09,155.33253910709834,158.08594064504788,154.57114793717446,156.99697875976562,7855200
2022-05-10,157.79376952501593,158.6348378249308,156.2621387465028,156.78448486328125,8186700
2022-05-11,155.78406448899742,157.87346249564177,155.71323583514015,155.9345703125,6138900
2022-05-12,156.23555391524752,157.54585000344824,154.67736433763534,157.4750213623047,6898600
2022-05-13,158.20988858242237,158.37810495398713,155.64241393727514,156.572021484375,7732200
2022-05-16,156.5720335064769,158.59060310187655,155.96999663092322,157.66099548339844,5516700
2022-05-17,158.22762289761107,159.09525043431208,156.34184846237295,158.316162109375,5751100
2022-05-18,158.33384141271557,158.80306946230453,155.084652640821,155.37681579589844,8608800
2022-05-19,154.68624426761625,154.75707292314465,152.8890093497855,153.9956817626953,6874500
2022-05-20,154.80134266439097,156.84647112386654,154.09306961763795,156.68710327148438,7522100
2022-05-23,158.24640827926694,160.3224893250359,158.1216650370835,159.88589477539062,7040800
2022-05-24,159.7165910736922,161.93525321663742,159.58294246098177,161.63229370117188,6419800
2022-05-25,160.85708714162828,161.76593839764956,159.54727649488905,160.04624938964844,6558900
2022-05-26,161.27590807689526,161.27590807689526,159.13744843582055,159.9037322998047,6897600
2022-05-27,160.17101153849038,161.41845751877364,158.8077412913759,161.3560791015625,5853600
2022-05-31,158.6027943311044,160.53632114732974,155.93861890255852,159.966064453125,16391400
2022-06-01,159.62744275741184,160.23334803984758,156.7316057122744,158.34437561035156,5175400
2022-06-02,158.37114473259987,158.43350955302137,155.56440150979734,157.84542846679688,8666500
2022-06-03,157.77410655114838,159.199741133941,156.9543500109565,157.19493103027344,4234200
2022-06-06,157.89891314755394,159.04833208627616,156.8207644099978,157.1771697998047,5386500
2022-06-07,157.6939492377357,159.76113833282275,157.17715196396392,158.90574645996094,5447800
2022-06-08,158.69190656578118,159.89478480078523,157.53356880185726,157.9612579345703,4333100
2022-06-09,157.8988828445775,159.18195015924044,154.71791028724738,154.78028869628906,5509600
2022-06-10,153.4080942821058,155.01194536422742,152.02699991705688,153.74668884277344,6647300
2022-06-13,151.5458736774458,153.4794006344712,151.5458736774458,152.19631958007812,7997000
2022-06-14,152.41909029549598,152.4636443687434,149.0331846686083,149.86184692382812,7116800
2022-06-15,151.15384855312337,152.7577001780908,150.2628213832521,151.46571350097656,7796100
2022-06-16,150.04893554800367,151.66170577615154,149.1668275536162,151.54586791992188,7056700
2022-06-17,152.03596938894975,153.4348749669253,150.7974421744637,150.99346923828125,12486600
2022-06-21,152.1428694461988,154.91396412753593,151.08254507674914,154.15658569335938,8219700
2022-06-22,153.2566799310637,158.5315593762412,152.9804636716636,156.58912658691406,10593100
2022-06-23,157.711759136376,160.22446148598053,157.28407003712104,160.08189392089844,10223500
2022-06-24,161.079877464777,162.6391748841088,160.3670530681693,162.42532348632812,9374400
2022-06-27,161.846145071864,163.3698072366756,161.72140183467423,162.27383422851562,5908600
2022-06-28,162.3184084749489,163.0312328886375,157.09698901897264,157.65834045410156,9245700
2022-06-29,157.90781327189848,158.87012410756486,157.2038942958492,157.702880859375,7097900
2022-06-30,157.5870214128196,158.8611833807085,155.956440519793,158.1661834716797,10777200
2022-07-01,158.11272110633098,160.13535598158816,157.43554555508683,159.9571533203125,5498400
2022-07-05,159.3423498284525,159.60966063051782,155.58221504177936,158.7275390625,5676400
2022-07-06,158.66515430569058,159.88585671331626,158.07707333425424,158.87008666992188,5335600
2022-07-07,158.47805262648916,159.60074168011673,158.16618775804096,159.04830932617188,5725800
2022-07-08,158.8968337286919,160.37594169246066,158.39786082428603,158.85227966308594,3828300
2022-07-11,158.33551233998912,159.51167463352922,158.1751339886852,158.91468811035156,3645200
2022-07-12,158.58498153479297,159.00376531215994,156.1079275643207,156.68710327148438,4708800
2022-07-13,156.51780436928308,157.11479082122736,155.48420979756187,156.32177734375,5291700
2022-07-14,153.72888445263703,156.8296545498934,153.52395205320727,156.53561401367188,5359600
2022-07-15,158.34439979016264,159.0572104487152,157.31080530087286,158.80772399902344,5691100
2022-07-18,158.37116625719796,158.77212574466705,154.95853073337005,155.24365234375,7605700
2022-07-19,157.11477190804882,157.48900156738307,151.3676512320017,152.98040771484375,13256400
2022-07-20,153.4348296330086,153.74669448675522,151.26072181920986,152.10720825195312,7455800
2022-07-21,151.51911104600242,152.71308370274087,151.2696246280568,152.6417999267578,5729200
2022-07-22,152.90021646571756,153.69322983687977,152.41905434173674,153.36354064941406,4257000
2022-07-25,153.36354442976085,154.12982810136725,153.0071391110566,153.66650390625,4437300
2022-07-26,153.7556397779486,155.91192380664597,153.69327494860357,154.7535858154297,4525500
2022-07-27,153.81798840211115,155.12779912053577,152.4814479625752,154.32586669921875,4648500
2022-07-28,154.50406416480723,156.90092878095385,152.75765899642732,155.21688842773438,5513000
2022-07-29,154.85158514168023,155.79608523595192,154.0674905824273,155.50204467773438,6451400
2022-08-01,155.19015820014732,156.07227975218476,154.6288068855788,154.95849609375,5461400
2022-08-02,155.938659530764,156.36636235984514,153.88038895129503,154.076416015625,5794200
2022-08-03,153.7467181727979,156.16139383275492,153.0517181706263,155.5644073486328,5010000
2022-08-04,155.76042433174976,156.00991079868385,152.90023533725778,153.06951904296875,5651600
2022-08-05,152.63290506820988,152.83783744078525,151.28744579732432,152.46360778808594,5235500
2022-08-08,152.6329827813769,152.7933611730515,150.97567142074976,151.65284729003906,4629800
2022-08-09,151.95574953497444,152.47254686369078,151.2340197883859,151.63497924804688,5532500
2022-08-10,152.38345916314086,152.57948621373927,151.05582388335984,152.07159423828125,5603400
2022-08-11,150.15590666954057,151.43006903198375,148.7837171758368,148.92628479003906,9328700
2022-08-12,149.2826655667495,149.63908454337164,147.15311146690968,147.28677368164062,14606900
2022-08-15,147.9105029603466,148.57877330504698,147.1353137112126,147.99069213867188,10072000
2022-08-16,147.7857554008459,149.9153096267411,147.55409324932398,149.30941772460938,7453600
2022-08-17,148.27581358913568,150.19151629448623,148.27581358913568,149.3183135986328,7406600
2022-08-18,149.40741243476793,149.95985846293829,147.8481150636952,148.59658813476562,8312100
2022-08-19,148.89059471010938,151.5814860556492,148.80148658513505,150.85975646972656,8128500
2022-08-22,151.50563712686616,151.523581236718,149.95380696464483,150.33055114746094,5462600
2022-08-23,149.80131749302137,150.49202201092498,148.724903577846,149.0209197998047,5566300
2022-08-24,149.4066271280763,149.43353644903212,148.0700852294525,148.52755737304688,5684300
2022-08-25,148.85943955668307,150.01659504057434,147.73817229023118,149.9179229736328,5678700
2022-08-26,150.21392346446092,150.24979799080384,147.28964997948657,147.35244750976562,5667100
2022-08-29,146.63486974115307,146.96676051871782,145.33420226673675,146.21327209472656,5259200
2022-08-30,146.48236141400216,146.69763597365056,145.3431500155983,145.7019500732422,6973300
2022-08-31,146.4195219789586,146.706572892812,144.66138303729983,144.7241668701172,8741700
2022-09-01,144.85876100110468,148.4557813498722,144.84978210335854,148.312255859375,7509600
2022-09-02,148.7787048350033,149.08368623265113,145.32519633638967,145.9800262451172,5803700
2022-09-06,147.0564493531195,149.10163978876486,146.05179824433782,146.3747100830078,7394600
2022-09-07,146.13254101203137,147.48702710397092,145.45978057193992,147.17308044433594,4590600
2022-09-08,147.00263074424836,148.38402601911358,146.28501694324854,148.35711669921875,5838400
2022-09-09,147.99832919092555,149.0837083516304,147.46011537270522,148.64418029785156,5500600
2022-09-12,149.0029421268005,149.41557443980054,148.20460050340992,148.5813446044922,6365300
2022-09-13,146.72457182307323,147.50496954479297,144.24880467166545,144.7152557373047,6726400
2022-09-14,145.65711058115693,148.3302079710159,145.65711058115693,147.70230102539062,9555700
2022-09-15,147.5139022498575,148.96707377117272,147.19995566295918,148.0790252685547,7174500
2022-09-16,148.29434793014704,150.36644789685027,147.783043425456,150.33953857421875,20201500
2022-09-19,149.1733853911582,149.28998786816035,147.18201382418522,149.1554412841797,7380900
2022-09-20,148.20463066168685,148.81459351498685,147.39732366470852,147.98037719726562,7143400
2022-09-21,148.02521006814985,149.62189341807533,146.42852671822436,146.4644012451172,8071200
2022-09-22,146.34779934091907,149.94483352105618,146.0607620357758,149.0657501220703,7401100
2022-09-23,148.67107069783978,150.231865934805,147.7022941607523,149.55014038085938,9598600
2022-09-26,148.724884463434,149.65777275339718,147.451126563992,148.6351776123047,8735500
2022-09-27,149.2271878866399,150.40227355080253,147.46903515114914,147.95343017578125,8686700
2022-09-28,149.12854656090687,150.14217655056436,148.09698614985948,149.2272186279297,8660900
2022-09-29,149.33483681785611,149.95377846031005,147.01157462177378,147.58566284179688,7008100
2022-09-30,148.00728071025105,148.67107586633506,146.5003040583994,146.5361785888672,8985200
2022-10-03,147.37038084865225,147.45112248737382,145.04711855447957,146.39263916015625,8657000
2022-10-04,146.97572611231732,148.90430043213274,146.14149610693465,148.5634307861328,6236100
2022-10-05,148.0252138193988,148.94015799545718,147.2986348671521,148.10594177246094,4539400
2022-10-06,147.818894524872,148.00727344077345,145.03816002414874,145.23550415039062,5890700
2022-10-07,145.10993267811202,145.51358616850075,142.77769121999606,143.7016143798828,6363500
2022-10-10,144.08732825799015,144.67038174165754,142.78664732353442,143.88998413085938,5315600
2022-10-11,143.85408589173502,147.2089221318686,143.85408589173502,145.97103881835938,6212200
2022-10-12,146.15943411921353,147.8996431211607,145.76474584817257,145.9351806640625,4341700
2022-10-13,144.32057127229814,148.89534780995618,144.19498986905066,148.141845703125,6465100
2022-10-14,147.50497458990193,148.61726311640194,146.75148616472194,147.52291870117188,5684600
2022-10-17,148.36606890266168,149.98967528892666,148.01623408735455,149.4335174560547,6710800
2022-10-18,148.00730511907986,149.95382379240672,146.25813061423284,148.9132843017578,10883600
2022-10-19,148.904303517684,149.12855698683717,147.01160369053773,147.72921752929688,10044600
2022-10-20,148.00726971182598,148.67106481858335,147.40627213790162,148.10594177246094,5659900
2022-10-21,147.74714985778968,151.92722378709857,147.49597340000932,151.335205078125,8487600
2022-10-24,152.32192484573847,154.35815018676993,151.8195992626733,153.37142944335938,6855500
2022-10-25,152.64484679442458,153.48804201214085,151.16477940151938,153.12924194335938,5661900
2022-10-26,153.67642017958477,154.79768749812362,152.95880635825088,154.47476196289062,6123800
2022-10-27,154.60034134363963,155.56910424938928,154.03521824249813,154.564453125,5390900
2022-10-28,155.18341288345485,157.32727567001567,154.81563388009735,156.86082458496094,6073900
2022-10-31,156.54687296612926,157.12096132675796,155.56015218035512,156.0535125732422,7810000
2022-11-01,156.13424954399383,156.6455540771995,152.8691192382667,155.26414489746094,6985000
2022-11-02,155.08474263426325,156.0266100275302,152.75250086877816,152.87808227539062,6877300
2022-11-03,152.32188264495923,153.81092855889474,151.54148516514536,153.13816833496094,4819900
2022-11-04,153.89167851478388,154.73487363937343,151.81061370847308,153.81991577148438,5300900
2022-11-07,153.99036510302557,155.94586240221935,153.78405575116653,155.1654510498047,6621000
2022-11-08,155.30000226194173,156.6993415881447,154.4478282092656,155.93687438964844,5148400
2022-11-09,156.32262012686195,156.97743645791516,154.59137613879176,154.69004821777344,6150000
2022-11-10,156.39436162523458,156.77110577904304,154.32224824827148,156.5019989013672,7877500
2022-11-11,154.9411685825745,155.2820381597551,149.63982815433573,151.81956481933594,11074700
2022-11-14,152.7166116470953,155.41661847329416,152.7166116470953,154.20565795898438,6581500
2022-11-15,154.45681517956933,155.1833941994296,152.9588037104146,154.63621520996094,9351000
2022-11-16,155.7574947521994,156.9684690053835,155.30002258564002,155.59603881835938,5500900
2022-11-17,155.1834060015053,156.9684686049209,155.16546189089794,156.8518524169922,4464100
2022-11-18,156.97740400190762,158.44850598334602,156.6365344018393,158.05381774902344,6555700
2022-11-21,158.79413757842886,159.38999130909542,157.8371678886442,158.86636352539062,5706600
2022-11-22,159.25455364173504,159.96777621853695,159.19136455146213,159.6337432861328,4707900
2022-11-23,159.2906612129639,160.15734491009755,158.90244852152918,159.8052520751953,5389200
2022-11-25,160.13933142539423,160.80739737494937,159.6698696245263,160.012939453125,3058600
2022-11-28,159.57054946182072,160.49141306696922,159.3990145595617,160.09417724609375,6183100
2022-11-29,159.80526334380335,160.0309642481351,157.68368310849888,158.9746856689453,6700500
2022-11-30,159.22747653458015,160.7080739806393,157.79202202649714,160.6990509033203,13288000
2022-12-01,161.60185045038355,162.46854800013622,160.49140583800153,161.36712646484375,6282600
2022-12-02,160.24762647700092,161.56572569129784,159.76011863240205,161.49349975585938,5823900
2022-12-05,161.0240528955536,161.92685650816028,160.69904304398761,161.40322875976562,5120600
2022-12-06,162.43243703752066,162.5046629852637,158.83024538209858,158.98373413085938,7943500
2022-12-07,159.4080331540288,160.5907036280044,159.10106947034527,159.94970703125,5702600
2022-12-08,159.63378106762113,160.22059805138258,159.20042530737024,159.97683715820312,4798500
2022-12-09,159.90456624234088,160.5997288585726,158.58648072530298,158.65870666503906,4561000
2022-12-12,158.84832781283947,160.58170947712216,158.53235474436042,160.55462646484375,4882400
2022-12-13,161.69213392182343,162.68520963883657,160.97891134733027,161.79144287109375,9177500
2022-12-14,161.22267743156252,163.44356669564522,161.22267743156252,162.28797912597656,9533600
2022-12-15,161.78238798900443,162.36018169063453,159.25453537848952,160.2386016845703,7602400
2022-12-16,159.79625056101045,159.79625056101045,157.86425124649818,158.59552001953125,18841800
2022-12-19,158.30664085329556,159.04693275455674,157.15105317155243,158.4239959716797,5736000
2022-12-20,158.89344688552453,159.29068270684886,158.1441181817883,158.59552001953125,6174700
2022-12-21,159.1372134910479,160.86155810407004,158.57746582453092,160.41015625,5472000
2022-12-22,159.58860974360556,160.25667564773786,158.29759332292002,159.82333374023438,5709100
2022-12-23,159.4983301961838,160.265718861902,158.72191845259164,160.22959899902344,3683400
2022-12-27,160.7983618999449,161.01503973956937,159.78722619974536,160.1844482421875,3067300
2022-12-28,160.48236403118923,161.10530072339253,159.48025147757733,159.48928833007812,2645400
2022-12-29,160.29278051219558,160.96988320618485,159.85943864523554,160.3018035888672,2828800
2022-12-30,160.23862064281371,160.49140455620386,158.35175059371488,159.48025512695312,4216600
2023-01-03,159.03789983857843,161.0421251135558,158.9024710209394,160.87059020996094,6344900
2023-01-04,161.5025430601541,162.6761905505738,161.13239026055342,162.6220245361328,9788800
2023-01-05,161.61991307081357,162.49563371223428,161.06920229399938,161.42129516601562,6255300
2023-01-06,162.62198416012419,163.3442158742747,161.95390467127933,162.73031616210938,5706000
2023-01-09,161.87266649316194,162.287948378997,158.15310679328672,158.5142364501953,7925300
2023-01-10,158.6226092609749,159.01984509790904,157.37674950731682,158.13510131835938,5047500
2023-01-11,158.50526101040225,158.6406760626345,155.38155397388948,157.88232421875,6494800
2023-01-12,157.32258413453994,157.72885686226843,156.00449831009544,157.08786010742188,4269400
2023-01-13,156.35656287396628,157.0968546871608,155.62529413782275,156.57322692871094,6088000
2023-01-17,157.08783621501294,157.61146398881252,155.3634779251077,155.60723876953125,6053300
2023-01-18,154.96624714547295,155.28223394575525,153.214819566735,153.25994873046875,7047800
2023-01-19,152.60087486027112,154.6321827400276,152.31198490295253,153.05227661132812,6939500
2023-01-20,153.56692499199892,153.5759480703442,151.20156977478038,152.339111328125,8620600
2023-01-23,152.66410456448696,153.14258940269625,151.62587208906467,151.9508819580078,8425400
2023-01-24,152.59187861853397,154.37040293251587,149.8744307828538,151.9508819580078,10541800
2023-01-25,150.92165340573598,153.03421020507812,150.84040440015073,153.03421020507812,7099800
2023-01-26,153.07034093937887,153.39535076051155,152.25780949870284,152.4744873046875,6946100
2023-01-27,152.15851376446528,152.45644060766617,151.46336490601973,151.87864685058594,6058100
2023-01-30,151.6077995599811,152.15851029837907,145.42360326230101,146.25418090820312,23259100
2023-01-31,145.98334002895896,147.54518640687087,145.39652319656534,147.53616333007812,11612500
2023-02-01,147.14797637390743,149.8473505535376,146.61531173458883,148.890380859375,9865300
2023-02-02,147.15700367293095,150.0640327003043,146.9945056186301,149.4501190185547,10099000
2023-02-03,149.89249902563427,150.17236597191564,147.96049963524618,148.6105194091797,6868500
2023-02-06,148.55636384220017,148.82720772967602,147.24730112437456,147.48202514648438,7021000
2023-02-07,145.89309170973812,147.95148316049693,145.7305798711561,147.51812744140625,7310800
2023-02-08,147.4278204853078,148.56534798374517,147.06669080475632,147.7076873779297,6054700
2023-02-09,147.72578675964456,148.7820655279461,145.41461128961464,145.7125244140625,7949500
2023-02-10,146.04656187324798,146.9674117506107,145.66738596332954,146.38961791992188,7028000
2023-02-13,145.6493253066718,146.9945078041582,145.4868134742634,146.93130493164062,6414700
2023-02-14,146.92225671741303,147.12989767959073,146.03749930768544,146.290283203125,6316000
2023-02-15,146.20905698478924,146.2361399938312,143.8075958280015,143.87982177734375,12621800
2023-02-16,143.60897831520487,144.13259229172175,142.5707458877345,142.85964965820312,11177000
2023-02-17,142.77782132345155,146.49684278858686,142.4140941922239,145.84214782714844,12401900
2023-02-21,145.16923375986224,145.80575264243208,143.56887632956628,143.6688995361328,9423900
2023-02-22,144.12358231458174,144.44184183174664,143.09607220894193,143.46888732910156,9820200
2023-02-23,143.40522493014132,144.20539679366948,142.45954835310346,143.42340087890625,9385100
2023-02-24,142.44137440342573,142.62324490950323,141.1319983331601,141.82305908203125,8689700
2023-02-27,142.25951710412056,142.66869799133042,141.01378461701432,141.51390075683594,7267100
2023-02-28,140.92283275451862,141.18653663114833,139.15879451003266,139.3588409423828,9062300
2023-03-01,139.13153962711172,139.3406879429595,138.1313211753968,138.73146057128906,6767000
2023-03-02,137.98582456465908,138.90420957178617,137.51298622322471,138.62232971191406,8762500
2023-03-03,139.45887538745342,140.14084813225705,138.97694909110717,140.0499267578125,5747200
2023-03-06,140.63187932726925,141.6048199160681,140.55004592606372,141.4502410888672,8148200
2023-03-07,141.93218062080658,142.07767148635403,139.44071545347634,140.11358642578125,7457700
2023-03-08,140.0135170555474,140.2135634610666,138.64957185869895,139.08604431152344,6230500
2023-03-09,139.54068889633592,139.6679898895715,137.04012277046303,137.5220489501953,7439400
2023-03-10,138.0858447607523,139.56800332984673,137.39478402673294,137.8585205078125,8504300
2023-03-13,138.29495239504243,141.76847296688777,137.82212803036867,139.17697143554688,10799600
2023-03-14,139.37703488408656,140.0590075941306,138.12220065767903,139.958984375,8421200
2023-03-15,138.9769737790048,140.84103572088796,138.69509388104277,140.3500213623047,7757700
2023-03-16,139.5316118502234,140.3681633651478,138.75871778061563,140.0590057373047,7605500
2023-03-17,140.4682007330355,140.89557144536346,138.4859398756603,138.55868530273438,20540700
2023-03-20,138.64050170614422,140.09538231969654,138.558668313759,139.93170166015625,7129000
2023-03-21,140.0317248757726,140.14993791462004,138.36770985675693,139.93170166015625,8376800
2023-03-22,139.89533838091185,140.08628296654607,137.33111437566356,137.34930419921875,7943500
2023-03-23,137.4675118550087,137.93126219830037,136.49457129365635,137.42205810546875,9051500
2023-03-24,137.7403081160796,138.9042071867244,137.14927060551378,138.80418395996094,5696200
2023-03-27,140.213579557658,140.52273717449077,139.2224492641102,139.3952178955078,6772300
2023-03-28,138.5677763545286,139.5316290038091,137.967636973922,138.0494842529297,6115300
2023-03-29,138.4313716195031,139.46796957969903,138.27679280414065,139.40431213378906,6012000
2023-03-30,139.6498458787258,139.8498923443986,138.94968324887105,139.51344299316406,4555700
2023-03-31,139.84076938515437,141.11379341770925,139.34066717123403,140.94102478027344,9890000
2023-04-03,140.8955424030259,142.76869167106963,139.97715759071605,142.6232147216797,6841900
2023-04-04,142.7323513677752,144.55094536991314,142.38681406744226,144.11448669433594,8314500
2023-04-05,149.46113560748896,150.6341364458106,147.99716695931608,150.5886688232422,16704200
2023-04-06,150.93418425404997,152.0617034318,149.85211881751752,150.1703643798828,9615400
2023-04-10,149.69757505082447,149.88851965796923,148.7973659928271,149.4156951904297,5354000
2023-04-11,149.5065977281501,150.28859363332995,149.16106045907043,149.37020874023438,5903800
2023-04-12,149.0701460009129,149.8885077158751,148.30633988364545,149.0519561767578,5764100
2023-04-13,149.28838442293596,151.2433814238138,148.95194895117677,151.0433349609375,5640600
2023-04-14,150.91603410260538,151.05242311164636,149.17927338869967,150.79782104492188,7225100
2023-04-17,150.70687643839753,151.16152489816426,149.97943612781674,150.64321899414062,8046400
2023-04-18,149.35202620349546,149.7521190872611,145.16925462292616,146.40589904785156,14571500
2023-04-19,147.29701067840062,147.92441388822527,146.55138055619588,147.78802490234375,6752000
2023-04-20,147.6970980264277,148.96103411610196,146.36044426478122,148.7427978515625,9498800
2023-04-21,149.5248179045992,150.00674425942432,147.27885294919625,147.9335479736328,7014200
2023-04-24,147.93354499994953,148.95195329536924,147.1879147302512,148.833740234375,5278900
2023-04-25,149.4065936316189,150.35227031808554,149.2702046262495,150.1976776123047,6263100
2023-04-26,149.2065407409521,149.47933261470132,147.52434962324568,147.869873046875,5518200
2023-04-27,148.12445782750066,148.58820812124188,147.42430921205164,148.21539306640625,5739700
2023-04-28,148.0426396916712,148.90646905120542,147.8153154457532,148.85191345214844,6024900
2023-05-01,148.76100158691406,149.39750674121342,147.52435705508745,148.76100158691406,4893400
2023-05-02,149.43384696656756,150.47044486197245,148.72459650522578,150.06126403808594,7541700
2023-05-03,150.53412167003313,151.106969347263,147.76985101015197,148.09719848632812,5937200
2023-05-04,147.92443393087785,148.12448038712196,146.6241458400625,147.42433166503906,5128000
2023-05-05,148.06991406173623,148.33361795076513,147.02422810464105,147.92442321777344,5194500
2023-05-08,147.29702960433372,147.82442354212228,146.7059782151081,147.58799743652344,4994900
2023-05-09,147.07881173876007,147.42434909034577,146.2058803833547,146.4423065185547,5520500
2023-05-10,146.57868834655378,147.27885099180995,145.54209021743478,146.9878692626953,6756600
2023-05-11,147.15153196346336,147.47887943131002,144.93284511192172,146.38772583007812,5867600
2023-05-12,146.72417129323043,146.90602792672703,145.49661473627768,146.19677734375,3904200
2023-05-15,146.21497524744922,146.42410969378577,144.52368210042573,145.07835388183594,5104500
2023-05-16,144.6327576060787,145.71482309897644,144.15083137601368,144.88735961914062,5599200
2023-05-17,145.29654875068115,145.54206280403156,143.4597789620045,144.56912231445312,6840700
2023-05-18,144.26907313977364,144.51457335319424,143.2688408358575,144.1053924560547,5173000
2023-05-19,144.20541720711108,145.4238719358054,143.79623630565666,144.49639892578125,6527100
2023-05-22,144.75291402318456,145.79733322341409,143.63520053072494,143.7176513671875,5675900
2023-05-23,143.92836748811092,145.0002702244445,143.25956236125842,143.6626739501953,5793000
2023-05-24,143.91003781123462,143.96500503064613,142.84729163776007,143.52525329589844,5015100
2023-05-25,142.96641102368008,143.18627992350923,140.83176191794436,141.4639129638672,6886100
2023-05-26,141.720425785487,142.26095543121772,141.27150351493017,141.408935546875,6845400
2023-05-30,141.06080385997666,142.35258958736364,140.46530693969842,141.42726135253906,5593100
2023-05-31,141.729554707092,142.63655561511828,140.95082926233002,142.0593719482422,11324600
2023-06-01,141.5830078125,142.04108667222388,140.30954914164587,141.5830078125,7901300
2023-06-02,141.74788037707677,144.12072479398375,141.17069671587387,143.80923461914062,7659700
2023-06-05,143.60770736512183,145.33924471292974,143.60770736512183,145.04608154296875,6430500
2023-06-06,146.20041452339427,146.22789812984917,144.20318391779563,144.91778564453125,5073600
2023-06-07,144.84450934280434,145.48581681020073,144.2398420252073,145.2292938232422,6504300
2023-06-08,145.21096262053572,146.96998332931943,144.58798223551926,146.82339477539062,5818400
2023-06-09,146.97001888716716,147.2540255419579,146.09967185425631,146.59439086914062,6264400
2023-06-12,146.5852279266196,146.81426734525496,145.4217037657042,146.4936065673828,6510600
2023-06-13,146.33787059650285,147.354806238051,145.8064974344864,147.26319885253906,6066800
2023-06-14,148.0510584255757,148.49081011380514,147.48303126634792,148.014404296875,6699100
2023-06-15,148.46333394815463,150.16738755233874,147.89530676045672,150.00247192382812,7138300
2023-06-16,150.68962599019173,151.15687539941888,150.13076919170342,150.46058654785156,13426600
2023-06-20,150.48804850637865,151.4500168216655,150.075780365386,150.36895751953125,7995800
2023-06-21,149.86507299942932,151.09272091940153,149.0496932341395,150.13992309570312,7177500
2023-06-22,150.15823178677923,151.82564540374543,150.05745388707845,151.73402404785156,5485900
2023-06-23,152.18292712270386,152.32951568185555,151.19347531761164,151.60574340820312,9450700
2023-06-26,151.14769317711713,151.14769317711713,147.80372316953347,149.910888671875,6978800
2023-06-27,149.95668142698113,150.1399241454159,148.82065485764312,149.59938049316406,4927500
2023-06-28,149.5169269965467,149.5169269965467,148.33508976863345,149.29705810546875,6780400
2023-06-29,149.0038649931351,150.5430169631888,148.62823703848125,150.34146118164062,4547500
2023-06-30,151.03775810355316,152.02721009133867,150.57052271187266,151.64242553710938,7580000
2023-07-03,150.561345037961,150.6071557164107,149.2970569853788,149.65435791015625,4033700
2023-07-05,149.32450728454216,150.17652699991723,149.08629740152728,149.1595916748047,7224600
2023-07-06,148.6465833249769,148.7565177729621,147.50138622694163,148.05108642578125,6332500
2023-07-07,147.0158152276916,147.5380178047154,145.85229112949148,145.89810180664062,7022200
2023-07-10,146.06301247063084,146.8600791596714,145.66907137767325,146.1363067626953,5739200
2023-07-11,145.78817221159704,146.86007499113296,144.3864521168611,145.33009338378906,6606700
2023-07-12,145.61409852750876,145.61409852750876,144.64297365922465,144.82620239257812,6940400
2023-07-13,144.7529248334802,145.78818756679175,144.21239511480482,145.49501037597656,6401700
2023-07-14,145.83392886640775,146.79589693654987,145.65070018148842,146.46607971191406,5362200
2023-07-17,146.35619587192556,146.46613032497575,144.89033792712175,145.73321533203125,5486800
2023-07-18,145.733200064114,147.4005996716702,144.9269768809911,145.72402954101562,6332500
2023-07-19,144.67046512038485,146.9608593602258,144.13909197920688,145.43087768554688,7522600
2023-07-20,148.36256191979984,154.9588937522787,147.77622162312295,154.2626190185547,21892900
2023-07-21,154.07936707433194,156.4980363799157,154.07936707433194,155.9208526611328,12080000
2023-07-24,157.12100577252792,159.24649780856805,156.6537704964199,156.73622131347656,15155400
2023-07-25,156.1590685493703,158.20209619335034,155.5177609906609,157.93641662597656,13790100
2023-07-26,157.57910443489033,159.27400155693147,157.02940429275392,158.23873901367188,14288200
2023-07-27,157.74403426061755,159.67712766709693,157.61577273514084,159.12744140625,12446400
2023-07-28,159.41142927754862,160.6574042264824,158.70598398086577,159.85118103027344,14138800
2023-07-31,155.46279055569227,155.948352981499,152.73264473105988,153.48388671875,22632700
2023-08-01,152.42113730393535,154.91308712478877,152.13713068117252,154.7298583984375,15810300
2023-08-02,154.6932123639506,156.88282841232635,154.6932123639506,155.66433715820312,14595600
2023-08-03,155.70096371480489,156.95610899088157,155.4444407341733,156.33311462402344,17424800
2023-08-04,156.05828676323043,158.2020922544497,153.8137033739048,154.86727905273438,23415100
2023-08-07,155.27956904467675,158.80676769840034,155.16046407374887,158.58689880371094,17736400
2023-08-08,158.48612854404,158.99917462900095,157.02027060461677,158.66018676757812,27378700
2023-08-09,158.49526472371252,159.6404617231613,157.62491780002256,158.5594024658203,42974400
2023-08-10,159.41140264140037,161.216234008053,157.24927041421242,157.73483276367188,48213800
2023-08-11,158.01887181364944,159.36562471377783,157.2309756542509,159.27401733398438,45905600
2023-08-14,158.97168601624463,160.87729568578126,157.35008299341825,158.8983917236328,64036900
2023-08-15,158.31204610424095,159.9244785497772,157.70737869486865,158.4403076171875,88958100
2023-08-16,158.06467813771843,160.0802221705721,157.69822066972915,157.93641662597656,85832700
2023-08-17,158.36700236092724,160.684879956897,158.27538100968553,159.4205780029297,70904200
2023-08-18,158.6510108570705,159.40226680367266,156.94695715176786,158.0280303955078,49631700
2023-08-21,155.4627750125175,155.6093635738105,152.0455113066708,153.3189697265625,151319500
2023-08-22,152.87007877862234,153.76790943620125,151.54165287130039,152.1005096435547,56834800
2023-08-23,151.9905286819275,152.5402287918782,149.76427259348148,150.7353973388672,119011400
2023-08-24,150.27733401712038,152.69598958644096,150.12158889850178,151.2484588623047,70755100
2023-08-25,151.61759290041022,154.82896578971548,151.39611356699265,153.4170684814453,18185500
2023-08-28,152.26355354168965,153.38015912994854,150.57481062178547,151.6083526611328,18458000
2023-08-29,152.14358682580956,152.89106021414202,150.20569546364288,151.62681579589844,12208600
2023-08-30,152.36504937729197,153.02947322284106,151.0454247103712,151.09156799316406,9939100
2023-08-31,150.7593639483779,150.94393708919432,148.83069572304797,149.19981384277344,15333000
2023-09-01,148.9598807696853,149.93805640923046,147.6587162313683,148.09243774414062,8610100
2023-09-05,148.16629068162348,149.4674554526681,147.90790514877207,148.2770233154297,9019800
2023-09-06,147.50183783239794,147.64949070252914,145.20405164514958,145.81309509277344,9753800
2023-09-07,146.85587009356587,148.627662243622,146.70821722748977,147.6771697998047,9931800
2023-09-08,147.2711336132518,148.276992376326,146.90201552361344,148.166259765625,6957000
2023-09-11,148.62767116544205,150.1318549068617,148.06475690056962,150.1041717529297,6309300
2023-09-12,149.69814936731748,151.27614563370176,149.0614085970045,150.9531707763672,6045800
2023-09-13,151.11924092208724,152.2173862058747,150.41791094632683,151.3314971923828,7397500
2023-09-14,151.9682131264929,152.51268125898702,150.82393872405677,151.1007843017578,7758400
2023-09-15,151.32231706804694,152.0974878479316,148.76614456699187,148.98760986328125,13392100
2023-09-18,149.60584410985328,150.55633659350676,148.34159983335266,149.9288330078125,5789000
2023-09-19,149.72581552443526,150.2795067612212,148.92297590395344,149.67967224121094,5550800
2023-09-20,149.67046074063634,150.91624499789265,149.1813728788984,150.3348846435547,3837400
2023-09-21,150.02114121666924,150.87934725873208,149.11677780429264,149.18138122558594,4526700
2023-09-22,148.84916651095887,148.94143900702014,147.8802137761101,148.1109161376953,4976700
2023-09-25,147.7140823686061,147.98169085360732,146.47750728077028,147.889404296875,6722500
2023-09-26,147.47417623514903,147.72333872979553,146.5975100721541,146.7451629638672,4904800
2023-09-27,146.33912070661768,146.50521964471406,143.2753866483768,144.9825897216797,10211600
2023-09-28,145.34247727522077,145.76697578542198,144.1612823959048,144.7703399658203,7861900
2023-09-29,145.22250094219302,145.43475722811255,143.35843621865573,143.72755432128906,7680700
2023-10-02,143.42303638398994,143.42303638398994,141.48514507735214,143.1738739013672,7259700
2023-10-03,142.740170240741,143.49688080836418,142.0111569132837,143.34922790527344,5740800
2023-10-04,143.56146310976445,143.89366097140424,142.638653722666,143.51531982421875,4955200
2023-10-05,144.2074294895545,145.8407919961642,144.02287042496604,145.01026916503906,5993300
2023-10-06,144.95489344900997,146.08072197519556,144.50271180129508,145.47166442871094,5802200
2023-10-09,145.04717893379845,146.6159662239947,144.96412946482224,146.3022003173828,4414100
2023-10-10,146.1545685305259,146.9758683965206,145.71160984613508,146.1361083984375,5273500
2023-10-11,146.2283929083387,146.7728471091222,143.99518162876836,144.12437438964844,6922900
2023-10-12,143.88441643487297,144.47501379107908,143.1000370216822,144.2627716064453,5792400
2023-10-13,144.63191381902962,145.2132882489435,144.00441018371953,144.74266052246094,5359800
2023-10-16,145.63780086080817,146.0346021837126,144.73343741989763,145.37017822265625,6408100
2023-10-17,143.93979595203,146.6805408000555,142.67555167055366,144.0413055419922,12244400
2023-10-18,143.41381030903537,143.91212118272904,140.31317020340305,140.940673828125,9097300
2023-10-19,139.9624824113736,141.29133003325566,138.55980835705898,140.56231689453125,7733800
2023-10-20,140.94989399313684,141.9926589007666,140.57153881025909,141.1898193359375,7207000
2023-10-23,141.0606631952307,141.6512607223004,139.53803312603776,139.70413208007812,5874000
2023-10-24,139.11354338392792,140.230149164919,138.54140595352865,139.55648803710938,6155300
2023-10-25,139.56571044053533,140.42391649571675,138.63366385648715,139.8702392578125,5880800
2023-10-26,140.23935671094742,140.23935671094742,137.38787881936253,137.4986114501953,7612500
2023-10-27,137.02797205356876,137.1848479609137,133.7612189118209,134.36105346679688,11385800
2023-10-30,134.8132209792567,135.87446023084422,134.73017151323228,135.6806640625,8205300
2023-10-31,136.15130647378314,137.07411596727238,135.32078356202499,136.88955688476562,7576900
2023-11-01,137.67392908875854,138.19992309581636,137.0002822063692,137.2125244140625,5733000
2023-11-02,136.3081617448707,138.79050682180304,136.15127177971547,138.6428680419922,5349100
2023-11-03,139.53801859361317,140.51619432585903,138.559828780413,139.65797424316406,4926800
2023-11-06,140.06403031004953,140.66385087633452,139.68567502069138,139.99020385742188,4851400
2023-11-07,140.20239973024448,140.49770544307015,139.048888191303,139.2519073486328,4840400
2023-11-08,139.66720943174383,140.110154004595,138.73516291853014,138.74440002441406,5460000
2023-11-09,138.88281245714222,138.88281245714222,135.89290498028367,136.04055786132812,6973600
2023-11-10,136.80647627566586,137.03717859653543,134.39794348254927,135.8836669921875,6930700
2023-11-13,135.88367243474988,136.48349286065462,135.32998121010496,136.23434448242188,5889300
2023-11-14,136.24356379720825,137.07408653061165,135.62528325906086,136.26202392578125,6713600
2023-11-15,135.97595521767107,137.8861631357628,135.90212878437467,137.31402587890625,6729100
2023-11-16,137.96001109693103,138.57829173119603,137.16639441634592,138.51370239257812,6875600
2023-11-17,138.92895951999887,139.15042476663334,137.56320553558774,138.2276153564453,7023300
2023-11-20,137.58578362720917,139.90197082982192,137.24160023008594,139.44618225097656,8851700
2023-11-21,139.6229232242863,140.72984848931165,139.16712044900632,140.57171630859375,5916300
2023-11-22,141.04613806802183,141.42750903075242,139.89268571451768,140.2926788330078,4633500
2023-11-24,140.32988127503606,142.02283679293316,140.32988127503606,141.85540771484375,3351400
2023-11-27,141.66006209150626,141.68798113206253,140.43220624941074,140.72056579589844,6449700
2023-11-28,140.83215602079164,141.213541106915,140.31124672936156,141.04611206054688,5909000
2023-11-29,140.76704525394203,141.57631400798965,140.5251985740589,141.4925994873047,5190000
2023-11-30,141.63213723564098,144.31111570351098,141.3158728869937,143.8646240234375,12481900
2023-12-01,145.52037755742177,147.39938407627056,144.61808312080063,147.32496643066406,10342900
2023-12-04,146.97150482695565,148.85051158442695,146.97150482695565,147.7900848388672,8920300
2023-12-05,147.71564307317095,148.4877101504379,147.1761258073562,147.48309326171875,7268200
2023-12-06,147.45519230562098,147.58541963571741,145.2692183428794,145.68780517578125,6642900
2023-12-07,145.65062116886622,145.65062116886622,143.91115286374398,144.552978515625,6532400
2023-12-08,144.57155661320462,144.97154964620725,143.10184018765824,143.641357421875,6254700
2023-12-11,143.71576981999232,144.6273610200155,143.5762456238658,144.23667907714844,6090400
2023-12-12,144.18088143782714,144.47855200603632,142.92510679297988,144.24600219726562,5324400
2023-12-13,142.93442613324382,145.05527937635523,141.17635004504055,144.91574096679688,10764600
2023-12-14,145.54830554518733,146.1901454211075,144.22742406148532,145.92037963867188,9240700
2023-12-15,144.63669464590205,145.7529309700853,143.02743963320867,144.32972717285156,21727800
2023-12-18,144.37625281779938,145.52039408732057,143.95765173949897,144.59019470214844,7231400
2023-12-19,144.45996677588514,145.5762031948661,144.12509443081922,145.53900146484375,6651500
2023-12-20,145.61339686285115,145.72503043416984,142.42281997415614,142.5716552734375,7008300
2023-12-21,142.96235032512453,144.30183975337047,142.59957312111766,144.03207397460938,4598600
2023-12-22,144.41344706002332,145.60410107581,144.1995051867673,144.60879516601562,3798900
2023-12-26,144.18089111758462,145.43666584673986,144.04136690044066,145.24131774902344,4170000
2023-12-27,144.64597053799747,145.59477766303294,144.57155290135617,145.4366455078125,5288100
2023-12-28,145.1111173695945,146.26456982252702,145.10182048462963,145.650634765625,4377500
2023-12-29,145.58548242530063,145.94825957232212,145.09247794841792,145.7994384765625,4313700
2024-01-02,145.97617172886905,150.35741674892128,145.84594439248295,148.80398559570312,9622100
2024-01-03,149.42719394792215,150.17135612190214,148.64583005241397,149.73416137695312,8232000
2024-01-04,150.3109063822734,150.67368355335526,149.2225748690278,149.4179229736328,6766600
2024-01-05,149.29699598932405,150.07836003847734,148.33889179230414,149.88302612304688,5602500
2024-01-08,149.85514797351328,150.37605743241144,148.46914558245206,150.255126953125,6569800
2024-01-09,150.34812927246094,151.88295256116447,149.39002505330632,150.34812927246094,6357000
2024-01-10,150.5248514894969,151.2689995446182,149.94811829494927,150.57135009765625,4945100
2024-01-11,150.7574071735129,150.878323430634,149.5574421295486,149.901611328125,4946000
2024-01-12,150.54347170544474,151.12950188584566,150.403947469024,151.05508422851562,4496900
2024-01-16,150.29230965050766,150.92483836967466,148.9993189808811,149.3155975341797,6923200
2024-01-17,149.06444349121261,150.04115563208222,148.71096320178742,149.23187255859375,5072100
2024-01-18,148.8318957802318,150.106264345861,148.5435362531521,149.9574432373047,5368500
2024-01-19,149.90161828696782,150.6178757545537,149.09234940141056,150.39462280273438,7071300
2024-01-22,150.69229126395592,152.16200790668972,150.07835630046293,151.12948608398438,6824200
2024-01-23,148.51562714638357,149.30628805379786,145.95757901106663,148.6551513671875,9149800
2024-01-24,148.5993685639585,149.39004380813964,147.12035478098792,147.86451721191406,7247900
2024-01-25,147.9016980519319,148.47841711240952,147.40869352725608,148.422607421875,5478900
2024-01-26,149.23188466937822,149.52025840946305,148.23657868050336,148.36680603027344,5591900
2024-01-29,147.91099680843067,148.89702006398184,147.86449819487373,148.236572265625,6483200
2024-01-30,148.22729205708882,148.60866305471214,147.0924475617978,147.68777465820312,7200500
2024-01-31,149.20398446239662,149.40862947464444,147.59474340582693,147.80868530273438,8256800
2024-02-01,147.12032894017108,147.4272964212755,146.0878071196254,147.30636596679688,8012000
2024-02-02,146.94356879450305,147.25983311608718,145.05526555355027,145.67849731445312,8295900
2024-02-05,145.67850796439257,145.9389626239983,144.4971509195074,144.925048828125,9121600
2024-02-06,144.95295752458105,147.65052979666757,144.73901566144133,147.0272979736328,9229900
2024-02-07,146.78543655761527,148.24584192047513,146.6831140778954,146.95286560058594,8690300
2024-02-08,146.35755919698565,146.35755919698565,144.46925569230834,145.48316955566406,9755000
2024-02-09,145.36226557293077,146.2273442100446,144.80414025021977,145.81805419921875,6529200
2024-02-12,145.65058281707036,147.35284894385842,145.43664098944382,146.83193969726562,6701500
2024-02-13,146.63662560840297,147.390084814208,144.87854939695262,145.5482940673828,8621000
2024-02-14,145.43666959037284,145.5389920834839,144.03205953096523,144.86924743652344,9098800
2024-02-15,145.09249046000224,147.41798883213715,145.00877592509713,146.89707946777344,7462500
2024-02-16,146.77524425917693,147.39382634940705,145.9035831069462,146.72837829589844,8541000
2024-02-20,146.73771819019646,148.65910791163728,146.62525134065228,147.95616149902344,9501700
2024-02-21,148.10616457250282,148.73412847827512,147.2720018557026,148.72474670410156,7472500
2024-02-22,149.0059059924075,150.6554962347666,147.87182700226853,150.38368225097656,8065000
2024-02-23,150.78674449237113,152.07078910588058,150.11191457687332,151.68650817871094,6726000
2024-02-26,151.64899055029952,151.8458075563944,150.49616232443842,150.7023468017578,5465400
2024-02-27,150.28061541970808,150.93669608938748,149.6245347500287,150.88046264648438,5078600
2024-02-28,150.89920632574317,151.47093680996846,150.23374390581455,151.41470336914062,6071100
2024-02-29,151.8364537357463,152.0145358154022,150.84295824028072,151.25535583496094,9849100
2024-03-01,151.67711388202258,152.3706929229296,150.98353484111553,151.94891357421875,5670100
2024-03-04,151.199093303882,151.47089295635394,148.3404417103879,149.8119354248047,8532900
2024-03-05,150.54302196906784,151.12413414992423,149.2121116089498,149.93380737304688,8298200
2024-03-06,149.4558191885232,150.83358130368302,149.23087113835194,149.3433380126953,5773700
2024-03-07,149.96192746163356,150.29934237048158,148.31235140808977,148.90281677246094,5188700
2024-03-08,148.90284069307515,150.32748323723897,148.4904430380683,149.51206970214844,5284000
2024-03-11,149.48391939002968,151.19911054167028,148.91218900614948,151.11474609375,4620800
2024-03-12,151.4428018998386,152.8768116746517,151.02103684280246,152.530029296875,8018700
2024-03-13,152.33318237620043,152.47376594698787,149.78382874838488,150.99290466308594,6260000
2024-03-14,150.8429713411989,151.40532004520753,148.73413152282458,149.2215118408203,6988300
2024-03-15,148.14363664662227,149.20274733467747,147.24387309163274,148.256103515625,13165500
2024-03-18,148.62165782759035,148.7341247029381,146.681518418934,146.92520141601562,6602300
2024-03-19,146.84083098328549,147.0189130456524,145.8942015430246,146.40969848632812,7840600
2024-03-20,145.931696863652,146.62527592224217,145.47244761669967,145.98793029785156,5982300
2024-03-21,145.82858080086245,147.10325760248134,145.36933160639617,145.97854614257812,5915800
2024-03-22,145.92231194090823,146.55027571684477,145.3786983061836,145.4911651611328,7248600
2024-03-25,145.65051182190209,146.19412550831592,145.1818808130781,145.4818115234375,7498100
2024-03-26,145.8473338487081,146.4284316861629,145.0506554638573,145.99729919433594,6864100
2024-03-27,146.20350421881622,148.2935944699733,145.68800725961162,148.04991149902344,8461600
2024-03-28,148.2748551429712,149.15588376826977,148.19050498986408,148.26548767089844,6181500
2024-04-01,147.82497689040005,148.22799272141984,146.93458077175345,147.88121032714844,4364700
2024-04-02,146.74713739290414,147.92808251878685,146.16602515191119,147.8343505859375,6102300
2024-04-03,147.89056497225516,148.13426224567385,144.5726637785159,144.58203125,8098200
2024-04-04,145.56616870825653,145.74425078845414,142.84811444630023,142.93246459960938,6947400
2024-04-05,142.4919156117222,143.4104282054838,142.09826735725295,142.82933044433594,6783000
2024-04-08,142.4544574506997,143.43857111588372,142.05142735131946,142.0795440673828,5935400
2024-04-09,142.04204629669727,142.960558970393,141.47031595560992,142.73561096191406,6135300
2024-04-10,142.02329343168662,142.2951073893514,140.36433587748513,140.7767333984375,6809500
2024-04-11,141.33913681040184,141.4047377249324,139.08033156889573,139.45523071289062,8374400
2024-04-12,138.77099244472953,139.71763610179957,137.91808069677896,138.26487731933594,7100200
2024-04-15,139.06158398043533,140.11132733881993,138.12432180777972,138.3305206298828,8502300
2024-04-16,135.91236139515735,137.07457145724345,134.394001487798,135.3874969482422,12774900
2024-04-17,135.9029746785478,136.28725548758064,134.5345660201671,135.68740844726562,9378100
2024-04-18,135.88424458296356,136.65280630932315,134.15031841501488,136.59657287597656,9887700
2024-04-19,136.98084178127115,138.83663092236065,135.47184932089155,138.63043212890625,9750800
2024-04-22,139.1927806907934,140.8423710374486,138.05870162895172,139.76451110839844,10118700
2024-04-23,140.45810716606832,141.04858690038583,138.90224855590546,140.1769256591797,10110400
2024-04-24,138.84601618024809,139.64269473896482,137.64632175637078,139.2115478515625,9756300
2024-04-25,139.99880150284676,140.19563278898218,137.1495316993538,137.60879516601562,7642700
2024-04-26,137.49633048838533,137.94621223725824,136.79338399887266,136.97146606445312,6183000
2024-04-29,136.97144965510776,137.98369419491587,136.83086609464047,137.60879516601562,6149600
2024-04-30,137.66504523456854,137.66504523456854,135.46247384440483,135.51870727539062,8817700
2024-05-01,139.40837439792492,142.3232601949783,138.3586310870651,141.69528198242188,14470900
2024-05-02,142.50131901746667,142.77313302695512,139.78326473148744,140.5143280029297,8459800
2024-05-03,140.4862034661683,140.4862034661683,138.5460785234672,139.9051055908203,6532700
2024-05-06,140.46745404440725,140.63616864439848,138.6304284981774,139.25839233398438,5042800
2024-05-07,140.00821432613523,140.3362474738052,139.13655315347378,139.38961791992188,7333500
2024-05-08,139.7645116645831,140.33624208446332,139.37086332160584,139.6051788330078,7735100
2024-05-09,139.63327238178275,140.68301542369537,139.54892224402982,140.44869995117188,6546200
2024-05-10,140.58929399169546,140.67364413573466,139.8301140923775,140.50494384765625,5710600
2024-05-13,140.6267809966815,142.46382076765371,140.317497129004,141.73275756835938,5628500
2024-05-14,142.32325052143713,142.66066543744319,141.2453905640503,141.8827362060547,8254200
2024-05-15,142.29513270549742,143.35422910748133,141.8077524302532,143.091796875,5548000
2024-05-16,143.40110518417066,144.6945314936796,142.77314127633977,144.60079956054688,7591000
2024-05-17,145.14440069808447,145.14440069808447,144.06655506813604,144.93820190429688,6521800
2024-05-20,144.65474546816156,144.9287422240118,142.9162320875925,142.92568969726562,7742300
2024-05-21,143.40754516705445,144.1728618253985,142.4721501306966,142.8973388671875,5492400
2024-05-22,142.5194108966398,145.58069229015857,142.0281053430701,145.03268432617188,6609800
2024-05-23,144.32405097108384,144.40908295836329,141.1399504992981,141.44229125976562,8000400
2024-05-24,141.28166823517878,141.5462218027961,138.6644621372273,138.86288452148438,9520600
2024-05-28,138.69279002235805,138.69279002235805,136.1984178052142,136.41574096679688,10499800
2024-05-29,135.88666270373184,137.39839546116585,135.78272990526975,136.4724578857422,8263800
2024-05-30,136.64253170440284,137.57792695785716,136.0756372859895,137.26612854003906,8490300
2024-05-31,137.54012373467683,139.34475400263702,137.18108055289417,138.57943725585938,14621200
2024-06-03,139.12744760045894,140.6864251174315,138.6739292274088,139.59042358398438,7329200
2024-06-04,139.34473956962302,140.12895703871146,138.12590458379333,139.6470947265625,8876400
2024-06-05,139.8077370739801,139.82663787847764,137.80468430992832,137.91806030273438,5891300
2024-06-06,137.473966475475,138.89122386182012,136.6803057992228,138.3432159423828,5016300
2024-06-07,138.58885296463157,140.11950057172314,138.26761145363295,138.966796875,5111600
2024-06-10,138.44712944352733,139.42031155989912,137.56843690658582,139.0140380859375,5749900
2024-06-11,138.71170402540372,139.04240318653248,137.4172802097796,138.66445922851562,5661200
2024-06-12,138.9479240279769,139.08965842928566,136.79369376530198,137.38894653320312,6180500
2024-06-13,137.06771376492154,137.94640655772307,135.9433537609016,137.42674255371094,6840400
2024-06-14,137.1338349603186,137.9180525061038,136.5102382009585,137.5117645263672,4075300
2024-06-17,137.0204770770294,138.35268834446978,136.75592346242487,137.899169921875,6666600
2024-06-18,137.90861941225126,138.31489300465125,137.2472209975975,137.61570739746094,6156600
2024-06-20,137.25668037657567,139.91167401198217,137.01101316210898,139.6282196044922,8749700
2024-06-21,139.73216184350903,140.85652193832954,139.24084179848433,140.5447235107422,15172300
2024-06-24,140.78091112328104,141.46119587402237,139.9966935795906,140.894287109375,6914700
2024-06-25,140.95098950493377,140.96989031024367,138.83456065711414,139.07077026367188,5912500
2024-06-26,138.13535136116954,139.07074643300473,137.7385210202028,138.72116088867188,5267800
2024-06-27,138.7022693577553,139.23137651441095,136.85037989237182,137.75743103027344,5739200
2024-06-28,137.98417430149715,138.9573709811613,137.61568795369726,138.09756469726562,10495700
2024-07-01,138.0125360279779,140.49745092863293,137.58734726353785,138.36212158203125,5144400
2024-07-02,138.35266098656112,139.0329456944789,137.70073469047043,137.9747314453125,5492000
2024-07-03,138.1353657929668,138.56054017291675,136.75590985649902,137.65350341796875,3246200
2024-07-05,137.729075262143,138.46604794122288,136.52912665201552,138.39990234375,4888500
2024-07-08,138.32431231536555,139.09908659094592,137.23775410819414,137.45506286621094,5260200
2024-07-09,137.6345799638235,139.0140500903654,137.1716040519725,138.93846130371094,5890400
2024-07-10,139.13688219440405,141.2249811708162,138.58887425300588,141.1871795654297,6093200
2024-07-11,141.32891527672635,142.27375358095603,140.4407649640163,141.44229125976562,6350400
2024-07-12,141.72574170255015,142.55720400067327,141.0076698014089,141.61236572265625,5336400
2024-07-15,141.80133589455374,141.9619566778824,140.65807519109975,141.00767517089844,6711400
2024-07-16,141.43284416308643,142.74616879303215,140.9320810290337,142.68002319335938,6469600
2024-07-17,143.19027368550445,148.80261653044022,143.06744007035755,147.94281005859375,13801400
2024-07-18,147.0168496361982,148.40576313203292,146.0908976942492,146.84677124023438,10166200
2024-07-19,147.8766417193638,147.8766417193638,145.61847868916126,146.15704345703125,7398000
2024-07-22,146.23265104285653,146.55389265597353,145.11773417421026,145.7318878173828,6840600
2024-07-23,144.8531732679866,145.03269487130436,143.20916367358166,143.94613647460938,6261900
2024-07-24,144.3334973346563,147.78216587110714,143.92722377511504,147.65933227539062,7168200
2024-07-25,147.84830686859425,151.7221500249499,147.39478847928925,150.83399963378906,10019600
2024-07-26,150.9379183426812,152.6669741607888,150.67336477219257,151.77882385253906,8356900
2024-07-29,151.14577826899392,151.1741222635513,149.33169053188183,149.8135528564453,5625000
2024-07-30,149.7946488412398,152.638621182255,149.62458487754336,152.43075561523438,6545700
2024-07-31,151.0323918517863,151.50481095120747,149.03878267554543,149.14271545410156,8293200
2024-08-01,149.73796653091236,151.9394414526763,149.01045143584264,151.89219665527344,7213400
2024-08-02,152.96929641082903,155.756580590725,152.11894781101822,155.0857391357422,11280400
2024-08-05,154.75504631893926,156.63527957428565,151.72212369437943,152.35516357421875,12032200
2024-08-06,152.16622381017936,152.57249739291652,150.1726142539524,150.20095825195312,7607100
2024-08-07,150.10648265950962,151.7599499769875,149.4639994220647,150.13482666015625,5993000
2024-08-08,149.82302625092277,151.83552216196708,149.31280546095883,151.3820037841797,5094800
2024-08-09,151.28749907820514,152.05281576966155,150.55052638146287,151.75991821289062,4579200
2024-08-12,152.09064620558001,152.78037423618682,149.9553165021624,151.06077575683594,7605400
2024-08-13,151.4292394730899,151.52371465352024,147.8105070278646,149.65293884277344,9711400
2024-08-14,149.12380652769178,150.74892929451582,148.7175186274428,149.73794555664062,5141200
2024-08-15,149.63404628292417,150.70171824193116,149.133283106083,150.3143310546875,7237800
2024-08-16,150.36156874176774,151.1174422765287,149.45451761663693,150.5977783203125,5012800
2024-08-19,150.66391840709042,151.44812149211344,150.35212004477484,150.8245391845703,4408400
2024-08-20,151.1741397829281,152.05283255021345,150.86234138957508,151.3253173828125,7275100
2024-08-21,151.55210123732843,152.57252862551232,151.46706922591957,152.52528381347656,5019400
2024-08-22,153.06381679303217,153.52679278706455,151.9205560154414,153.39451599121094,6552100
2024-08-23,153.5362484316349,155.16137172224776,152.7803747867072,155.0763397216797,7093400
2024-08-26,155.11411499778487,156.5691741754597,154.51886220536431,155.52984619140625,6870600
2024-08-27,155.65359790454076,156.16767679035647,154.3779082949286,155.12998962402344,4388700
2024-08-28,155.17758905358738,157.0816085511774,154.90151261810382,156.05343627929688,5187000
2024-08-29,156.72938442881957,156.81506182795763,155.52032786597454,156.34857177734375,7390100
2024-08-30,156.24381238183656,158.01455083565116,155.94869172728642,157.9003143310547,7971000
2024-09-03,157.31009771883697,159.756755244312,156.86265197023562,159.13795471191406,6956500
2024-09-04,159.7567553681756,160.7468536525992,158.0716940269558,159.32835388183594,6939100
2024-09-05,159.17604670633676,159.33788664039133,156.9197879721694,157.07211303710938,4600400
2024-09-06,157.25295968554767,157.9764963748187,156.24383169947552,156.49136352539062,6016900
2024-09-09,156.92930309092387,159.3759754234172,156.57706408839283,158.61436462402344,7538200
2024-09-10,159.461633372278,160.37556912536223,158.74762605867076,159.34739685058594,6559600
2024-09-11,158.78572445448836,158.78572445448836,156.21530063586,156.9102783203125,5920200
2024-09-12,156.31998975075592,157.17680719620495,154.90150459548735,156.73887634277344,4540900
2024-09-13,156.8340785157963,157.79560305448646,155.95823136117943,157.57664489746094,3693400
2024-09-16,158.3763187767387,159.22360674577527,157.82415146158368,158.97608947753906,5187800
2024-09-17,158.2621067721383,159.67107714096886,157.96697154605468,159.05227661132812,5066500
2024-09-18,158.63339728124967,160.2708552958487,157.78610914213294,158.17642211914062,4722800
2024-09-19,158.25260123598983,158.38588204061446,156.52946564530052,156.9102783203125,4956100
2024-09-20,156.41518689658778,156.95782483808358,155.701179665952,156.2819061279297,11839000
2024-09-23,156.51040376475552,156.6056105544226,154.91103428926812,155.3870391845703,4671600
2024-09-24,154.97766977573121,155.6440882604939,153.79718691441477,154.96815490722656,6041600
2024-09-25,155.1775786639952,155.48222873594005,152.66427367651013,152.89276123046875,5420000
2024-09-26,152.5500311417847,153.78763206229752,152.34058785721788,153.64483642578125,6122000
2024-09-27,154.22558484936437,155.58695186635615,153.5972549062067,153.6543731689453,7553800
2024-09-30,153.8162088862617,154.39692083773932,152.96890633708756,154.28268432617188,6010000
2024-10-01,154.63492124013158,154.93957130236242,153.44490917175708,154.21604919433594,4408000
2024-10-02,153.75910466526304,154.33983125112738,152.94037561841364,153.4354248046875,4684400
2024-10-03,153.06415377856985,153.69248381214697,152.53103054760203,152.79759216308594,4791200
2024-10-04,151.96932557760644,152.79756943634627,151.16011145534324,152.59764099121094,5331100
2024-10-07,152.55956317567225,153.14028970704277,151.57899429054896,151.87411499023438,4266000
2024-10-08,151.8360444315138,152.55956663186006,151.32195101753078,152.0264434814453,4766300
2024-10-09,152.24539037589315,153.48300589847233,151.8550629102347,152.9403533935547,6047200
2024-10-10,153.6162665667364,153.64482569204452,152.32153295555366,152.8070526123047,4793900
2024-10-11,154.39693573725992,154.85391088065782,153.46397024089242,153.7115020751953,5253500
2024-10-14,153.65438925868906,154.35888180144048,153.17838431733435,153.8448028564453,5964000
2024-10-15,152.3215470272886,158.74761229250234,151.36953735836804,156.22479248046875,10548000
2024-10-16,156.12960236680277,157.07209726917264,154.8348684978223,156.3961639404297,5982100
2024-10-17,156.37711319079165,157.08160562130556,155.7773569382682,156.57704162597656,4798000
2024-10-18,156.97688838075024,157.35768647325938,156.06295262160583,157.1958465576172,5908000
2024-10-21,157.17681323865557,157.31960888846243,154.5206979401226,155.0157470703125,6082700
2024-10-22,154.53022643136677,155.87254911125356,154.13036956121294,155.60598754882812,5680300
2024-10-23,155.00621151133777,158.03359509525518,154.62539895182647,157.9003143310547,7441600
2024-10-24,157.08160436281852,157.56712409221257,155.5012647355925,155.8154296875,5386300
2024-10-25,155.82494793759003,156.0534355057139,152.90228557706573,153.15933227539062,6400400
2024-10-28,153.39735704945048,154.19704186456204,153.2735911162125,153.8448028564453,4842500
2024-10-29,153.71150509473205,154.38742390203063,152.37868269008018,152.40724182128906,5216900
2024-10-30,151.79794794602444,153.54012748825258,151.39810560417928,152.90228271484375,5820500
2024-10-31,152.31204411339957,153.14980280976587,151.8074801113953,152.1882781982422,8613900
2024-11-01,152.87372924616452,153.33068986426392,152.20732531841202,152.44532775878906,5256400
2024-11-04,152.03595269802506,152.5881200908621,150.48418669857662,150.64602661132812,4644000
2024-11-05,150.10337350564672,150.9792207205984,148.84672820646063,150.75074768066406,6547100
2024-11-06,152.22634812176958,153.1307689752256,149.79873496169643,150.3032989501953,8926600
2024-11-07,150.8649829938127,151.1315445559476,148.9990375323527,149.20848083496094,7522800
2024-11-08,149.4655460726702,149.54170860366003,147.95185390135575,148.00897216796875,8926100
2024-11-11,148.1517462316955,150.017691652569,147.47582747331106,147.59957885742188,7146800
2024-11-12,147.11405603134722,147.5995757430344,145.05771161741038,145.31475830078125,7181400
2024-11-13,145.18150903483783,146.1430337995548,144.15333660472038,145.88600158691406,7161900
2024-11-14,145.82885660864952,146.21918411948394,143.52499459764084,144.58172607421875,7716400
2024-11-15,143.65827607550634,147.0188695791105,143.65827607550634,146.60951232910156,11328500
2024-11-18,145.26717091073542,147.87568297459592,145.0196535939596,147.34255981445312,7510600
2024-11-19,146.5618922831719,146.59998080650726,144.75307964065624,145.65748596191406,8233700
2024-11-20,145.68605976221386,145.89550308210397,144.5246066342839,145.76222229003906,9061300
2024-11-21,146.24773832050025,148.5706445169231,145.47661271996174,148.0375213623047,10141100
2024-11-22,148.4183212372567,149.57977434933565,146.71423009578947,147.72335815429688,8266000
2024-11-25,147.72335062200878,149.50360419948817,147.6947914917349,148.3040771484375,12256200
2024-11-26,148.89907133191147,148.98543618637723,146.97977424738485,148.28489685058594,5683500
2024-11-27,148.39046042969707,150.3097575356133,148.36167214455432,149.12937927246094,4140400
2024-11-29,148.63994331083506,149.38846790760743,147.9489952764186,148.75509643554688,5687800
2024-12-02,148.50561876803417,148.74553091467075,147.71869989839007,148.55360412597656,6946500
2024-12-03,148.55358065695188,148.55358065695188,146.164050782451,146.2120361328125,8674400
2024-12-04,145.18520426766918,145.4443134433583,143.70735213110936,144.39830017089844,10333100
2024-12-05,143.9472757418836,144.31194685954674,142.93964188307558,143.4866485595703,7898100
2024-12-06,143.36188410827347,143.9952556117539,142.39264442669784,143.2851104736328,8389600
2024-12-09,143.26594265878714,144.80138637898773,142.45025007993027,143.56344604492188,8410300
2024-12-10,143.8800945363958,144.74378698400625,142.34466570132315,143.20834350585938,9398700
2024-12-11,142.50781685165936,142.50781685165936,140.46376065143724,140.72286987304688,13446700
2024-12-12,141.2602742525365,141.80728099584104,140.11829004928043,140.33901977539062,6176300
2024-12-13,139.78241985221203,141.00116304219972,139.1874277575494,140.70367431640625,8324900
2024-12-16,140.809249486894,141.30827091037423,137.72878536360594,138.04547119140625,8732400
2024-12-17,138.0358476209154,140.74206363319422,137.91110326335962,140.5021514892578,10343000
2024-12-18,139.80158471760046,140.81882441516754,138.83234501612696,138.90911865234375,9336100
2024-12-19,138.32373198524482,139.3601541057871,137.58479855203828,137.7863311767578,9516700
2024-12-20,137.27771234854828,139.60005981749794,136.98981488777022,138.64041137695312,17702800
2024-12-23,138.79396763382746,139.46571865711493,137.6615747862222,139.40814208984375,8720800
2024-12-24,139.14904504151625,139.96475219726562,138.50608224573483,139.96475219726562,3164100
2024-12-26,139.6384450191473,140.46374329746843,139.2353944148147,139.70562744140625,4656300
2024-12-27,139.0242771354707,140.6844796267881,138.8419415728229,139.197021484375,5588300
2024-12-30,138.99548779121798,139.03388193204813,137.1817526784633,137.55601501464844,6268700
2024-12-31,137.95906448886848,138.83234814707063,137.52722558809984,138.78436279296875,5811400
2025-01-02,139.36973879962852,139.8879571571951,137.97825149065758,138.2085723876953,6051300
2025-01-03,138.25655098020897,138.7363751766119,137.82469748898845,138.3717041015625,5878800
2025-01-06,137.71915733581497,138.9763092291661,137.1625594228921,137.8631134033203,7910500
2025-01-07,137.9590585903311,141.24105459615257,137.79592010781911,140.3293914794922,8422000
2025-01-08,139.61927487028785,139.71523094085825,135.7326952568487,136.52920532226562,11175600
2025-01-10,135.31045728677546,137.8727173803559,135.00336269546227,136.3276824951172,8821500
2025-01-13,137.21052992903506,139.21620629850926,136.5675672310388,138.64041137695312,10376400
2025-01-14,138.66920653031897,138.9666952187379,137.0953835955594,138.90911865234375,8681700
2025-01-15,139.44654681099593,140.1566921029693,138.43891277226027,139.12026977539062,7434600
2025-01-16,138.4964817621477,142.09516372064633,138.24696377479086,141.80726623535156,8964000
2025-01-17,141.4905969053542,142.39266896398644,140.69408678215927,141.09713745117188,10773100
2025-01-21,141.60574686831652,142.8532929927474,141.11633134761914,142.17193603515625,11111700
2025-01-22,138.18938439133169,139.60006886177246,136.3756493069184,139.40814208984375,16834700
2025-01-23,139.57129448366877,141.94162769298416,138.96671118093818,140.72286987304688,10506400
2025-01-24,140.8859782509478,141.67289696198034,140.47333647058124,140.8955841064453,9887300
2025-01-27,142.45983051714566,147.25807347591157,142.0279915794718,146.72067260742188,15152300
2025-01-28,146.4999326712666,146.79742134133608,144.23516179332339,144.3119354248047,10320600
2025-01-29,144.42712229422742,145.7514421213144,143.94729796766853,145.05088806152344,7156400
2025-01-30,145.78020743033787,147.92021948940214,145.25239782570569,146.7014617919922,8911000
2025-01-31,146.4615492717637,146.99895008845922,145.92414845506815,146.01051330566406,8457800
2025-02-03,145.86658028693398,146.31761627900403,144.69580787897442,145.7418212890625,6687500
2025-02-04,145.25240689040908,147.95860822011167,144.85894746575843,147.2964630126953,9645000
2025-02-05,147.61313905660595,148.4864080614376,147.12370895084118,148.44802856445312,8947000
2025-02-06,148.54399228036223,148.59197763637022,147.19089895661585,147.31564331054688,7418100
2025-02-07,147.33485043702487,148.2561195487995,146.63431104933656,146.94139099121094,6204900
2025-02-10,147.4116215322487,148.14094919427032,146.14487835586453,148.01620483398438,6936200
2025-02-11,147.8914314599803,150.07942887651248,147.72829297155434,149.82992553710938,7554500
2025-02-12,149.00461623186942,149.37887853486555,148.0449677992565,148.99501037597656,7746000
2025-02-13,148.995048497651,151.74925016122612,148.5440124474756,150.90475463867188,10704700
2025-02-14,150.94311989787084,151.11586425803483,149.76275623520567,149.84912109375,6411800
2025-02-18,149.10427709413946,150.37147730007334,148.23368581442097,149.926513671875,9670700
2025-02-19,149.9361820400892,153.12837467429054,149.69434948841163,152.7317657470703,7974700
2025-02-20,151.82246490395653,154.72445536950636,151.82246490395653,154.46327209472656,7224000
2025-02-21,154.6567435562885,158.1681418378064,154.0763395829984,156.9976806640625,12546900
2025-02-24,157.36525792585152,159.48371326496002,156.7558499830282,158.39064025878906,10201900
2025-02-25,158.73888654710618,160.99275285054702,158.58411017768495,160.6638641357422,12303700
2025-02-26,159.6868883916403,159.73525785890905,157.24921189212853,157.75222778320312,11396400
2025-02-27,157.00734397615628,158.5937647275845,156.4462907547592,158.38095092773438,8364600
2025-02-28,158.942003842658,160.51875660388393,157.38460181600456,159.62881469726562,12037200
2025-03-03,159.57080394504658,161.86337190578521,159.45471427847943,161.81500244140625,9191500
2025-03-04,162.58886424242598,164.43646849479492,159.91903816381347,160.01576232910156,11999700
2025-03-05,159.13546821425638,161.0217737029879,158.1874888564222,159.7255401611328,8744800
2025-03-06,159.609482937494,160.45105548787242,158.16815562635495,160.41236877441406,8037900
2025-03-07,159.73524516112388,162.9564565893437,159.31928548802532,161.24427795410156,9637600
2025-03-10,162.00843864170108,164.34937567817212,161.59249378973192,162.22125244140625,17559000
2025-03-11,161.73757918031137,161.83431808809306,159.65782550557014,160.4413604736328,9890300
2025-03-12,158.38094929263139,158.8452783567575,156.92995417787986,157.5297088623047,8010700
2025-03-13,158.09077403977457,159.16451119659638,157.34594038237486,157.6651611328125,5286700
2025-03-14,156.82355243685853,157.81990126760087,155.83688635378243,157.4910125732422,6235800
2025-03-17,157.10408991917342,158.15847621815908,156.44629775557772,157.52003479003906,6669800
2025-03-18,158.10043713262183,159.4740441314241,157.6457907955192,158.88397216796875,7348800
2025-03-19,158.6131406351409,158.990398838333,156.91064472642833,157.6651611328125,5936400
2025-03-20,157.6748020976669,157.86826516045357,156.63975183331573,157.69415283203125,7485900
2025-03-21,157.67481799117763,158.76790580851875,157.17180216900024,158.28424072265625,17047100
2025-03-24,157.52002668169055,159.01939125771872,157.19113799696544,157.955322265625,8046400
2025-03-25,158.17783162138625,158.8259410562263,155.31452785823248,155.75950622558594,7456200
2025-03-26,155.94331240569394,157.1814939155619,155.39192709130742,156.4366455078125,7223500
2025-03-27,157.04606649795912,158.7098756505802,156.04971755613565,157.8005828857422,6752500
2025-03-28,158.24552839235523,159.145153065683,157.58775100565197,158.3616180419922,5760300
2025-03-31,159.0000662184854,161.1862419991235,158.86464057581392,160.4220428466797,12481400
2025-04-01,155.47897263911065,156.52369098418785,148.1272722719447,148.24334716796875,23303100
2025-04-02,148.97850699856625,150.70035343748125,148.436804491081,150.28440856933594,10356900
2025-04-03,153.5636739347204,155.40159546667434,152.33516041036202,154.59872436523438,13249300
2025-04-04,153.96029733887175,154.59873889281158,147.93381881531124,148.23370361328125,16601700
2025-04-07,146.3377059768481,147.7209957862234,142.58446021857634,145.6992645263672,18083000
2025-04-08,148.57222940634315,148.57222940634315,143.1648575846354,145.09951782226562,12018400
2025-04-09,137.55435179128617,148.18531602643375,136.87722360185043,146.037841796875,18773700
2025-04-10,145.45741328932468,146.26029899319485,140.38861332986792,143.83230590820312,13830500
2025-04-11,144.45142362834176,147.37276502773585,143.34866776715546,146.77301025390625,9943900
2025-04-14,146.63758406137615,149.6169629011498,146.23130714144625,149.3170928955078,10685300
2025-04-15,150.61332133248166,151.19372540339688,147.13094118785625,148.6012725830078,10847700
2025-04-16,150.29408394503258,150.54559923607638,147.26635054679667,148.8817901611328,7986900
2025-04-17,149.12360974458923,154.23111142279075,149.12360974458923,152.32546997070312,10981100
2025-04-21,152.79947337039977,153.06064187730914,150.410166775653,151.79344177246094,6285400
2025-04-22,152.40286566048607,153.53464014675,151.15500152107364,152.59632873535156,7136300
2025-04-23,151.3775090905925,151.96758110604011,149.28807230537265,150.30377197265625,9099400
2025-04-24,150.7100412521811,150.80676541160602,148.42714149368047,149.8684539794922,8310400
2025-04-25,149.27840668298583,149.83944522171166,147.46948913401275,149.5299072265625,8643600
2025-04-28,150.41982810559807,150.7196980700793,148.79472064894418,150.2747344970703,5815200
2025-04-29,150.37147364868648,151.89018911743372,149.249367096524,150.8164520263672,5246700
2025-04-30,153.0316070391066,153.0316070391066,149.95550464381637,151.20335388183594,9598200
2025-05-01,149.9361701349967,150.02322630421926,148.3497493123669,149.413818359375,7325800
2025-05-02,150.97122232750266,151.59998101560734,149.97485870190687,151.0195770263672,5974500
2025-05-05,151.5516120563787,151.66768695049498,149.67498921330326,149.93617248535156,5464100
2025-05-06,149.76206389500825,150.80676748879304,148.66897608041438,149.42349243164062,8644200
2025-05-07,149.68467834443936,152.7801319885972,149.45251378601978,152.16104125976562,7853100
2025-05-08,150.72939184579346,151.89985306765084,149.72336021877442,150.57461547851562,7606100
2025-05-09,150.34246448123574,150.96155524587235,148.78506220078125,149.18167114257812,6520400
2025-05-12,147.05352818556858,150.28440722654932,146.2409596713147,149.10426330566406,9023800
2025-05-13,146.74399107394777,146.74399107394777,143.24226040914402,143.5904998779297,10549600
2025-05-14,143.81299128359763,143.95809968210102,141.34629611192716,141.57846069335938,10216000
2025-05-15,143.16485744133942,144.7609462316723,142.51674803361635,144.72225952148438,7945800
2025-05-16,144.78030623991705,146.55052224019147,144.34501061106303,146.38607788085938,8051200
2025-05-19,146.9277747214511,147.6726230638918,146.1152209443994,147.5081787109375,12639900
2025-05-20,147.35340274928245,149.00752903136188,147.15025692431985,148.63995361328125,7351500
2025-05-21,148.18529615062693,149.3847759938042,148.00150107522768,148.1756134033203,7032200
2025-05-22,147.66293903016444,148.31106320890513,146.42475763964194,147.62425231933594,7535300
2025-05-23,148.0015188949979,148.46583325276845,147.23733454032794,147.9434814453125,6727300
2025-05-27,148.80202058666853,150.2849567928587,148.22639171638167,149.51422119140625,6990700
2025-05-28,149.54347302016777,149.89469785047893,148.22637618479501,148.7141876220703,8459300
2025-05-29,148.05078976999448,150.28495988254767,147.8654190187034,149.836181640625,6810600
2025-05-30,150.14837399962022,151.9142641375451,149.48495750417268,151.42645263671875,15529700
2025-06-02,150.7142298159004,151.74838776559352,148.58737892114664,151.61180114746094,6669300
2025-06-03,151.02644218444954,151.86547855329525,150.32399243905195,150.65570068359375,8209800
2025-06-04,151.1532618003879,151.1532618003879,149.39715233824217,149.48495483398438,6983900
2025-06-05,149.9337320877222,150.33374108147183,148.91909074097882,149.9142303466797,5295400
2025-06-06,150.2459486896024,152.22646227683742,150.2459486896024,151.25083923339844,5391500
2025-06-09,151.0752267540242,152.1874363730245,150.6849686238681,151.44595336914062,5319000
2025-06-10,151.64107558271036,153.60208733818877,151.2410814671241,152.63621520996094,6791600
2025-06-11,152.48987597049666,152.7825658442017,150.95814073397457,151.4752197265625,6016000
2025-06-12,152.43133511798572,152.86059671119577,151.38741141546242,152.84109497070312,7075500
2025-06-13,152.16791179270558,153.82646782042488,152.16791179270558,153.27037048339844,6587500
2025-06-16,152.6069476236472,152.68499924993841,150.68496912584888,151.4362030029297,7024000
2025-06-17,151.19231127720766,151.49475205287322,148.39227777585987,148.6654510498047,6407100
2025-06-18,148.8508218605639,148.92885860728995,147.03616231923195,147.0556640625,8325200
2025-06-20,147.57273208840428,147.7093187152152,145.40684780124104,146.13856506347656,22605500
2025-06-23,146.08980042037933,147.73859086491296,146.08980042037933,147.63128662109375,7397900
2025-06-24,147.8068897457009,148.99715103888957,147.29956159938453,148.48007202148438,9544200
2025-06-25,147.68983150618556,149.338636947892,147.05566755108376,148.56788635253906,7153700
2025-06-26,148.97762559532833,149.4849537116276,147.83614849877387,148.304443359375,7156900
2025-06-27,148.30444402383372,149.59227350478832,147.32882104256214,148.6947021484375,10010800
2025-06-30,148.45081416766254,149.24106649516696,147.8264159804024,149.02642822265625,9039300
2025-07-01,149.27030819877098,153.9045171134387,149.08493746029234,152.11912536621094,10896700
2025-07-02,152.19717502486566,152.48986487727834,151.2898528578931,151.7678985595703,5544000
2025-07-03,151.6410917698349,152.47037736220446,151.1045109725892,152.2069549560547,3482500
2025-07-07,152.2167025917727,152.53865996388424,151.11424385273855,151.4849853515625,6270900
2025-07-08,150.71424574694203,152.9386651269875,150.45083823994491,151.9923095703125,6438200
2025-07-09,151.99230678299833,152.8703764506989,151.28987189039452,152.47036743164062,6147400
2025-07-10,152.29474094201282,155.35819625851983,152.0215677204255,153.84597778320312,6732900
2025-07-11,153.2606118387534,153.34841433496518,151.39716835607928,153.0752410888672,7872000
2025-07-14,153.0459768826626,153.631356643652,151.72889475067498,152.99720764160156,10185600
2025-07-15,152.54841441792806,153.3581833025349,151.02644490443114,151.38742065429688,6873200
2025-07-16,156.39236630434038,162.07048429346574,155.9045548154852,160.76315307617188,22134800
2025-07-17,159.20215592676115,160.68510707307274,158.34361779938138,159.0070343017578,11295700
2025-07-18,159.93386176463872,161.0753537073861,159.37776442874932,159.70947265625,9792600
2025-07-21,159.77777956944612,160.899740041481,158.81190746019132,160.3533935546875,8254000
2025-07-22,160.97781146812582,163.96321577164235,160.69488731938577,163.8363800048828,9288000
2025-07-23,164.49006319819784,164.99737649965016,162.52905120882903,164.97787475585938,10617600
2025-07-24,165.3680854898957,165.84614608154214,164.7632040412681,165.42662048339844,6636900
2025-07-25,165.61200757880374,165.73884333513735,163.3583207853967,164.19735717773438,6254900
2025-07-28,163.76808146723806,163.84613309560726,161.0265831506335,162.16806030273438,8014600
2025-07-29,162.60709381823088,164.6656590727656,162.31440392251557,164.01199340820312,7663400
2025-07-30,163.61196997244835,164.499790452766,162.71439862163524,163.1826934814453,6189200
2025-07-31,161.88511520296575,162.99733970029322,160.2265591012451,160.72413635253906,11036200
2025-08-01,161.44608338903257,163.53391592972537,160.77290116417123,163.25099182128906,8927800
2025-08-04,162.95828682441854,167.0168815374341,162.57779450049978,166.8705291748047,12679100
2025-08-05,166.38274434466635,167.3778839997418,165.51444044678632,166.577880859375,7934400
2025-08-06,165.76810208205814,167.9827555011224,165.54369808088197,166.4315185546875,8957200
2025-08-07,166.99737743981552,167.43640478699228,165.77784876053298,167.34860229492188,9315900
2025-08-08,166.8510495806607,169.71938358173364,166.23640232705208,169.104736328125,7686800
2025-08-11,169.17301943585167,170.34377892586957,168.83156032361754,169.58279418945312,7256800
2025-08-12,169.75839167169318,170.49985974732417,167.62177504979545,168.56813049316406,7916700
2025-08-13,168.78276906344786,170.28522184479246,168.49007920331394,170.16815185546875,5878700
2025-08-14,170.0608369580466,171.4364689140486,168.5096000136997,170.46084594726562,8241700
2025-08-15,171.2901365456328,172.94869266139256,170.69500592262676,172.33404541015625,9477600
2025-08-18,172.19744271352783,173.2413663674384,171.80719950630046,171.9535369873047,9284000
2025-08-19,171.74866850719522,173.8365011577051,171.69013350835883,173.4657745361328,9274200
2025-08-20,174.1487147089303,176.20727994325964,173.660903183135,174.4804229736328,9030000
2025-08-21,174.19749541661915,175.69019746528133,173.81700302944694,174.56822204589844,8859600
2025-08-22,175.6511661348864,176.74387406623362,173.14382265519245,174.91944885253906,9524000
2025-08-25,175.14383992042025,175.8657913913847,173.94381294758855,174.06089782714844,6229100
2025-08-26,173.70710234835255,174.11004745781355,172.74397805899144,173.4515838623047,9145000
2025-08-27,173.9233078663175,174.63091363627115,173.12725512414355,173.74639892578125,5951100
2025-08-28,173.33364882246966,173.4515931267191,171.62361386987305,172.4294891357422,6424700
2025-08-29,172.94051986330464,174.35573137148032,172.4294679306645,174.11985778808594,6942300
2025-09-02,174.4146983239466,176.1149106462827,173.84468173694643,174.99453735351562,9049000
2025-09-03,174.6112568259705,175.22057819566584,173.4908835031877,174.93557739257812,7111700
2025-09-04,174.93558453686083,175.82008430293442,174.493334653824,175.6824951171875,7854800
2025-09-05,174.93556434517788,176.41956289130968,173.5203528859316,175.358154296875,9733800
2025-09-08,174.30659126581332,176.36060646744886,173.65795015074036,175.06333923339844,8382500
2025-09-09,174.935586890376,175.02403386895398,173.41226838733596,173.9134979248047,6005700
2025-09-10,173.26485563285135,173.56951633226447,171.3287695795717,172.7636260986328,6891600
2025-09-11,172.7242999891607,175.77093659907172,172.60637069972498,175.4269561767578,5792500
2025-09-12,174.65057191045906,175.72180299819078,173.6776102367026,174.99453735351562,7220200
2025-09-15,174.69970438163585,175.90853967831688,173.8839917409838,174.3459014892578,4768100
2025-09-16,174.51299492702006,174.5621221393924,172.6260360952719,173.42210388183594,7959300
2025-09-17,173.66779837849663,175.43679789881932,173.5498540800044,174.14935302734375,6714900
2025-09-18,173.5596932002785,173.9724607587581,170.87668157601635,171.1616973876953,8200900
2025-09-19,171.6825772149866,174.11005542992743,170.34599008042846,173.15675354003906,25621000
2025-09-22,173.0584546641959,173.5989889374499,171.12236871932896,171.21083068847656,7193900
2025-09-23,171.87911622148897,173.92330901529326,171.82015157295257,173.54002380371094,8350400
2025-09-24,173.1076132585804,173.90366608360205,172.71450556595894,173.6481475830078,6676800
2025-09-25,174.14935263823506,175.32869064784728,172.8815676520236,174.67022705078125,8475000
2025-09-26,175.52525887309972,176.81270373725064,174.26729633437998,176.61614990234375,8634400
2025-09-29,176.73407855455278,178.73895165698912,176.70459622922994,178.49325561523438,8597100
2025-09-30,178.57187086847907,182.78802312370823,177.95272707277698,182.2278289794922,11569000
2025-10-01,182.79785791373442,183.34821465646485,180.7438425717239,182.8470001220703,13063800
2025-10-02,181.019021152065,183.3776971939459,180.92073673527972,182.7781982421875,7728100
2025-10-03,183.8395943169113,186.51276831178924,183.6921826979677,185.39239501953125,8675100
2025-10-06,184.7634204923522,186.6503642638064,184.14426167812178,184.92066955566406,5806100
2025-10-07,180.60624213956396,185.97223504313797,179.7905295194919,185.63809204101562,8776800
2025-10-08,185.61844144726052,186.9452060756144,185.0287799427337,186.42433166503906,5751200
2025-10-09,186.72899654616978,188.7928493485398,186.46364061532867,187.7904052734375,7484800
2025-10-10,188.7043847234836,188.76336437091723,186.5815822948636,187.4365997314453,9598000
2025-10-13,186.56190842005566,188.00660225384837,186.02137416317822,187.6134796142578,7979500
2025-10-14,189.59871697072126,191.05323331805099,182.6799231328508,187.56436157226562,13613300
2025-10-15,188.18350590368544,190.23753618579482,186.04104364273672,187.87884521484375,9473000
2025-10-16,188.04591430941218,189.72648179210694,187.1515771402817,188.81248474121094,10611800
2025-10-17,189.18594889971985,190.2670174632995,188.38005869848845,189.8935546875,7764400
2025-10-20,190.16873501551794,191.13185929369217,189.0188793475138,190.38494873046875,8034700
2025-10-21,189.68716554341688,190.21787738824742,188.46852278110242,188.57662963867188,6716000
2025-10-22,188.6945733628713,190.119607506236,188.47835963120522,189.61839294433594,6343100
2025-10-23,189.24491059611512,190.6601221495905,188.24246657972077,189.15646362304688,8882500
2025-10-24,188.89109994038998,188.99920679061546,186.15896135770447,187.12208557128906,6903400
2025-10-27,186.71915829526654,187.51521102429962,186.26707100677734,187.02381896972656,7126000
2025-10-28,186.00172668504106,186.2474227276328,183.40717707511635,183.7118377685547,8329500
2025-10-29,183.4857968826683,183.87891953834813,181.48092382503702,183.3875274658203,10551100
2025-10-30,183.85924801939953,186.1196544091771,183.69217652484616,185.7953338623047,7072500
2025-10-31,184.23272445795735,186.23759753765293,183.54476355197036,185.61843872070312,8791700
2025-11-03,185.7462092852839,185.77569161087956,182.32612455131903,183.05337524414062,7542600
2025-11-04,183.6135688219617,184.58653055172488,182.4243933744734,183.64305114746094,7209400
2025-11-05,183.42683281749487,184.59634835321097,182.2081750751503,182.7978515625,5049400
2025-11-06,183.54475314986126,184.29167866349434,182.17868385046353,183.7511444091797,6767400
2025-11-07,184.50790315023582,185.10740208622806,182.50301507087647,183.35804748535156,6959200
2025-11-10,182.79786822386598,185.17620427972008,181.93301329588363,185.1663818359375,5323800
2025-11-11,186.1294931418327,190.58150422711145,185.79535012348111,190.49305725097656,7465600
2025-11-12,190.03112959717126,192.18342912368828,189.74612881332007,191.04339599609375,8803000
2025-11-13,190.86652189255162,192.62569897367158,190.11959631943768,191.88861083984375,8631600
2025-11-14,191.64291792168322,193.78538026750178,190.2178838389208,192.55690002441406,8824800
2025-11-17,193.56916860880608,196.8320041184873,192.5274048355465,196.14405822753906,13257000
2025-11-18,195.5838620544085,196.85166196528357,195.11212987636216,196.55682373046875,12468600
2025-11-19,196.55683769104098,199.97692246795802,195.94751629294967,199.02362060546875,14690800
2025-11-20,198.52238842306767,200.98917111824514,198.09979845771855,199.573974609375,10612600
2025-11-21,200.44865859984768,203.3773511207127,199.49535679003293,200.38967895507812,13189100
2025-11-24,200.20295905358444,202.5714573782998,199.50517573229783,202.50267028808594,14803900
2025-11-25,202.92795996900742,205.44008966354016,202.92795996900742,204.401611328125,10275300
2025-11-26,204.22358194574548,205.52908584700302,203.6796156988426,205.28182983398438,6729000
2025-11-28,204.72798848496785,205.18294621066644,202.38400619964904,204.64886474609375,5638300
2025-12-01,204.23346843115957,205.42029428513683,203.08619689941406,203.08619689941406,8473700
2025-12-02,202.98731188517345,203.3532459732576,200.870800913071,203.1653289794922,8393600
2025-12-03,203.64004506291835,204.7477622566812,202.74004465032948,203.07630920410156,8363300
2025-12-04,202.34444036635384,202.61148110336723,199.49606117301593,200.25759887695312,9049900
2025-12-05,200.7521013377821,201.21694385760424,198.6059209186059,199.713623046875,7785300
2025-12-08,200.4356216823513,201.02902706966685,198.78395329612633,199.4070281982422,7785700
2025-12-09,200.69276157197945,203.28399979452115,197.7158045675227,197.7652587890625,7509400
2025-12-10,198.38833529328133,204.53018143025886,197.98283180120782,204.2730255126953,11599800
2025-12-11,205.61809939160463,208.9214512752855,205.54887555375637,207.70494079589844,9009000
2025-12-12,207.97198659864534,209.9401499910654,206.66648263376283,209.25772094726562,6922700
2025-12-15,208.04121095151095,212.82808363950187,206.71590728061338,211.81927490234375,8467000
2025-12-16,211.65114121961685,212.37312453185555,206.5181041184195,207.0027313232422,9949800
2025-12-17,207.0917383491056,209.19836433487143,206.1719532569767,208.02142333984375,8457600
2025-12-18,207.49724130266728,208.74340612832017,205.47962386154296,206.02359008789062,7499900
2025-12-19,205.2818453000544,206.9434136802042,203.76863959367918,204.1049041748047,24803900
2025-12-22,203.86752312990257,205.79611692281017,203.24443317707525,205.04446411132812,8187800
2025-12-23,202.76972468229533,204.263145636555,201.0488173198817,203.52137756347656,7047300
2025-12-24,203.73895852778904,205.65766763921368,203.31368542129266,205.49942016601562,2376500
2025-12-26,205.25216577439025,205.75656262148146,204.44117387761756,205.35107421875,2316700
2025-12-29,205.71700283150668,207.17086939536102,205.10381274843945,205.28182983398438,4348900
2025-12-30,205.23236714396373,205.41039931347132,204.25324303125262,204.6389617919922,3937400
2025-12-31,204.6389735094918,205.2224940876339,204.1048920616966,204.67852783203125,4083800
2026-01-02,204.54996091774888,205.11369677781147,201.44441091836137,205.0741424560547,6325500
2026-01-05,203.61038001401067,203.6796189425871,198.70482908872975,202.0675048828125,9477000
2026-01-06,202.3543344281176,204.4411758573138,201.87959200016542,202.542236328125,8107900
2026-01-07,203.00706626299137,205.97413834273215,202.77959496244443,205.2126007080078,7545900
2026-01-08,204.6587403592623,206.68624268930276,202.72026166352438,203.49169921875,6557800
2026-01-09,203.6499578336023,204.43128023925763,201.77080297238516,202.14663696289062,6154300
2026-01-12,203.29390788802175,207.59615369182697,201.61256992706416,207.4181365966797,11794300
2026-01-13,207.6060522046432,212.03687594177765,206.56757388262307,211.30499267578125,11379600
2026-01-14,212.3731203973711,216.4577943678032,211.79948466343498,216.1511993408203,11858800
2026-01-15,215.83471521828713,217.33803600690493,213.5401872590057,217.16001892089844,8492100
2026-01-16,216.63581337003757,217.69407630876594,215.74569779402827,216.25999450683594,10021500
2026-01-20,214.70722422450442,216.32922303891885,212.14565559471552,215.81494140625,14057100
2026-01-21,208.68408811532706,216.2797860692503,208.18957605818176,215.6171417236328,14762900
2026-01-22,216.3687986995512,219.731474480514,215.7061543876507,216.0918731689453,13160000
2026-01-23,217.38749032599776,218.78201786558222,215.44899653785455,217.7237548828125,6950600
2026-01-26,217.79299511138254,219.59301105490832,217.58529341839787,219.05894470214844,6856700
2026-01-27,219.56334137834915,223.0249255892691,218.27760708174557,221.9765625,8154100
2026-01-28,223.91504676014566,226.0612423044947,223.5985669004937,225.22056579589844,9026500
2026-01-29,226.29859362973275,227.47553468029685,224.58758622487807,224.79527282714844,9645300
2026-01-30,225.75461560662535,225.99198680244,222.85678249451857,224.75570678710938,11045500
2026-02-02,225.8139943062274,228.65248870120695,224.75573125407342,228.21731567382812,8187500
2026-02-03,228.95907459996246,232.61846067897852,227.9502658124434,230.54151916503906,9346600
2026-02-04,232.42065065293195,233.2415424215143,230.3832635341583,231.89646911621094,8641400
2026-02-05,232.4206527224898,236.95038470140014,232.41076791481981,235.18002319335938,10267500
2026-02-06,236.33718720081356,238.29545054099052,235.3679327924304,237.3558807373047,8274000
2026-02-09,237.61302018969775,238.097647391114,234.43824645354294,236.02069091796875,9378500
2026-02-10,237.346001010115,237.86029777140382,235.26905943987018,235.73390197753906,6723300
2026-02-11,236.7130182930035,238.61194270447737,234.79430917447928,238.21633911132812,6803900
2026-02-12,237.84049442329282,243.64607573939497,237.0492721813156,241.86582946777344,10254300
2026-02-13,241.90539516837612,242.26144443944952,239.9471317231273,240.7779083251953,13268500
2026-02-17,241.450447727279,241.80649699124882,239.21524370129245,240.6592254638672,12703000
2026-02-18,240.5702180251247,242.3801338676713,240.15482973047114,242.30101013183594,8129700
2026-02-19,241.93506234937394,244.24939013467926,241.58891298083984,244.19993591308594,7553900
2026-02-20,243.76475689710122,244.170260376332,237.6426956610537,239.8284454345703,13565800
2026-02-23,240.9559430759356,244.101032427865,239.93724947392252,243.1416778564453,9622700
2026-02-24,243.94705977412517,245.83618923451164,243.14167872556501,244.87173461914062,7246300
2026-02-25,243.4598567160501,245.83618975331572,242.32637600311875,243.76808166503906,7698200
2026-02-26,243.70842620154187,244.0663682763732,240.6360989093031,242.0778045654297,7172600
2026-02-27,242.63459590951953,247.51652337921405,241.11334590987298,247.00942993164062,16428600
2026-03-02,247.76508953624906,250.27068397455253,245.45834842794568,247.13868713378906,9042400
2026-03-03,245.0506999866165,246.46257832712044,242.96270213047706,245.3390350341797,6178700
2026-03-04,244.34476266176227,245.1600810545075,241.78945104558642,243.8973388671875,5768000
2026-03-05,241.24261118820294,241.61049061943945,234.58091062648668,238.259765625,9375400
2026-03-06,236.75838349957985,239.41311415382512,234.08376296078876,239.0253448486328,7179800
2026-03-09,239.49265390312758,242.6942425341329,238.66739818305737,241.20281982421875,7844000
2026-03-10,240.91449571542952,243.59905368087047,239.44296282285708,242.31643676757812,7214100
2026-03-11,241.4812160284302,242.2965343871637,239.97985597145382,241.6005401611328,6933200
2026-03-12,240.07928999023173,243.00246573676242,238.92591946160707,240.6559600830078,7710200
2026-03-13,242.81356702435843,244.1856656028509,240.11905664901153,240.13894653320312,6415300
2026-03-16,242.52521416415624,243.65869480615754,240.28808012034816,241.7993927001953,7571500
2026-03-17,242.1871663459089,242.7439617349266,235.86353339492615,236.74844360351562,7281800
2026-03-18,236.50980988406457,237.74272479331552,234.07382247775118,235.92318725585938,6811500
2026-03-19,236.97712235314108,237.8918597954365,234.9587314976836,236.24136352539062,7511500
2026-03-20,235.47576703036307,236.92741000247076,233.1590885516746,234.02410888671875,17156600
2026-03-23,236.04249575836326,236.94729584714173,232.9105141237134,234.07382202148438,7313700
2026-03-24,232.8011393317389,234.65050408093313,230.9120099861425,233.9246826171875,9046200
2026-03-25,235.44593740287846,240.07929431329362,234.38204857588565,238.5580291748047,6456400
2026-03-26,238.62764275887116,240.26820173422362,237.5637539025668,237.8719940185547,5171400
2026-03-27,239.8108319839459,241.2923021698431,237.7626138844777,239.07505798339844,7617600
2026-03-30,242.09769065335334,242.8135747917876,239.13471984701397,241.10340881347656,7241300
2026-03-31,241.6204206888047,243.92716180378,241.2624786251546,243.04225158691406,7554200
2026-04-01,244.1956233482748,245.78646517225613,242.34625853888824,242.7240753173828,6314600
2026-04-02,243.70842400047428,245.7964219467219,240.48694535608743,241.65025329589844,6878700
2026-04-06,241.26247293527413,242.12750841875737,239.12477313181626,239.5920867919922,4442400
2026-04-07,239.4031807823271,239.4031807823271,234.66045214638598,237.04673767089844,6241100
2026-04-08,235.28685476163636,239.95003903356442,232.56251704958862,239.9202117919922,8771100
2026-04-09,239.92020790715435,242.80361913705298,239.164544008795,239.93014526367188,6216500
2026-04-10,240.61620179277648,240.87470960567668,236.54959276728223,237.09645080566406,7354500
2026-04-13,236.35073374880298,237.02683809159646,233.83518683278206,236.59930419921875,7663600
2026-04-14,233.66616015209323,240.8051113590548,231.9162296473752,238.72706604003906,10318700
2026-04-15,238.56797895805093,239.0452299768987,235.3962175694789,237.30523681640625,6463500
2026-04-16,236.06238904969683,236.7782731773554,230.79269234336317,233.1988525390625,8668900
2026-04-17,233.01989048398582,234.19313576204675,230.71314935408492,232.84091186523438,8946300
2026-04-20,233.46731645339545,233.91474024714643,228.2175095512339,229.37088012695312,7810500
2026-04-21,228.03853688190875,228.3765890527153,223.41511740932572,224.8667755126953,11681200
2026-04-22,224.88665810207786,226.179227521564,222.50038776728556,224.80712890625,9003400
2026-04-23,225.95054827447007,230.06687448765834,225.73180505581692,229.3311004638672,7097600
2026-04-24,227.72036189515308,228.67487910891896,225.72186091736185,226.19911193847656,6067500
2026-04-27,224.47901697917217,226.60677952616038,223.0671385761741,224.0514678955078,7897800
2026-04-28,226.42780279148377,229.70893595019464,225.0755788606257,226.48745727539062,7179800
2026-04-29,224.2304350257485,227.4021963844683,223.57420539879897,226.0499725341797,7071100
2026-04-30,226.64654568129225,229.83819710946466,226.5073468285346,228.5356903076172,8157200
2026-05-01,227.75018650912293,228.4561332620675,225.72185831412563,225.89088439941406,6863600
2026-05-04,224.22049078306688,225.7715831872257,222.30153412698715,222.91798400878906,8215200
2026-05-05,224.10118043151417,225.23466110768987,223.61397687442042,224.26026916503906,5556700
2026-05-06,223.9619889745702,225.0457525608476,221.67513766216507,223.33558654785156,7982300
2026-05-07,223.49466434064516,223.49466434064516,219.36840089217355,221.23764038085938,7269700
2026-05-08,221.6651903038654,222.09272420205565,219.65673678916983,220.05445861816406,5550600
2026-05-11,220.05446192273791,222.003245813697,219.1098820469021,220.163818359375,6223200
2026-05-12,221.7248410111843,226.34824530446224,220.38255451492364,222.97763061523438,8632500
2026-05-13,224.52872968620946,229.4802489417275,224.15089773666944,229.1024169921875,7464500
2026-05-14,229.67910846360988,230.43475721152035,227.84963349190846,229.48025512695312,6974400
2026-05-15,229.4504169649123,230.81257818629632,225.14517491785094,225.41363525390625,12167000
2026-05-18,225.41363810532903,228.38653103757844,224.5684924896482,227.61099243164062,10141600
2026-05-19,227.6308781704825,229.52996005341413,226.73601544578764,228.684814453125,9677900
2026-05-20,230.36515581180683,230.67338074656544,227.8595613935984,228.0087127685547,7353800
2026-05-21,228.00871482343763,230.5640112181241,226.04997841934332,230.40492248535156,5239000
2026-05-22,231.667665991262,234.15337056198368,231.3892682930641,233.0,5462300
2026-05-26,233.0,233.24000549316406,229.0800018310547,230.17999267578125,6619600
2026-05-27,229.97999572753906,232.88999938964844,229.02000427246094,231.2899932861328,5835500
2026-05-28,230.02999877929688,231.8699951171875,229.72999572753906,230.8000030517578,7193400
2026-05-29,231.22999572753906,231.5,224.58999633789062,225.3300018310547,13897700
2026-06-01,223.1999969482422,224.44000244140625,220.83999633789062,223.50999450683594,8041000
2026-06-02,222.5800018310547,225.5,221.1699981689453,222.88999938964844,5669000
2026-06-03,222.4499969482422,224.92999267578125,222.0,223.24000549316406,6507200
2026-06-04,227.08999633789062,228.6699981689453,225.89999389648438,228.1699981689453,7274800
2026-06-05,230.0,235.22000122070312,229.0,232.77000427246094,8034900
2026-06-08,232.77000427246094,234.9499969482422,230.55999755859375,232.16000366210938,7559800
2026-06-09,232.3800048828125,237.7100067138672,230.41000366210938,237.0,8354500
2026-06-10,238.85000610351562,240.92999267578125,237.0500030517578,238.49000549316406,8350800
2026-06-11,240.0,241.60000610351562,238.13999938964844,238.3300018310547,7399000
2026-06-12,240.0,240.91000366210938,237.52000427246094,240.8699951171875,6459400
2026-06-15,239.0,239.5,233.5800018310547,235.66000366210938,7732000
2026-06-16,236.3699951171875,236.3699951171875,231.02000427246094,235.17999267578125,7718100
2026-06-17,234.02999877929688,235.42999267578125,230.6999969482422,234.1999969482422,8548000
2026-06-18,231.77999877929688,232.75,227.60000610351562,228.38999938964844,18989800
2026-06-22,228.9499969482422,231.4499969482422,227.5,231.2899932861328,8518300
2026-06-23,235.63999938964844,239.8000030517578,234.35000610351562,239.0800018310547,11802000
2026-06-24,239.88999938964844,243.0399932861328,238.75,241.0,8139200
2026-06-25,241.27000427246094,248.19000244140625,240.88999938964844,244.8800048828125,10130400
2026-06-26,248.27000427246094,255.11000061035156,247.8699951171875,254.66000366210938,16316800
2026-06-29,253.19000244140625,258.5799865722656,252.02999877929688,258.510009765625,8608400
2026-06-30,259.0,259.8999938964844,253.1699981689453,253.97000122070312,8469500
2026-07-01,253.25,254.1999969482422,251.0800018310547,253.97999572753906,6516500
2026-07-02,255.77999877929688,263.1000061035156,254.0,263.0400085449219,7998700
2026-07-06,260.2300109863281,261.3800048828125,255.92999267578125,259.3299865722656,6803700
2026-07-07,264.8900146484375,269.42999267578125,264.04998779296875,267.239990234375,9089700
2026-07-08,268.6000061035156,268.6000061035156,263.1300048828125,263.3999938964844,6769400
2026-07-09,260.6300048828125,263.45001220703125,258.1300048828125,259.1000061035156,6426100
2026-07-10,260.19000244140625,261.29998779296875,255.52000427246094,256.9800109863281,6534700
2026-07-13,257.95001220703125,259.5299987792969,256.1499938964844,257.7699890136719,5272200
2026-07-14,255.52999877929688,256.3900146484375,252.13999938964844,253.85000610351562,8770600
2026-07-15,250.08999633789062,256.8299865722656,246.0500030517578,247.02000427246094,10547300
2026-07-16,248.89999389648438,253.5500030517578,246.3000030517578,249.97000122070312,11097600
2026-07-17,252.58999633789062,255.66000366210938,251.9499969482422,253.0399932861328,10167700
2026-07-20,252.00999450683594,254.17999267578125,248.6300048828125,248.82000732421875,8114700
2026-07-21,247.4499969482422,251.33999633789062,245.49000549316406,250.61000061035156,7793100
2026-07-22,252.75999450683594,256.2900085449219,251.2100067138672,255.6300048828125,9100200
