Date,Open,High,Low,Close,Volume
2021-07-23,275.78807157831795,278.30247257073574,274.9531400276046,277.9953918457031,22768100
2021-07-26,277.3523564681326,278.01454955841905,275.08748623115633,277.40032958984375,23176100
2021-07-27,277.76499367762403,277.90894231723627,271.54617814543514,274.9914855957031,33604100
2021-07-28,277.3427056762893,278.4559572251852,272.39066780193826,274.6843566894531,33566900
2021-07-29,274.70359446740275,276.9876774693035,274.5500394694676,274.953125,18168300
2021-07-30,273.6767461132666,275.10668495635474,272.4675187874959,273.4272155761719,20944800
2021-08-02,274.8187014564499,275.2121805728668,272.30430107664915,273.3407897949219,16267400
2021-08-03,273.91665931799884,275.6537080927837,272.5538770462147,275.5481262207031,17879000
2021-08-04,274.68438727940855,275.99916705627766,273.1776564498441,274.96270751953125,16191300
2021-08-05,275.31782556305,277.9569917907823,274.569263222689,277.8514099121094,13900200
2021-08-06,276.8821288688246,277.83221931412936,276.0279846719422,277.7938232421875,16589300
2021-08-09,278.0721635231256,279.79960614575214,276.2103492828426,276.7093811035156,16117600
2021-08-10,277.1603778240849,277.592253026987,273.70549335133626,274.8955078125,18616600
2021-08-11,275.63448047398396,277.02605240134324,274.338884073963,275.3849792480469,13955900
2021-08-12,275.0778712144452,278.2832546943312,274.7995509694879,278.12969970703125,14561300
2021-08-13,277.8130673648045,281.09521434057825,277.640299665323,281.0472412109375,18249000
2021-08-16,281.37347818942425,282.93778849851935,278.33122675983446,282.7266540527344,22507600
2021-08-17,280.60574999790174,281.60381354222284,279.3485202964206,281.2679138183594,20075300
2021-08-18,280.80635995342857,283.4794229415405,279.104426221495,279.5467529296875,21813000
2021-08-19,277.5852791245708,286.0275472712108,277.5372141574895,285.3544616699219,29850500
2021-08-20,288.190963446094,294.0755466635113,286.5948135303095,292.6524658203125,40817600
2021-08-23,291.5851633028545,293.6524553767425,290.23902167406834,292.9313049316406,22830200
2021-08-24,293.2870454973741,293.892816520206,290.3832238228718,290.9793701171875,18175800
2021-08-25,292.5947749618287,292.8736280290071,288.86404781166596,290.39288330078125,20006100
2021-08-26,289.4120524153368,290.79666345082654,287.4505445681289,287.58514404296875,17666100
2021-08-27,287.4890790455241,289.2967678980411,285.4121618113785,288.1910095214844,22605700
2021-08-30,289.5370889044811,292.51784992119383,289.4793992168539,291.9120788574219,16348100
2021-08-31,292.71018783230056,292.78709763966935,289.9024956924805,290.26788330078125,26285300
2021-09-01,291.2197911507648,293.4505570216653,289.89286956645867,290.21978759765625,18983800
2021-09-02,290.5755767585639,291.69093033858195,288.6332593639689,289.5659484863281,16285600
2021-09-03,289.4120513855412,290.96013607463146,288.71015048588737,289.5563049316406,14747900
2021-09-07,289.4313599194175,289.5082697285104,286.7294517158089,288.6332702636719,17180400
2021-09-08,288.248626330133,289.04668654196234,286.0274854074498,288.6620788574219,15046800
2021-09-09,289.24866239641324,290.5178943078141,285.5755955060056,285.81597900390625,19927000
2021-09-10,286.9408909002433,288.38319140618637,284.01782032530184,284.3351135253906,19633400
2021-09-13,286.1044662823442,287.05640501689754,282.7679417050382,285.5660095214844,23652900
2021-09-14,288.0371068920759,289.7967304480166,286.6332755453167,288.2582702636719,21853400
2021-09-15,291.59476661194844,293.5755240081629,290.21015551156955,293.0947570800781,28356300
2021-09-16,292.0755692493566,293.5659351711585,289.19096732817496,293.4794006347656,19550800
2021-09-17,292.4698499713523,292.78714332382805,288.0083175119213,288.3352355957031,41372500
2021-09-20,284.9313131787065,287.2293931677513,278.3832700003604,282.9794006347656,38278700
2021-09-21,284.31595379410885,286.09479733126966,282.7582736118841,283.4601745605469,22364100
2021-09-22,285.3160036325235,288.6717480113228,283.18139690958066,287.0948181152344,26626300
2021-09-23,287.35442848279695,289.32556135418525,286.085196618995,288.037109375,18604600
2021-09-24,286.7582613035244,288.26784720291187,285.50824964587054,287.8351745605469,14999000
2021-09-27,284.74874621384953,285.0660395820949,281.67182509968364,282.8545227050781,23571700
2021-09-28,278.6525374846611,279.59485135493725,271.87373461890644,272.6141052246094,43186200
2021-09-29,274.1333463335849,275.73909166392633,272.1237438163445,273.0756530761719,26353700
2021-09-30,274.71987639892257,276.7583238245585,270.7872057817873,271.07568359375,32343600
2021-10-01,271.26797413672585,278.8256468235506,270.4699138080857,277.9794921875,30086300
2021-10-04,276.3448992444517,276.68144205400307,269.4699361794418,272.21990966796875,31350700
2021-10-05,273.1237713059689,279.22951920014657,273.1237713059689,277.6526184082031,24993000
2021-10-06,274.78720381326485,282.33525208926756,274.5276001795463,281.8352355957031,28002600
2021-10-07,283.82550242924776,285.2293627186613,282.61398995550053,283.5082092285156,20430500
2021-10-08,284.82550566495956,285.2293627186613,282.46014104664647,283.5082092285156,17685700
2021-10-11,281.6525327868535,286.5082674148435,281.4890591068928,282.9121398925781,19298600
2021-10-12,283.9794400643769,284.0755993304145,281.10446287508915,281.61407470703125,17974100
2021-10-13,283.565937401779,285.8447678202036,282.20054649011644,284.9120788574219,23416300
2021-10-14,287.70053210668726,291.6043571503594,286.3736107122371,291.1043701171875,27262900
2021-10-15,290.71017592364666,292.7390278517721,288.9601770620516,292.50823974609375,25384800
2021-10-18,291.89287998601975,296.3543824347761,291.04672538099135,295.46978759765625,22729300
2021-10-19,296.489006090617,297.40244575766764,295.4024680074294,296.3736267089844,17682100
2021-10-20,297.3159240470741,297.787095667317,294.3351627369978,295.5851745605469,16537100
2021-10-21,295.3543411817938,299.05622272309887,294.5754718315381,298.8062438964844,16918100
2021-10-22,298.4601455444869,299.1236063471209,295.96015129406624,297.2678527832031,17449300
2021-10-25,297.46010317986077,297.4985727507945,294.6716608327069,296.2774353027344,17554500
2021-10-26,299.03708430610516,300.3832260837612,296.7294084953105,298.1813049316406,28107300
2021-10-27,303.844681332265,313.55617859801384,303.844681332265,310.7388916015625,52588700
2021-10-28,311.854316213441,312.37355280117015,308.9985589964651,311.8735656738281,26297900
2021-10-29,311.6619817016203,319.22924865393935,311.4408183451514,318.8638610839844,34766000
2021-11-01,318.6138519641994,318.7388560634213,313.81580729941845,316.7004089355469,27073200
2021-11-02,317.60426323174084,320.6234937918966,317.3061900673543,320.3157958984375,26487100
2021-11-03,321.05624550181125,322.0177796478746,317.9312595271054,321.15240478515625,21500100
2021-11-04,320.0851008365663,323.59469443504923,316.8351108815185,323.49853515625,23992200
2021-11-05,325.4889184823601,325.75814685735793,321.55624752371233,323.1331481933594,22570100
2021-11-08,324.3254474977967,324.6619903091156,321.57547399482706,324.0273742675781,20897000
2021-11-09,324.1426973147689,325.69078224022303,321.6619526233949,323.02734375,21307400
2021-11-10,321.7004414585655,321.75813115179415,317.22931417120816,318.075439453125,25500900
2021-11-11,318.5080972611384,320.9311520712927,317.7965715810098,319.6427001953125,16849800
2021-11-12,321.07541697774906,324.258091880674,320.9504128741325,323.7677001953125,23831000
2021-11-15,324.55612553078606,324.8830434999955,321.18113251879515,323.1426696777344,16723000
2021-11-16,322.7676872089823,327.5657612448941,322.60424288113046,326.45037841796875,20886800
2021-11-17,326.49855034066394,329.6292527687157,325.59305251737624,326.67193603515625,19053400
2021-11-18,325.7664394516795,329.87971962558396,324.7453511615108,328.7430114746094,22463500
2021-11-19,330.06275288893943,332.4324456190178,329.63890158471446,330.5154724121094,21963400
2021-11-22,331.9701093321085,336.83475779834544,327.08620558426253,327.3559265136719,31031100
2021-11-23,324.67784979275456,326.98977619664026,321.3159670865294,325.28472900390625,30427600
2021-11-24,323.93611459058735,325.7471098307453,321.6531152666691,325.50628662109375,21661300
2021-11-26,322.07702143466366,325.52559745058403,316.07569544288083,317.57843017578125,24217200
2021-11-29,322.645469424935,326.58533560623965,322.45279900050696,324.2734375,28563500
2021-11-30,323.0114962502423,325.3811893890692,316.9138335793029,318.4551086425781,42885600
2021-12-01,322.82845444512645,326.82611534101443,317.29916089070014,317.96380615234375,33337600
2021-12-02,318.17571186769004,321.24861933110265,315.7674790215907,317.39544677734375,30766000
2021-12-03,319.8036423557392,320.48760157043654,306.3560799414712,311.1532897949219,41779300
2021-12-06,312.05881608344686,315.43034198292435,307.512071408828,314.2165832519531,30032600
2021-12-07,319.46652904482426,323.4738023613807,317.9830494801912,322.6261291503906,31021900
2021-12-08,323.00180200991804,323.184830047875,318.65734078900067,322.6742858886719,24761000
2021-12-09,322.1348670016077,324.13850382611764,319.92891744874584,320.8729553222656,22214200
2021-12-10,322.68393709248,330.4095372641144,322.5009090494943,329.9664306640625,38095700
2021-12-13,328.17475619826337,331.17061366442005,326.6334810302887,326.9417419433594,28899400
2021-12-14,320.9885338086704,322.3564229704473,312.2129182210804,316.28765869140625,44438700
2021-12-15,316.54772931653724,322.8862143337398,312.5886088133381,322.36602783203125,35381100
2021-12-16,323.3871030361662,324.39857838163,311.1629118249928,312.9739074707031,35034800
2021-12-17,309.10147689497717,312.99318902693045,305.6047184390456,311.9142761230469,47750300
2021-12-20,308.30192948085835,310.95098537340476,305.9129815266249,308.1670837402344,28326500
2021-12-21,311.42304210587787,315.7000659257097,308.06112911488344,315.2762145996094,24740600
2021-12-22,316.24907907920306,321.3641625402389,313.7926936963985,320.96923828125,24831500
2021-12-23,320.5357805584728,324.04218156998655,320.5165252794348,322.4045715332031,19617800
2021-12-27,323.1462915394775,329.90862784139654,323.11739392269027,329.8797302246094,19947000
2021-12-28,330.5540058070814,331.18978275080303,327.827899397402,328.7237548828125,15661500
2021-12-29,328.7718768270416,331.6617557188024,327.2113469290697,329.3980407714844,15042000
2021-12-30,329.3596111431574,330.5348301286834,326.3830384153024,326.86468505859375,15994500
2021-12-31,326.0843763307589,326.9031519971822,323.52201300272316,323.9747619628906,18000800
2022-01-03,323.04032300520043,325.5930436513956,317.6747737807834,322.46234130859375,28865100
2022-01-04,322.5394184991603,322.89586164300437,314.1491437576021,316.9330749511719,32674300
2022-01-05,313.89872484330033,314.10103759223983,304.381412211663,304.7667236328125,40054300
2022-01-06,301.65527533473295,307.0015705102463,300.0562050121712,302.3584899902344,39646100
2022-01-07,302.61852137240913,304.88226603603744,298.7075537396608,302.5125732421875,32720000
2022-01-10,298.12950056949,303.16753285656387,293.50570655801414,302.7340393066406,44289500
2022-01-11,301.8768462438373,304.98826465644487,298.51496217670007,303.4181213378906,29386800
2022-01-12,307.93588346156525,311.538589841844,305.44092874443083,306.5872497558594,34372200
2022-01-13,308.7065085650938,309.10146222236773,292.8410716956861,293.6116943359375,45366000
2022-01-14,293.0819317744249,299.4107746285059,292.6002852144012,298.81353759765625,39846400
2022-01-18,292.90853854423693,298.42818916600646,290.66404916965183,291.5406494140625,42333200
2022-01-19,295.0470474103309,302.3873360187906,291.58882876082123,292.1956787109375,45933900
2022-01-20,297.72500596711825,300.21028923440434,290.0860987267936,290.5292053222656,35380700
2022-01-21,291.57917037846426,292.9470300221771,284.7590392453866,285.16363525390625,57984400
2022-01-24,281.4742344395524,286.20397733564954,265.9170285250383,285.49114990234375,85731500
2022-01-25,280.8192289411712,284.1618575908213,274.7023405114224,277.90045166015625,72848600
2022-01-26,296.6846403493407,297.17592925056107,282.27378342148563,285.8186950683594,90428900
2022-01-27,291.55032568742257,296.0199908832467,286.9939382332395,288.8338317871094,53481300
2022-01-28,289.2094904507192,297.1566583183815,283.64165765387617,296.9447326660156,49743700
2022-01-31,297.60945731115953,300.91354605848886,295.1241442973268,299.56494140625,46444500
2022-02-01,299.01585004253747,299.2277757254821,293.92966304924204,297.4264221191406,40950400
2022-02-02,298.2643973656909,303.55286619292593,297.54192766153886,301.95379638671875,36636000
2022-02-03,298.12957287633566,299.8057228648471,288.9493907856898,290.1920471191406,43730000
2022-02-04,289.1903095718903,297.46499652729665,288.95912855810474,294.7099914550781,35096500
2022-02-07,294.93143638637616,296.54011926462067,288.8915703465275,289.9030456542969,28533300
2022-02-08,290.1919959093459,294.3437860965417,288.9397268560699,293.3804931640625,32421200
2022-02-09,298.4956591456946,300.4800407856737,296.1067108242928,299.7864685058594,31284700
2022-02-10,292.8796487217257,297.77316484125447,289.66225322547234,291.28057861328125,45386200
2022-02-11,292.06085534207085,293.12048369685596,283.4201145266006,284.21002197265625,39175600
2022-02-14,282.9866171180097,285.8668836168061,280.65546416556623,284.1714782714844,36359500
2022-02-15,288.9975672412042,289.7585476106749,286.11730093278925,289.440673828125,27058300
2022-02-16,288.0120371225755,290.42524925713894,283.484848801482,289.1028137207031,29982100
2022-02-17,286.0718280004565,286.49655572673316,279.93262997944396,280.6372985839844,32461600
2022-02-18,282.876732815773,283.65861124098427,276.37072190934305,277.9344787597656,34264000
2022-02-22,275.10614436197505,281.4191146598271,274.62350200344525,277.7317199707031,41736100
2022-02-23,280.10635117029534,281.5736029979626,270.37629282765295,270.5403747558594,37811200
2022-02-24,263.0497467023612,284.91343957149485,262.09409480445356,284.36322021484375,56989700
2022-02-25,284.8942092758671,287.2977593325136,281.52534482802724,286.9888610839844,32546700
2022-02-28,284.092933437548,288.7552749651545,282.82841285617417,288.41741943359375,34627500
2022-03-01,286.1104609698699,289.55653540384833,282.0079998222269,284.7108154296875,31217800
2022-03-02,285.10648754064266,291.00439263836535,283.5041407905039,289.7688293457031,31873000
2022-03-03,292.37519352194875,292.6068524998791,283.8420480314748,285.64715576171875,27314500
2022-03-04,284.0736891436429,285.39612468595874,277.20086566715224,279.7974548339844,32356500
2022-03-07,278.5136040383842,279.63333786848386,268.8607566666478,269.2275695800781,43157200
2022-03-08,268.1561527618495,274.10231170934804,260.6269417825075,266.27386474609375,48159500
2022-03-09,273.6003111924272,279.54646877210064,271.0326502290579,278.4846496582031,35204500
2022-03-10,273.1949611124185,276.6506980483507,270.83966326078166,275.6757507324219,30628000
2022-03-11,277.9633709204393,279.4595798639488,269.7294936979138,270.3472900390625,27209300
2022-03-14,270.60798934145595,275.49232901217977,266.2449118112666,266.8433837890625,30660700
2022-03-15,270.6176534268287,277.8283334961411,269.0538964529326,277.18157958984375,34245100
2022-03-16,279.0735246270153,284.34400179367987,273.3687163552092,284.1702575683594,37826300
2022-03-17,283.1084122705425,285.3478508163391,279.32448255840876,284.9714050292969,30816600
2022-03-18,285.1162398488807,290.55079938117666,282.56790264099095,290.0005798339844,43390600
2022-03-21,288.5140418634162,289.72064808863075,284.66253476098274,288.774658203125,28351200
2022-03-22,289.3923635193199,294.41185612837654,288.3981213802289,293.5044860839844,27599700
2022-03-23,290.07784087692966,292.7034175820103,287.38468714348056,289.0932312011719,25715400
2022-03-24,288.75537689115174,293.6397167673037,287.9638360996713,293.5431823730469,24484500
2022-03-25,294.6339351738191,294.8945515047454,288.9001402281707,293.1377258300781,22566500
2022-03-28,293.7651423882981,300.0105369064653,293.7651423882981,299.9140319824219,29578200
2022-03-29,303.01258292097964,304.8562805932184,298.3212830440557,304.46051025390625,30393400
2022-03-30,302.8677590054926,304.98173500944773,300.76341581769765,302.9642639160156,28163600
2022-03-31,303.00296492746145,304.1999383958244,297.2016219305857,297.6070251464844,33422100
2022-04-01,298.630215389613,299.36384141537167,294.93318680550044,298.6784973144531,27110500
2022-04-04,299.3252319683475,304.17095222292346,298.95841894296694,304.03582763671875,24289600
2022-04-05,302.3948148545048,303.9392767129868,299.1128518165804,300.0877990722656,23156700
2022-04-06,294.59528689562205,296.3424501243935,286.4096607302466,289.1028137207031,40110400
2022-04-07,286.36141443806906,293.1087462850132,286.06217848359114,290.90789794921875,31411200
2022-04-08,290.01015328183416,290.6665398433151,285.99456517806084,286.6606140136719,24361900
2022-04-11,281.66048690117145,282.4519981244576,275.1061942358303,275.357177734375,34569300
2022-04-12,279.1989878449197,280.6469151575573,270.75274518786716,272.26824951171875,30966700
2022-04-13,272.914995798149,278.5618885948695,271.5346160767129,277.6352233886719,21907200
2022-04-14,278.088924351685,278.3012882088098,269.6233863517897,270.11566162109375,28221600
2022-04-18,269.22764356722877,272.65439354264834,268.67742404587597,270.78173828125,20778000
2022-04-19,269.6812523357036,276.23554389473173,268.7449249701281,275.3957214355469,22297700
2022-04-20,279.35341939656814,279.64302251578187,275.46332277285063,276.4189453125,22906700
2022-04-21,278.5618984401678,283.1180442640561,270.33768184591173,271.0616455078125,29454600
2022-04-22,271.90145264874303,273.36870459899797,263.8895994942571,264.51702880859375,29405800
2022-04-25,263.8027323682706,271.351238292918,261.3701954398088,270.97479248046875,35678900
2022-04-26,267.86656753140664,268.6966984296061,260.6269305710984,260.83929443359375,46518400
2022-04-27,272.30691647120665,280.8689900877158,269.4689760886624,273.3880310058594,63477700
2022-04-28,275.2895425636106,280.8785491561486,271.6890200719624,279.5754089355469,33646600
2022-04-29,278.59087064005706,279.81680135936267,266.9012842301464,267.8858642578125,37073900
2022-05-02,268.0692391635906,275.0482590184196,266.6309742081337,274.5945739746094,35151100
2022-05-03,274.10226915929724,274.2663805402377,270.4245363528179,271.9979553222656,25978600
2022-05-04,272.77980094120676,280.78201938485194,267.12324671624293,279.91326904296875,33599300
2022-05-05,275.62748829742554,276.4093667940325,264.8162844690875,267.7218017578125,43260400
2022-05-06,265.26998938550594,269.5558574797056,261.85287196809537,265.1927795410156,37780300
2022-05-09,260.6848683023518,262.9050120493982,254.17885674013965,255.3950958251953,47726000
2022-05-10,262.25820191919195,264.24668604013874,255.86802193263964,260.14422607421875,39336400
2022-05-11,256.45696851902164,261.939781463159,250.29844414199275,251.5050506591797,48975900
2022-05-12,248.7442826712676,250.8582590815856,241.3405488261486,246.4855194091797,51033800
2022-05-13,248.41604745652157,253.90852028725288,246.48547786985057,252.05516052246094,34925100
2022-05-16,250.9354501012321,256.5920348375694,246.9005663575993,252.4219970703125,32550900
2022-05-17,256.87199942771946,259.01493349139474,253.348714764612,257.557373046875,28828800
2022-05-18,254.46125136602734,255.0417772364754,244.56339009492962,245.8308563232422,31356000
2022-05-19,245.65669143059023,249.30431075685598,243.70228485416828,244.92137145996094,32692300
2022-05-20,248.88824756705642,250.14605852725083,238.43890011882908,244.36019897460938,39199300
2022-05-23,247.19505531377055,253.0099243599592,245.2019245791374,252.18751525878906,33175400
2022-05-24,249.5170744267846,252.8453604471409,245.26959081148408,251.19088745117188,29043900
2022-05-25,249.7590402014901,255.98992698907475,248.78182219830612,253.99681091308594,28547900
2022-05-26,253.75493935952196,258.4377968295687,252.94221495828464,257.26708984375,25002100
2022-05-27,259.763306260141,264.46550311516876,258.87316278571984,264.3687438964844,26910800
2022-05-31,263.6817882645863,265.8490529082615,260.1986632824182,263.043212890625,37827700
2022-06-01,266.2651808958061,268.67432940880065,261.27270543224773,263.575439453125,25292200
2022-06-02,255.86410740259439,265.7329260451573,253.10663251468594,265.6651916503906,44008200
2022-06-03,261.53385823484007,264.571926206195,259.6955513321792,261.2532653808594,28059000
2022-06-06,263.2270376292287,265.27820295854366,258.5441812387559,260.0245056152344,22400300
2022-06-07,257.9830411761452,264.26232157625736,257.3057561922374,263.65277099609375,22860700
2022-06-08,262.88842705123176,264.13655309709793,260.85660150666956,261.6306457519531,17372300
2022-06-09,259.0859990893106,263.8559299419898,256.0382758855006,256.1930847167969,26439700
2022-06-10,252.11977283149906,252.11977283149906,244.33114285896366,244.77621459960938,31422800
2022-06-13,237.15209874084343,240.93515766232613,233.68832759475978,234.39462280273438,46135800
2022-06-14,235.94261923059773,237.76158615878145,233.66891057036807,236.5521697998047,28651500
2022-06-15,240.24819466243056,247.01125783719002,238.41955729083625,243.586181640625,33111700
2022-06-16,237.99383539165407,239.38708569637893,235.12994511050752,237.01663208007812,33169200
2022-06-17,236.75536866492723,242.36706412018737,236.10712319916604,239.60958862304688,43084800
2022-06-21,242.13483565226932,246.4790647181553,241.40918580520898,245.50186157226562,29928300
2022-06-22,243.71192046945043,248.82050899795738,242.24126597240473,244.9116668701172,25939900
2022-06-23,247.2724946346494,250.94910939467707,245.3954776548155,250.45565795898438,25861400
2022-06-24,253.30982219314234,259.2795140264686,253.2227477629766,259.00860595703125,33923200
2022-06-27,259.5020124951496,259.58908692020407,254.7320819865546,256.2898254394531,24615100
2022-06-28,255.4094539301629,258.2443194434438,247.99814522867288,248.1529541015625,27295500
2022-06-29,249.22689953422443,253.4647001181268,247.4563118212705,251.8102264404297,20069800
2022-06-30,248.70435930708942,251.10385190666133,244.68910304500875,248.4915008544922,31730900
2022-07-01,248.0658334178518,251.33607059535083,246.343610863831,251.15223693847656,22837700
2022-07-05,247.84328689784448,254.44186984497523,246.4693916427345,254.3160858154297,22941000
2022-07-06,255.18686285339652,259.2891938730712,253.88068722348527,257.5669860839844,23824400
2022-07-07,256.5123449826114,260.3244273758523,256.4155857769769,259.68585205078125,20859900
2022-07-08,256.1930944319359,259.395626588486,254.74179480110894,258.96990966796875,19658800
2022-07-11,257.0251678392389,257.87660171050175,253.66782672632655,255.9221954345703,19455200
2022-07-12,257.24774583098747,257.3057954639804,243.8570743997537,245.4341583251953,35868500
2022-07-13,242.06712638955372,245.3180384343123,240.05465562247608,244.51498413085938,29497400
2022-07-14,242.43481984226366,246.85643923276575,237.95513605400782,245.8308563232422,25102800
2022-07-15,247.41758340717305,251.91660674220472,246.49842984837338,248.38511657714844,29774100
2022-07-18,251.3167481398981,252.3713557823353,245.07616196648328,245.9953155517578,20975000
2022-07-19,249.2171954923263,251.2877307699049,245.44382181429663,251.10389709472656,25012600
2022-07-20,251.46186444630638,256.2705054721165,250.50401605859645,253.75491333007812,22788300
2022-07-21,251.35545481408533,256.2898799710948,248.68505377050542,256.2414855957031,22404700
2022-07-22,256.6285501488565,256.7156246118406,250.65888559232607,251.906982421875,21881300
2022-07-25,252.52614987417672,253.00991644481692,248.47218365007052,250.4265899658203,21056000
2022-07-26,251.42314353761344,251.44251309723307,241.46724894665664,243.72158813476562,39348000
2022-07-27,252.68100307171994,261.2823588535323,250.4460034852064,260.014892578125,45994000
2022-07-28,260.9921370397232,268.8194787741796,259.173169506784,267.4359130859375,33459300
2022-07-29,268.6839948428737,272.8443759995339,267.64872718084746,271.6252746582031,32152800
2022-08-01,268.80002257079224,272.1476784512212,266.88429661951363,268.9838562011719,21539600
2022-08-02,267.03911229184763,268.86776386408434,263.5366474998383,265.8974304199219,22754200
2022-08-03,267.7744965070368,274.29566079302055,267.6293429063653,273.2991027832031,23518900
2022-08-04,272.65082319177765,274.58588944445677,271.0737689983291,274.4407653808594,18098700
2022-08-05,270.0868284690186,274.44072692749853,269.6320867822846,273.7247619628906,16774600
2022-08-08,274.8277823787597,276.63709419104765,270.25136942756865,271.2189025878906,18739200
2022-08-09,270.5610309152516,273.8893183608111,268.59690993620944,273.1346435546875,23405200
2022-08-10,278.81406317438757,280.400802313646,277.6239866748656,279.77191162109375,24687800
2022-08-11,281.40702349193015,281.7553212542064,277.20793315057733,277.70135498046875,20065900
2022-08-12,279.11401558943726,282.4326477050781,277.6240060475437,282.4326477050781,22619700
2022-08-15,281.55217775836655,284.62892642888846,280.6910589868737,283.9419860839844,18085700
2022-08-16,282.5100398793754,284.49350086788803,280.9910350330185,283.2066650390625,18102900
2022-08-17,280.9280583220521,284.42828191151625,280.6662805490986,282.46002197265625,18253400
2022-08-18,281.36444334293145,283.0321341039528,280.28818642679033,281.3450622558594,17186200
2022-08-19,280.11362940883,280.4529907173876,276.8752129457477,277.447265625,20570000
2022-08-22,273.50100121683664,273.86944889431794,268.7888240939447,269.3027038574219,25061100
2022-08-23,268.0325927734375,270.3789763942887,267.0242141584032,268.0325927734375,17527400
2022-08-24,267.03389604285996,268.7985510668254,266.74300225801466,267.40234375,18137000
2022-08-25,268.89550229541334,270.5341064037505,266.170965672793,270.3692932128906,16583400
2022-08-26,270.59230474229855,271.813993730699,259.82991359676106,259.9365539550781,27549300
2022-08-29,257.76465225492166,259.2674999332414,255.82547868834627,257.16351318359375,20338500
2022-08-30,258.55975823755864,258.9281764138231,252.7325313512988,254.97227478027344,22767100
2022-08-31,257.31867689878567,258.9863379304906,253.3821269343252,253.51788330078125,24791800
2022-09-01,250.996880353763,252.95546423818692,247.64211897679405,252.4803466796875,23263400
2022-09-02,253.7408837951921,256.68840643713196,246.7307604021961,248.27239990234375,22855400
2022-09-06,248.408159830305,249.98856152174304,244.27771043015858,245.54786682128906,21328200
2022-09-07,246.95379297306187,250.95817701237237,245.5188084309381,250.24069213867188,24126700
2022-09-08,249.67829973457307,252.50947654562356,247.04100773001082,250.65756225585938,20319900
2022-09-09,252.57734543450854,257.16350136081496,252.37374050442193,256.4169006347656,22084700
2022-09-12,257.69683877692836,259.31606213090066,257.09569955467623,258.5403747558594,18747700
2022-09-13,250.96784794774865,252.48040101382477,243.93834353048703,244.32618713378906,33353300
2022-09-14,245.8193814071736,246.49808932194622,242.26099903033722,244.54922485351562,23913000
2022-09-15,242.17373772461787,243.75415439975833,236.5986127372413,237.91725158691406,31530900
2022-09-16,236.83126432370605,237.83964287173066,234.69817634172827,237.2966766357422,39791800
2022-09-19,235.09573320886867,237.68452841666505,233.52500718935042,237.08338928222656,26826900
2022-09-20,234.7079067620096,236.10409946317117,232.35180291402574,235.0763397216797,26660300
2022-09-21,236.84097880590735,240.12787756364517,231.634287475008,231.68276977539062,28625600
2022-09-22,230.6356309055808,236.44346175605514,230.3447666716902,233.6510467529297,31061200
2022-09-23,232.2548539489129,233.79650845970187,228.04685009215586,230.6841278076172,34176000
2022-09-26,229.84054950120728,234.1067254216907,229.69510260715796,230.22837829589844,27694200
2022-09-27,232.68140264668142,234.44605747027452,227.36807188960748,229.21998596191406,27018700
2022-09-28,229.60787725874428,234.96000122532365,227.5911346801097,233.7383270263672,29029700
2022-09-29,231.6246111693645,232.6523709038743,227.28086605201818,230.27688598632812,27484200
2022-09-30,231.0428450141116,233.224415436406,225.65194447106404,225.8167724609375,35694800
2022-10-03,228.2504653081486,234.26190138278793,227.52327510247312,233.41836547851562,28880400
2022-10-04,237.63606342718273,242.7457908263603,237.52940827026438,241.31080627441406,34888400
2022-10-05,238.5086974304911,242.95909794804967,236.6761787000421,241.62106323242188,20347100
2022-10-06,240.38967602221575,242.72638403117548,238.59594911161383,239.2843475341797,20239900
2022-10-07,233.57346497384196,233.98070446797666,226.07856280672056,227.11602783203125,37769600
2022-10-10,225.962219258619,227.4262900818972,219.83442324055144,222.2777862548828,29743600
2022-10-11,220.69737480208315,222.09358236444308,217.29412996487275,218.55459594726562,30474000
2022-10-12,218.54485501658382,220.9300450129457,217.14866247633316,218.88421630859375,21903900
2022-10-13,213.163673728378,228.91945995498912,212.46557001660585,227.11602783203125,42551800
2022-10-14,228.3764766144597,230.02478606979594,221.3954543611521,221.6087646484375,30198600
2022-10-17,228.64798396705297,231.6924861628052,227.98865719878884,230.30596923828125,28142300
2022-10-18,235.84230688122926,236.5113093692739,228.21164843552518,231.2464599609375,26329600
2022-10-19,229.83085382652337,232.3226990610641,227.1644900654512,229.2878875732422,19985700
2022-10-20,228.59944738441192,233.97095088686675,227.72681052727103,228.96788024902344,21811000
2022-10-21,227.60082203685621,235.60960407563198,227.3681158672251,234.75636291503906,26299700
2022-10-24,236.34649831848267,240.30241466092306,233.96132282043843,239.73036193847656,24911200
2022-10-25,239.74006238454706,243.4050998483293,238.3535601564571,243.0366668701172,34775500
2022-10-26,224.139388912023,231.05254784281726,223.06314692358666,224.2848358154297,82543200
2022-10-27,224.01334192609988,226.58275598538947,218.91332036173824,219.85382080078125,40424600
2022-10-28,219.35934514135127,229.40426599695735,219.1751212635659,228.6964569091797,40647700
2022-10-31,226.65060686599685,227.77533111378162,224.11998470584146,225.0701904296875,28357300
2022-11-01,227.46505654968945,228.57038484843883,220.41615676312193,221.23060607910156,30592300
2022-11-02,222.4814320174644,224.26546848649176,213.34790976650638,213.40609741210938,38407000
2022-11-03,213.3963774811355,213.70665239090863,207.4722009244926,207.73399353027344,36633900
2022-11-04,210.93363491466297,214.8507595155396,206.93892679101333,214.65684509277344,36789100
2022-11-07,215.23859748900023,221.46334350265937,214.55018429237435,220.93975830078125,33498000
2022-11-08,221.7444890427756,224.60476702569903,218.97147031751535,221.90931701660156,28192500
2022-11-09,220.45498033143147,221.67666935840754,217.50744250984388,217.6819610595703,27852900
2022-11-10,228.2698262443954,235.92957127818485,227.85291099807793,235.5902099609375,46268000
2022-11-11,235.59991144789905,240.44784564522814,234.5721369704996,239.5946044921875,34620200
2022-11-14,234.63031012538158,236.49191496687794,231.93486006162664,234.2036895751953,31123300
2022-11-15,238.1886937504624,239.48793649488397,232.72991540292844,234.6109161376953,31390100
2022-11-16,236.06941348333024,237.05146554303985,233.7650213224332,235.03875732421875,24093300
2022-11-17,231.1981031395672,236.51669138454196,231.05226116577742,234.99014282226562,23123500
2022-11-18,236.76946659991202,236.99311072037338,232.4134803048627,234.54286193847656,27613500
2022-11-21,234.74705121223045,237.8973712159803,234.51370406585946,235.3498992919922,26394700
2022-11-22,236.84727895558834,238.51966950958604,234.04700917388476,238.24742126464844,19665700
2022-11-23,238.3251919634337,241.40744246425524,237.50844728562427,240.72682189941406,19508500
2022-11-25,240.46427230471662,241.81579547416155,239.900325357093,240.63929748535156,9200800
2022-11-28,239.2682969205499,239.822511118123,234.13445302318075,235.06787109375,24778200
2022-11-29,234.71786413074798,236.06938731272962,231.61617814466862,233.677490234375,17956300
2022-11-30,233.9108463177998,248.26227293636023,233.22049313047097,248.07752990722656,47594200
2022-12-01,246.84269045988094,249.03040883628205,243.97435155588244,247.63999938964844,26041500
2022-12-02,242.9048189819058,248.9720820268652,242.77841272299736,247.96087646484375,21528500
2022-12-05,245.03417222631165,246.79408255563942,241.19351410319612,243.27427673339844,23435300
2022-12-06,243.87711611749123,244.8883215875388,237.03198043755035,238.3348846435547,22463700
2022-12-07,238.05292524127822,239.34611163220632,235.50545353805643,237.60565185546875,20481500
2022-12-08,238.06266840254827,241.854722806182,236.3319411296729,240.5518035888672,22611800
2022-12-09,237.92653108598594,241.43660437225947,237.40148518904434,238.62660217285156,20609700
2022-12-12,240.6004067044122,245.5495083577721,240.32815848858516,245.5203399658203,30665100
2022-12-13,254.44622542877917,256.61450802590645,246.06483829010176,249.8082733154297,42196900
2022-12-14,250.01242464790812,255.32127883185711,247.27047755785884,250.0999298095703,35410900
2022-12-15,246.69687943873564,247.16358859669754,240.49347691697452,242.11724853515625,35560400
2022-12-16,241.66997762867638,242.9242630632895,236.76947979184487,237.9168243408203,86102000
2022-12-19,238.08212143380248,238.42243914772908,232.1023632453267,233.794189453125,29696400
2022-12-20,232.773266498235,236.1861172059026,231.82039760738525,235.10684204101562,25150800
2022-12-21,234.99985605475112,238.82106381583225,233.4635897668888,237.66400146484375,23690600
2022-12-22,234.58175331390822,235.29155709825014,227.39631414751827,231.59674072265625,28651700
2022-12-23,229.5743387811001,232.2579350383886,227.46440742070018,232.12181091308594,21207000
2022-12-27,232.09264417818784,232.31627349212454,229.3020921713063,230.40081787109375,16688600
2022-12-28,230.33274508619087,233.08441080456333,227.68803509667444,228.03807067871094,17457100
2022-12-29,229.12705170853215,235.223498262144,229.12705170853215,234.33868408203125,19770700
2022-12-30,231.6161906747891,233.3177494769252,230.1090927684712,233.18162536621094,21938500
2023-01-03,236.35137496373926,238.9474656895386,230.82859367762717,232.94825744628906,25740000
2023-01-04,225.8503455985308,226.42401047503648,219.7052947992431,222.7583770751953,50623400
2023-01-05,220.910952034835,221.2512697398711,215.62153242856337,216.15631103515625,39585600
2023-01-06,216.82721193090404,219.51080795719037,213.2782522890228,218.7037811279297,43613600
2023-01-09,220.18172344662707,224.8391416447206,220.14283719895346,220.8331756591797,27369800
2023-01-10,221.4554195666482,224.90715575496424,221.03732942473408,222.5152587890625,27033900
2023-01-11,224.88771246329648,229.41872372216184,224.7127021200409,229.24371337890625,28669300
2023-01-12,228.74784480479596,233.25940599267489,227.09490487805533,231.9078826904297,27269500
2023-01-13,230.4397030343515,232.7440953170416,228.41727685604286,232.60797119140625,21333300
2023-01-17,231.3828356610212,234.24145690846152,230.52718988997353,233.69696044921875,29831300
2023-01-18,234.88319223600368,235.67076853478866,229.0006572078567,229.28262329101562,30028700
2023-01-19,227.3088064182575,229.00064735365646,224.29461063179636,225.510009765625,28623000
2023-01-20,228.35892430446629,234.07616685941196,228.0186065956563,233.570556640625,35389800
2023-01-23,234.4261906970003,238.38352255893335,233.0163158336519,235.86521911621094,31934000
2023-01-24,235.78740702896604,237.1972669078359,233.78443184205133,235.3401336669922,40234400
2023-01-25,227.98946035242412,236.56532501803784,224.50855494302937,233.9497833251953,66526600
2023-01-26,236.90558287687787,241.43659421049372,235.30126202491022,241.1351776123047,33454500
2023-01-27,242.09782893829603,242.91457372817888,239.99761533309652,241.29080200195312,26498900
2023-01-30,237.74178578895192,238.80162509755758,235.4957305884033,235.9916229248047,25867400
2023-01-31,236.7111267803919,241.08656355946167,236.22496713827303,240.950439453125,26541100
2023-02-01,241.13516117627967,248.1164058985338,238.6751947915154,245.75367736816406,31259900
2023-02-02,251.6556615153349,257.36317045013345,250.12911325561998,257.2756652832031,39940400
2023-02-03,252.3557623051793,256.8867738555353,249.9833008123263,251.19869995117188,29077300
2023-02-06,250.31389683270552,251.15007723406973,247.72752379068612,249.6624298095703,22518000
2023-02-07,253.31831440266953,261.33021493867875,252.88075890318808,260.1537170410156,50841400
2023-02-08,265.63761659917793,269.09907056810056,258.8410852318201,259.3467102050781,54686000
2023-02-09,266.2210502148411,266.39609026500864,255.5255363984652,256.3228454589844,42375100
2023-02-10,254.29062103296877,256.7797556334207,253.44470813701852,255.81716918945312,25818500
2023-02-13,260.23156430688056,266.9988986544617,259.7551076492649,263.8096923828125,44630900
2023-02-14,265.12223738562625,267.3585592384255,261.8260617003524,264.6360778808594,37047900
2023-02-15,261.54618038787015,263.89534271397224,259.4601911138888,262.52093505859375,28922400
2023-02-16,257.35473852825965,260.00607263961115,255.28826321666222,255.53195190429688,29603600
2023-02-17,252.84166762278508,253.52397815006816,249.53723449671304,251.54522705078125,30000100
2023-02-21,248.0555633319736,249.04007506409081,245.23852294112166,246.291259765625,28397400
2023-02-22,247.6754065123544,247.9190951759008,244.0200765591585,245.16053771972656,22491100
2023-02-23,249.10829119149065,250.3559759296498,244.15653587973247,248.33824157714844,29219100
2023-02-24,243.6496684913582,244.66340673985152,241.83662432455813,242.9283447265625,24990900
2023-02-27,246.08658915391715,246.43750145661366,243.09408495125825,243.8446502685547,21190000
2023-02-28,242.7821510664902,245.14105556625483,242.4507231771338,243.12330627441406,22491000
2023-03-01,244.42951129067754,244.59521782388006,239.58497868538822,240.05287170410156,27565300
2023-03-02,240.32579620114032,245.05334800361368,239.4095243197137,244.7706756591797,24808200
2023-03-03,245.82337754163785,249.16677885152734,245.04357084699137,248.84510803222656,30760100
2023-03-06,249.9563441934913,253.55319146823706,249.51770754686837,250.38523864746094,24109800
2023-03-07,249.82960325303648,251.18452648625785,246.99307854410944,247.73388671875,21473200
2023-03-08,247.62668586676327,248.11406323334165,244.47823224326854,247.29527282714844,17340200
2023-03-09,249.36176055143883,253.0073336989174,245.22879516854297,245.9501190185547,26653400
2023-03-10,244.74141460422547,246.40823683070676,241.3492723748031,242.31427001953125,28333900
2023-03-13,241.15425536130144,251.39893459088051,239.5264171445582,247.50965881347656,33339700
2023-03-14,250.26831136541318,254.47925951777324,249.40078013128053,254.20632934570312,33620300
2023-03-15,253.41673923474747,259.7526448252449,252.66615907277222,258.7388916015625,46028000
2023-03-16,258.51466054625075,269.57813126600007,256.6333912973098,269.22723388671875,54768800
2023-03-17,271.23522516040924,276.1772083863334,269.3441988521381,272.37567138671875,69527400
2023-03-20,269.98756773899805,270.47494508940247,263.0375619626868,265.35748291015625,43466600
2023-03-21,267.9405526736913,268.05751846766043,262.7158524815854,266.8683166503906,34558700
2023-03-22,266.49788734137707,273.94502636302843,265.3086856035219,265.4159240722656,34873300
2023-03-23,270.92332074814243,273.9645506194871,268.25250241830935,270.650390625,36610900
2023-03-24,270.2409584505626,273.54539085578926,268.33044774491924,273.4869079589844,28172000
2023-03-27,273.4187565285179,274.35451292753913,268.56446629186837,269.40277099609375,26840200
2023-03-28,268.8276290958363,269.1687992182552,265.18202599070054,268.2817687988281,21878600
2023-03-29,271.9175487241211,274.0425364680911,271.3814455656998,273.4284362792969,25087000
2023-03-30,277.05459836442566,277.278772955209,274.3740223659298,276.8791198730469,25053400
2023-03-31,276.5671227721079,281.9672416312898,275.85554123239365,281.021728515625,32766000
2023-04-03,279.2866930601582,280.99251370652144,276.781596204477,279.9787902832031,24883300
2023-04-04,279.9788398181857,283.11755155269356,278.45822466702356,279.9300842285156,25824300
2023-04-05,278.6336629350254,279.90083226436434,275.77763853693574,277.1617736816406,22064800
2023-04-06,276.06028813189846,284.70635812116194,274.91008465074276,284.2384948730469,29770300
2023-04-10,281.90875009189506,282.28891863830444,277.5223546944505,282.084228515625,23103000
2023-04-11,278.5361465748028,278.7603508575734,274.5299191651681,275.6898498535156,27276600
2023-04-12,277.60042049037634,279.7643772791171,274.84184782081707,276.3332214355469,27403400
2023-04-13,276.43070139440715,282.5814016075444,276.02132104979927,282.5229187011719,24222700
2023-04-14,279.7545649448243,281.19721243469814,276.52812965920475,278.9162902832031,20987900
2023-04-17,282.61054097141687,284.23839393649223,278.9357275284298,281.5090637207031,23836200
2023-04-18,284.2091922902282,284.39439803515654,279.7643139062447,281.0899658203125,20161800
2023-04-19,278.7701115947992,281.75285885875036,277.3567350040731,281.16802978515625,17150300
2023-04-20,278.0487492496202,281.7333204424285,277.88302787911294,278.88702392578125,23244400
2023-04-21,277.8148324496472,279.04300308117706,275.91404898236954,278.5458984375,21676400
2023-04-24,274.9685448486902,277.75635870948304,271.6836263278282,274.6566162109375,26611000
2023-04-25,272.45369257019934,274.49092630001803,268.41819388016194,268.4669494628906,45772200
2023-04-26,289.2098013185826,292.0073432244721,285.34002303400024,287.9133605957031,64599200
2023-04-27,288.4981481341887,297.4951446738083,287.79632356423065,297.13446044921875,46462600
2023-04-28,296.33519048615636,301.13096702652024,295.6528502866571,299.5031433105469,36469600
2023-05-01,299.2204158338492,300.80927056527844,297.44635535169203,297.84600830078125,21294100
2023-05-02,299.9904777866923,301.37461262601437,296.23766672018985,297.6997985839844,26404400
2023-05-03,298.87925796823623,300.8190101503688,296.41312996008793,296.7153015136719,22360800
2023-05-04,298.50883179320516,299.9904777866923,295.7405323674121,297.6997985839844,22519900
2023-05-05,298.00196232327136,304.0941782629667,296.5885563264028,302.8074951171875,28197100
2023-05-08,302.3006492277248,302.36888918912433,298.36263230970064,300.8580017089844,21318600
2023-05-09,300.22444953048654,302.2129574604757,298.5771116971217,299.24969482421875,21340800
2023-05-10,300.8287815493971,305.09821176430125,299.9027824610233,304.4256286621094,30078000
2023-05-11,302.2714311285641,303.2656701896078,298.5283767405059,302.2811584472656,31680200
2023-05-12,302.71005168658775,302.8075331032812,298.8597885779878,301.1699523925781,19774700
2023-05-15,301.2966551101867,302.07644689728147,299.82476613385916,301.6475524902344,16336500
2023-05-16,302.0082405576207,305.790293615096,302.0082405576207,303.8700256347656,26730300
2023-05-17,305.0716298231173,307.16214962437107,303.55743916918806,306.7420959472656,24315000
2023-05-18,307.2598588771496,311.6656229362175,306.468583842939,311.1576232910156,27276000
2023-05-19,309.4186972410466,311.3822465947649,309.05725438357535,310.9817199707031,27546700
2023-05-22,311.2357518358931,315.1335157612651,310.65939292099665,313.756103515625,24115700
2023-05-23,312.6326330108963,315.2604571188561,307.96312199673974,307.972900390625,30797200
2023-05-24,307.45521463229585,309.1842914063532,305.38419212471825,306.5955505371094,23384900
2023-05-25,315.76852037752286,319.34392557451787,312.60342028701615,318.3865966796875,43301700
2023-05-26,316.53043497879963,325.69362591247574,316.3936865085404,325.1954345703125,36630600
2023-05-30,327.4813902004807,327.9795816142876,322.8802372817965,323.5542907714844,29503100
2023-05-31,324.6093167826368,328.1749431768424,319.76394285514135,320.7994689941406,45950600
2023-06-01,318.396295279445,325.8206313081567,317.21427212946173,324.892578125,26773900
2023-06-02,326.5239875083562,329.6988654721622,324.8632701870316,327.64739990234375,25873800
2023-06-05,327.4715375327869,330.7343313163918,326.9244840727919,328.1748962402344,21307100
2023-06-06,327.57907961755546,327.61816339427435,324.4921469370549,325.96722412109375,20396200
2023-06-07,323.98413800054084,326.7584898244199,315.04563976499446,315.9053039550781,40717100
2023-06-08,316.45235552980716,319.0899588404042,315.8759965452041,317.7418518066406,23277700
2023-06-09,317.47803824659906,322.3624661949436,316.9114577219513,319.2364501953125,22529000
2023-06-12,320.98500885005564,324.4236647224886,317.6440772974819,324.179443359375,24260300
2023-06-13,326.7388815445772,329.19087359317086,322.75320197847674,326.56304931640625,22951300
2023-06-14,326.61194558065387,331.2033200737011,325.1173117243528,329.5426025390625,26003800
2023-06-15,329.679373413851,341.7536655006573,329.40584662971514,340.05389404296875,38899100
2023-06-16,343.1994581968657,343.3459850753044,334.04604484014123,334.417236328125,46552000
2023-06-20,331.4670609717045,334.1730234363889,328.0967936208768,330.2361755371094,26375400
2023-06-21,328.59502188215436,329.92360187076076,324.39442550484875,325.8499755859375,25117800
2023-06-22,326.3969713207667,332.2582841920234,325.6350018399905,331.8577575683594,23556800
2023-06-23,326.6314665032556,330.14826075055646,325.7425268104143,327.2762145996094,23146900
2023-06-26,326.00625756335666,328.340998601614,320.8971352379601,321.0046081542969,21520600
2023-06-27,324.18919728458985,328.38004429209786,321.68837287006505,326.8365783691406,24354100
2023-06-28,326.92453987884056,330.1678072397065,326.0941811528345,328.0870361328125,20259500
2023-06-29,326.97337394490575,328.3410078355039,324.93168659890875,327.3055114746094,16997000
2023-06-30,329.94312088694005,334.8080220472076,329.4058457163647,332.66864013671875,26832800
2023-07-03,331.3498259032752,333.02029191600536,328.7903904255227,330.17755126953125,12508700
2023-07-05,327.3445947298887,333.7529619318794,326.99293022093957,330.3338623046875,18172400
2023-07-06,329.5034771232006,335.0619581701481,327.7450950952517,333.3817138671875,28161200
2023-07-07,331.4767582536755,333.8896663635677,329.2103769900973,329.42529296875,21214800
2023-07-10,326.8659348779879,327.48137758941004,320.0179571321777,324.1599426269531,32791400
2023-07-11,323.4077743662795,325.1661566846007,319.4416208471581,324.7851867675781,26698200
2023-07-12,328.81965499219945,333.7529146882439,327.9111586604982,329.4057922363281,29995300
2023-07-13,331.711272694216,335.7946473564409,331.18374612162296,334.7396240234375,20567200
2023-07-14,339.55566639937143,343.3069035731136,336.35148278353853,337.2599792480469,28352700
2023-07-17,337.689815809939,338.9695335941496,334.29027291358,337.7386779785156,20363900
2023-07-18,337.8363418414127,358.30210756551196,334.2609666964125,351.18060302734375,64738600
2023-07-19,353.388368189592,354.0819486228708,344.293565577068,346.8725280761719,39732900
2023-07-20,345.3974090978353,349.6956992819866,337.3869361725058,338.8522644042969,33778400
2023-07-21,341.07959326630163,342.20300571747845,331.97501253322577,335.8239440917969,69405400
2023-07-24,337.8558806826926,338.901155398555,334.397697414045,337.1329650878906,26678100
2023-07-25,339.0867373558683,343.7562790203098,337.09391224924093,342.8673095703125,41637700
2023-07-26,333.54776814346803,336.7031188576935,325.4102957060048,329.96258544921875,58383700
2023-07-27,332.61000460063315,333.4403334728924,321.4441800463063,323.0755920410156,39635300
2023-07-28,325.9573926830905,332.1508430764587,325.4689499409115,330.5487365722656,28484900
2023-07-31,329.13231163180893,329.8942812123279,325.6545714457516,328.1554260253906,25446000
2023-08-01,327.4423222635288,330.71489534190965,325.98677210111305,328.56573486328125,18311900
2023-08-02,325.9183675778276,325.9183675778276,318.81638974847687,319.9300537109375,27761300
2023-08-03,318.4647184532504,322.25503950417715,318.4158860961526,319.1094665527344,18253700
2023-08-04,324.20875816253636,327.3934143700841,319.67599522143337,320.2035217285156,23741500
2023-08-07,320.77996468566107,323.4566220651156,319.9496058467817,322.479736328125,17741500
2023-08-08,319.4024887084689,321.151122177393,315.5340303066097,318.5135192871094,22327600
2023-08-09,318.92387671073834,319.54906805843905,313.62914308212316,314.7818908691406,22373300
2023-08-10,318.48424072838094,320.6724848006537,313.75611788086866,315.4656677246094,20113700
2023-08-11,312.85745406238453,314.95775255796013,311.83170609092537,313.5901184082031,24355500
2023-08-14,313.9612774318456,316.56954529016974,312.6815298680751,316.5500183105469,18836100
2023-08-15,315.53401288819225,317.5756999823602,313.48254739923874,314.42034912109375,16966300
2023-08-16,314.04837487104845,317.59221281010525,313.06942104679297,313.65679931640625,20698900
2023-08-17,313.7939434703547,315.09593922797745,309.555055650753,310.2109680175781,21257200
2023-08-18,307.8711670676138,311.679311641093,304.9930405423695,309.8193054199219,24755000
2023-08-21,311.23877242073405,315.9769051965937,310.3675190796091,315.10565185546875,24040000
2023-08-22,318.6494900944686,319.2172702035748,314.69450802744353,315.6734619140625,16084600
2023-08-23,317.00488396305076,322.27166113870885,316.652444996216,320.1179504394531,21166400
2023-08-24,325.84476921608996,325.97203798658785,313.2260407459276,313.23583984375,23281400
2023-08-25,314.70432613416926,318.5124414479657,312.0905059538923,316.18255615234375,21684100
2023-08-28,318.8061314202153,319.2858092722639,314.949050654982,316.88739013671875,14808500
2023-08-29,315.1056925945481,322.056271402599,315.1056925945481,321.4982604980469,19284600
2023-08-30,321.75276957784916,322.86876141280084,319.57949087262745,321.8702392578125,15222100
2023-08-31,322.2716651283224,323.9456680844239,319.90258332981267,320.8619689941406,26411000
2023-09-01,324.33720272503615,325.00288418337306,319.9025429102048,321.74298095703125,14942000
2023-09-05,322.07580143984785,327.8026871669536,321.74296073160247,326.530029296875,18553900
2023-09-06,326.3636529709045,327.4209100280818,323.23098856949474,325.8741760253906,17535800
2023-09-07,324.3176359252016,326.0699418421109,322.1051906191248,322.9666748046875,18381000
2023-09-08,323.14278345408235,329.0850388513858,322.52603791898497,327.23480224609375,19530100
2023-09-11,330.1423571352341,331.29754527961506,328.3704532160462,330.82763671875,16583300
2023-09-12,328.7522562072044,329.70184254177326,324.5036005080368,324.7874755859375,17565500
2023-09-13,324.33721264984047,329.76062559468676,324.2001746396606,328.98724365234375,16544400
2023-09-14,332.01216654665086,333.68616913545833,329.4864789543326,331.5716552734375,20267000
2023-09-15,329.829144347891,330.29902307578516,322.71213073688756,323.2701416015625,37679800
2023-09-18,320.9010301881777,323.4463159361462,319.4913343854658,322.134521484375,16834200
2023-09-19,319.30536803908217,322.45760041034737,317.6803011768475,321.733154296875,16505900
2023-09-20,322.5751520247809,322.65345520205574,313.7645657537052,314.0190734863281,21436500
2023-09-21,312.540838460042,318.50266425545,308.3704851953978,312.8051452636719,35560400
2023-09-22,314.5574539286877,314.68472270748657,309.49624944861836,310.3381652832031,21447900
2023-09-25,309.9269765789233,310.9842634015669,308.3704436389246,310.85699462890625,17836000
2023-09-26,308.4977720645104,309.23198754848005,303.4953016985724,305.5707092285156,26297600
2023-09-27,305.7272930031046,307.6852008158054,303.1722376476752,306.2070007324219,19410100
2023-09-28,304.4448414726015,308.84036447643473,302.9372740873856,307.0390930175781,19683600
2023-09-29,311.06258297495117,312.746384776468,308.35089159051364,309.10467529296875,24147300
2023-10-02,309.62352913697714,315.1154758886586,308.5466739037748,315.02734375,20570000
2023-10-03,314.0777619824239,314.6260036436558,304.6602303826851,306.79437255859375,21033500
2023-10-04,307.420865686593,313.3043876816742,307.3914982671209,312.2471008300781,20720100
2023-10-05,312.3743955953389,313.2456789043345,308.2725763744339,312.6387023925781,16965600
2023-10-06,309.8878196065806,322.2618102249638,309.6430811517103,320.3724365234375,25673600
2023-10-09,317.91532739359235,323.3485104150923,316.37836236668136,322.8786315917969,19891200
2023-10-10,323.9945568948938,324.13162477364205,320.7738202479149,321.4786682128906,20557100
2023-10-11,324.2392117300658,325.81534255265865,322.21280049429333,325.42376708984375,20063200
2023-10-12,323.6127589882386,326.6083551720829,321.8016885159057,324.1903381347656,19313100
2023-10-13,325.38474129276136,326.80420669372097,319.4914189840269,320.8326110839844,21072400
2023-10-16,324.0826582883067,329.06555964733286,323.6421469834392,325.63922119140625,22158000
2023-10-17,322.65339394249423,326.4419405397074,320.51928173209353,325.0714111328125,18338500
2023-10-18,325.4923600401383,328.5271229876209,321.3905409680336,323.1624450683594,23153600
2023-10-19,325.15947278983907,329.7899346500429,323.94557973464435,324.3469543457031,25052100
2023-10-20,324.73856573197526,324.934368448125,318.6005359720502,319.79486083984375,25027700
2023-10-23,318.620060384211,325.7272737717355,317.5628035384839,322.3890380859375,24374700
2023-10-24,324.32742268148115,324.8560661648909,320.7053110922139,323.5736389160156,31153600
2023-10-25,337.7587006877497,338.913889121063,330.51444701213205,333.5002746582031,55053800
2023-10-26,333.37295718073534,334.4400133073603,320.0591786565096,320.98919677734375,37828500
2023-10-27,323.47569046023347,329.63331810351394,321.4884154812009,322.8687438964844,29856500
2023-10-30,326.393023266436,332.3059131853902,324.8462593748241,330.2109375,22828100
2023-10-31,331.71846460217154,331.8653016809535,327.6460136572754,330.9940185546875,20265300
2023-11-01,332.63870122035286,340.10812307119625,332.50163335597534,338.7865295410156,28158800
2023-11-02,339.93194035995595,341.48847346531505,337.5139230484177,340.9892272949219,24348100
2023-11-03,342.27167169728,346.9315020236901,340.02005970434163,345.37493896484375,23637700
2023-11-06,346.0112331411466,350.01515060483416,345.9133317859224,349.0263977050781,23828300
2023-11-07,351.83603801636735,354.83163466533523,350.10330030774577,352.9422607421875,25833900
2023-11-08,354.06800138493276,356.211912585882,352.9617788165993,355.5560302734375,26767800
2023-11-09,354.6749477041347,357.11256296700316,352.77577495327927,353.0988464355469,24847300
2023-11-10,353.8820868497546,362.3108966809909,353.47094288255664,361.88995361328125,28042100
2023-11-13,360.4703964021509,360.71513487046275,358.1992162461448,358.9627990722656,19986500
2023-11-14,363.2016494775537,364.1218684157094,359.6186750774512,362.4772033691406,27683900
2023-11-15,364.20372057822027,366.0184671527949,360.1131840283514,362.6244201660156,26860100
2023-11-16,363.88979560921166,369.17708096054344,363.1246629725075,369.0005187988281,27182300
2023-11-17,366.4892506146671,367.2347751466243,360.00524677898665,362.8009338378906,40157000
2023-11-20,364.1447942149405,371.6489843017366,363.9289860715847,370.2462463378906,52465100
2023-11-21,368.5100468166504,369.0495522871196,364.0467481750121,365.9595947265625,28423100
2023-11-22,370.79563367244174,372.5515261398846,367.82338415552084,370.64849853515625,23345300
2023-11-24,370.1384111547305,370.76622769070315,367.9901781565456,370.23651123046875,10176600
2023-11-27,369.5989038114079,373.38535117738047,369.0299712724483,371.3940124511719,22179200
2023-11-28,371.1389381343408,375.70030662709087,370.9525569972749,375.4060363769531,20453100
2023-11-29,376.4458170169272,376.9755034472532,370.24626453575155,371.62939453125,28963400
2023-11-30,371.2762546529022,372.8457658390955,368.313824366715,371.6882629394531,30554400
2023-12-01,369.579278745005,370.9525899274523,364.23313921740737,367.3721618652344,33040500
2023-12-04,362.06527668869364,362.47725508494324,355.98343139448775,362.1045227050781,32063300
2023-12-05,359.4657262173714,365.96933781680315,358.6515286841893,365.4200134277344,23065000
2023-12-06,366.42064545969674,367.0484320232483,361.0156519151652,361.7709655761719,21182100
2023-12-07,361.211844686289,364.37047528705625,359.33824414976533,363.8800048828125,23118900
2023-12-08,362.1633422956095,367.3230703614092,361.2118285564288,367.09747314453125,20154400
2023-12-11,361.4570971757964,364.51762785490314,359.1224531501872,364.22332763671875,27708800
2023-12-12,363.78190900979564,367.28387492110465,363.3993277208236,367.24462890625,24838300
2023-12-13,368.8533485777596,370.4424978188213,363.70340938140794,367.23480224609375,30955500
2023-12-14,366.19497468337374,366.63640997800485,357.1899461347514,358.95562744140625,43277500
2023-12-15,359.858129570657,365.30233890168853,359.29898614385536,363.6641845703125,78502300
2023-12-18,362.4085541038235,365.89088161939304,361.65321060475327,365.54754638671875,21802900
2023-12-19,364.4096508615579,366.14593505859375,362.7911046946417,366.14593505859375,20603700
2023-12-20,367.8527690284867,368.8631367699809,363.46796282422974,363.5562438964844,26316700
2023-12-21,365.45929104730993,367.2740374598463,362.98733108269056,366.4206237792969,17708000
2023-12-22,366.55795515551875,368.02936637236263,365.60644137118885,367.4407958984375,17107500
2023-12-26,367.8527728468658,369.7558002532684,366.38136175547834,367.5192565917969,12673100
2023-12-27,366.5677589576593,367.9116430236214,365.70452628978785,366.9405212402344,14905400
2023-12-28,368.2157224809446,369.2849443001597,367.0287925621367,368.12744140625,14327000
2023-12-29,368.8337398258849,369.9716347431921,366.361779793351,368.87298583984375,18730800
2024-01-02,366.7345478799601,368.735675683701,359.77968054105025,363.8015441894531,25258600
2024-01-03,361.97695939537715,366.1459576250118,361.48648901542015,363.5366516113281,23083500
2024-01-04,363.6053166389914,365.9889954484458,360.1720240549271,360.9273376464844,20901500
2024-01-05,361.93771572916546,364.96881910463645,359.5147908390338,360.740966796875,21004600
2024-01-08,362.26139076236115,368.04896487668356,361.9769395114855,367.5486755371094,23134000
2024-01-09,364.9197613954772,368.8238862439724,364.11538283242464,368.6277160644531,20830000
2024-01-10,369.1966557593691,376.8480113734613,369.14762069750896,375.47467041015625,25514200
2024-01-11,378.64317007041507,383.2339660876797,373.1302872544769,377.2992858886719,27850800
2024-01-12,378.14285622037966,381.27205974083927,377.31886954764786,381.0660705566406,21661200
2024-01-16,386.15716028479716,386.52010359232963,380.2322694497991,382.8317565917969,27202300
2024-01-17,380.58540492477397,382.67478358686355,377.47580955942465,382.0469970703125,22234100
2024-01-18,384.25417273742283,386.4808978161866,382.6846613012814,386.3631896972656,23392100
2024-01-19,388.21717473718036,391.07171630859375,386.00023875466667,391.07171630859375,29331100
2024-01-22,392.39593223013395,392.9845027036078,386.0884900033909,388.9528503417969,27016900
2024-01-23,388.20740508394243,391.7682257434464,386.4220852593847,391.29736328125,20525900
2024-01-24,393.8869938433054,397.89903829237466,392.81777191847715,394.8875427246094,24867000
2024-01-25,396.613997943498,399.25273113363767,394.858105500646,397.15350341796875,21021200
2024-01-26,396.66300059602537,398.4287118822507,394.75997317345707,396.23138427734375,17803300
2024-01-29,398.32076431346576,402.1660648947645,396.6237261848935,401.9110107421875,24510200
2024-01-30,404.4026783420674,405.17760004808207,398.70341448382425,400.8026123046875,33477600
2024-01-31,399.2037024045015,407.4043839387936,389.6395285786488,390.0024719238281,47871100
2024-02-01,394.17147331645987,400.22389191253944,394.14204628655096,396.0843200683594,30657700
2024-02-02,396.1137618246633,404.7852762128379,395.86852658765855,403.3825378417969,28256700
2024-02-05,402.08766948512715,403.32366460035666,396.29030516570674,397.9186706542969,25352300
2024-02-06,398.1442695260025,400.1944322717671,395.23087405866585,397.7616882324219,18382600
2024-02-07,399.67453429921477,406.4037740259386,399.6352882839393,406.1585388183594,22340500
2024-02-08,406.15849214322577,407.63972220628386,404.6674730294275,406.21734619140625,21225300
2024-02-09,407.33560297017937,412.7994495492497,407.1786488746158,412.5345764160156,22032800
2024-02-12,412.54446380988065,412.7210259706923,406.8452001103824,407.3454895019531,21202900
2024-02-13,397.2221636270064,402.2543946406928,395.70171738557195,398.57586669921875,27824900
2024-02-14,401.03275815392834,402.77222335184723,397.59311635632974,402.4282531738281,20401200
2024-02-15,401.10153638347543,402.07445398469247,397.31792461353893,399.54876708984375,21825500
2024-02-16,400.92465682975353,401.2489827226472,396.48261574205486,397.0919189453125,22296500
2024-02-20,396.28600214507156,397.5144455402651,391.1462141740097,395.8437805175781,24307900
2024-02-21,393.2689765841808,395.3524118295115,390.3698381114288,395.2442932128906,18518900
2024-02-22,403.11624212580006,405.7106995132782,401.5241839575953,404.5510559082031,27009900
2024-02-23,408.5016490183945,408.688344814685,401.9171806983302,403.2635498046875,16295900
2024-02-26,404.36425308702184,405.05219339501383,400.33495269298504,400.5118713378906,16193500
2024-02-27,400.9541264549498,401.27845233828214,396.88553712565647,400.45294189453125,14835800
2024-02-28,401.1408405413653,402.24152110085487,398.33017625490425,400.68878173828125,13183100
2024-02-29,401.59293981884394,407.05705416129825,398.9198455368932,406.5067138671875,31947300
2024-03-01,404.1775917906704,408.6982702714908,403.7943329800158,408.33465576171875,17823400
2024-03-04,406.3101300793095,410.1527047870807,405.2094495475142,407.7646179199219,17596000
2024-03-05,406.821192843755,407.1062001502952,393.7309209213856,395.70623779296875,26919200
2024-03-06,396.02071283324057,398.17294829822555,391.5197089331465,395.1558837890625,22344100
2024-03-07,399.1163813277323,402.71326755552275,395.30328784063323,402.0843200683594,18718500
2024-03-08,400.9245524740838,403.34215034917395,397.35714852859024,399.2145690917969,18002200
2024-03-11,396.7970720878644,398.68394443475927,394.34018518419236,397.5439453125,16120800
2024-03-12,400.5905029088669,408.4034154899357,399.7748296289143,408.118408203125,22457000
2024-03-13,410.8897312790389,410.96833845604056,404.3544187575241,407.94146728515625,17115900
2024-03-14,412.99286375239626,420.4421618629372,410.7816654727546,417.8869934082031,34157300
2024-03-15,412.0593017539116,415.3122180052063,405.67139503823444,409.2388000488281,45079900
2024-03-18,407.10613532964646,413.47439659588105,406.64423942002503,410.1231994628906,20106000
2024-03-19,410.62442124737834,414.39822603826195,408.38374152289526,414.1427001953125,19837900
2024-03-20,414.72254166213037,418.61424242329224,413.4056537780831,417.8968505859375,17860100
2024-03-21,422.4174518440492,423.3903994195494,419.79351351352574,421.96539306640625,21296200
2024-03-22,422.2897185739193,422.446932938044,418.7223141130456,421.34625244140625,17648500
2024-03-25,417.9066492539799,420.03924040543956,414.3392444656493,415.56768798828125,18060500
2024-03-26,418.270209700842,418.6436612820826,414.0836951106592,414.3785095214844,16725600
2024-03-27,417.12045509904823,417.13029224439015,411.7841036640323,414.162353515625,16705000
2024-03-28,413.70045116356334,414.59476162825587,411.89218593509474,413.464599609375,21871200
2024-04-01,416.63895725075884,420.5110140062409,414.9387804548584,417.2482604980469,16316000
2024-04-02,412.8650690915943,415.0959414899842,410.6342266844982,414.1721496582031,17912000
2024-04-03,412.49166464341647,415.96078773337547,411.8626872035861,413.1992492675781,16502300
2024-04-04,417.66092523693425,421.27748545517426,410.36890189824567,410.6735534667969,19370900
2024-04-05,412.7668047759354,419.1547102273811,411.10594695925613,418.1817626953125,16554800
2024-04-08,417.83780623812595,419.9114041463691,416.0000298565319,417.2677917480469,14272400
2024-04-09,419.0859553029516,420.3635245342137,414.34907001434647,418.9287109375,12496900
2024-04-10,414.90923013212864,416.7174952724338,412.4621804028437,415.9607849121094,16216600
2024-04-11,418.4766338120234,421.96540116941117,415.07628079166767,420.55023193359375,17966400
2024-04-12,416.73718451939897,417.84770230483133,412.53099493709567,414.624267578125,19253800
2024-04-15,419.2432078029309,419.4594150607099,406.30031376342345,406.5067138671875,20273500
2024-04-16,407.4206432860486,411.18458077665684,406.59513289625886,407.4304504394531,16765600
2024-04-17,410.054408065017,411.6563030616971,403.2537321874578,404.7377014160156,15855500
2024-04-18,403.54861503604855,404.78689570186344,396.98382006074763,397.29827880859375,21029900
2024-04-19,397.0623898394721,398.4873961854359,390.9103356715456,392.237060546875,30565800
2024-04-22,393.1804896634458,395.9027393940693,388.9251749817352,394.0453186035156,20286900
2024-04-23,397.26879155025864,401.16052215978465,396.10914808184776,400.5413818359375,15734500
2024-04-24,402.4970536697523,405.3568737379943,399.76499652417516,402.00567626953125,15065300
2024-04-25,387.2348667133991,392.9938253486681,381.3383380037112,392.1584777832031,40586500
2024-04-26,405.0620486762338,405.8777219430486,398.7625869715763,399.31292724609375,29694700
2024-04-29,398.2613746922827,399.31292950505053,392.30588312333157,395.3131103515625,19582100
2024-04-30,394.5662074998568,395.2246663994194,382.4586913890698,382.61590576171875,28781400
2024-05-01,385.83931510454033,394.79222617325195,383.5789912516123,388.129150390625,23562500
2024-05-02,390.8023288399098,393.0331717328696,387.8442269050805,390.9792175292969,17709400
2024-05-03,395.3425934548566,400.12860445610875,394.92982324925293,399.6470642089844,17446700
2024-05-06,401.7108501382599,406.7916755135943,399.36205183771864,406.4084167480469,16996600
2024-05-07,407.50911609687097,407.5189532422579,402.03516456718575,402.2808532714844,20018200
2024-05-08,401.1309897393213,405.1209713289568,399.69614631705593,403.4601135253906,11792300
2024-05-09,403.48965172941627,405.60256858412407,402.04500095122404,405.20947265625,14689700
2024-05-10,405.81879129865774,408.2167155386998,404.6984363706866,407.5877380371094,13402300
2024-05-13,410.80135374265615,411.13548678399485,403.7353441559508,406.5853271484375,15440200
2024-05-14,404.9146577068904,410.2903281379281,404.45276171039177,409.3763732910156,15109300
2024-05-15,411.43396907005973,417.25252925056685,410.81371203905996,416.5338134765625,22239500
2024-05-16,415.2736305334928,418.8376448328751,413.8460838814957,414.4761657714844,17530100
2024-05-17,416.00221762948183,416.37634285020215,411.56198942365705,413.708251953125,15352200
2024-05-20,413.7082502471213,420.1667475860199,413.49165301735496,418.7588806152344,16272100
2024-05-21,420.2258450310574,426.27085809319817,418.27649987771593,422.40167236328125,21453300
2024-05-22,423.4353640639669,425.719474725285,420.5211715226864,423.85870361328125,18073700
2024-05-23,426.2708490423147,426.89110613989686,418.8376788510908,420.3932189941406,17211700
2024-05-24,420.58025544710625,424.39037161476875,417.84327052223153,423.5043029785156,11855300
2024-05-28,422.9825388810405,424.15412896604386,419.999421868943,423.661865234375,15718000
2024-05-29,419.1034664398289,424.27223522977,419.1034664398289,422.5296325683594,15517100
2024-05-30,417.7349716036768,417.7349716036768,407.8306281783295,408.2539978027344,28394500
2024-05-31,410.3017776619535,410.3017776619535,398.2511723788605,408.70684814453125,47995300
2024-06-03,409.1006748520027,409.9867435149057,402.5929630717942,407.12176513671875,17484700
2024-06-04,406.04863004617806,409.99659455099004,403.341179685009,409.63232421875,14348900
2024-06-05,411.3453510614717,417.51832644992857,409.85870521580796,417.4494323730469,16988000
2024-06-06,417.44948005128595,418.7293536763162,414.0725281736093,417.9515686035156,14861300
2024-06-07,419.60560716420275,419.68435613947076,416.4551073364084,417.2919616699219,13621700
2024-06-10,418.1288206635897,421.45649821147657,417.3313558315188,421.249755859375,13982900
2024-06-11,418.89671156901073,426.1231387794062,418.67025946007556,425.98529052734375,14551100
2024-06-12,428.5844790234761,436.53944727057524,426.54650007534946,434.23565673828125,22366200
2024-06-13,434.0289338170149,436.52964196122593,432.57182236972,434.74761962890625,15960600
2024-06-14,431.4986893853765,436.2835084137765,429.9628289677156,435.7223205566406,13582000
2024-06-17,435.7419888452348,443.96279884211964,433.90092737019853,441.43255615234375,20790000
2024-06-18,442.7518432687409,443.1752129183503,438.00644366410285,439.4339904785156,17112500
2024-06-20,439.3945559147101,439.6210080275433,434.4423844149745,438.8038635253906,19877400
2024-06-21,440.4578496032106,443.6083190884872,439.6013156180092,442.8207092285156,34187100
2024-06-24,442.84045705555275,445.74482519591487,439.5029244573709,440.7434387207031,15913700
2024-06-25,441.3144201727987,444.4353853435752,439.83762902888526,443.97265625,16413400
2024-06-26,442.05279974277113,446.5816317625772,441.25533495755695,445.1639099121094,16507000
2024-06-27,445.1835541624589,449.11183858084996,444.7798943577927,445.84320068359375,14806300
2024-06-28,446.05987988510304,448.33413599754493,439.5029231553918,440.0345764160156,28362300
2024-07-01,441.7180347396165,450.293259356771,438.76445275458883,449.6631774902344,17662800
2024-07-02,446.18782328625804,452.4789376582484,446.09918938158694,452.1737365722656,13979800
2024-07-03,451.1005881786126,453.88678735468443,450.79538710423196,453.6406555175781,9932800
2024-07-05,452.4986178155469,461.10340760685847,451.8685359116121,460.32562255859375,16000300
2024-07-08,459.33126311315795,460.4634937005408,457.27360437796756,459.02606201171875,12962300
2024-07-09,459.77428381745585,460.09916463101644,450.91353744838284,452.4297180175781,17207200
2024-07-10,454.0837473649462,459.24266153927346,451.76024698147666,459.0359191894531,18196100
2024-07-11,455.81652839633193,457.58866578342753,444.5633568384772,447.6646423339844,23111200
2024-07-12,447.3003093014831,449.29889867197954,443.67725577045155,446.5323791503906,16324300
2024-07-15,446.28627396172595,450.185024234339,444.44521246679955,446.9360656738281,14429400
2024-07-16,447.19204922721934,447.27079820143007,439.7490242805094,442.56475830078125,17175700
2024-07-17,435.74195902538145,437.9670004651751,432.38471713490526,436.6575622558594,21778000
2024-07-18,437.46494130393756,437.7701424222079,427.67873564964367,433.5563659667969,20794800
2024-07-19,426.39883667006126,434.3144456334854,425.31585048613374,430.3467712402344,20940400
2024-07-22,434.95437784378936,437.7208974938516,432.1189340633458,436.0865783691406,15808800
2024-07-23,437.03166701756135,441.4522150715158,436.24405718750495,437.96697998046875,13107100
2024-07-24,433.6351347306288,434.6491968195245,420.9740958851319,422.2638244628906,26805800
2024-07-25,422.1653487650477,423.14987619224735,411.05005574464656,411.92626953125,29943800
2024-07-26,411.72938578526725,422.28352110182095,410.8137524352177,418.6899719238281,23583800
2024-07-29,424.90231413559286,425.46350195400487,418.1287909882396,420.12738037109375,15125800
2024-07-30,421.1020622928212,422.4114705197089,410.90234276735913,416.3763427734375,32687600
2024-07-31,413.9937725831716,415.2539664560443,405.8320320070505,411.8770446777344,42891400
2024-08-01,414.27930323794226,420.8460843318748,406.69843005351635,410.6562194824219,30296400
2024-08-02,406.10769576372263,408.5788691410044,398.08380349930894,402.1695861816406,29437900
2024-08-05,383.1485558976655,394.83489176821496,379.6140759587015,389.0360107421875,40709200
2024-08-06,393.8109820824443,399.3932659734361,392.33419089963513,393.427001953125,24946500
2024-08-07,402.31724293574274,403.73493458005663,391.3200599759009,392.26519775390625,20650900
2024-08-08,396.21315773279025,399.58022417748964,393.7518395528805,396.45928955078125,20203000
2024-08-09,397.77859311198716,401.73638233312255,396.03599047899144,399.73779296875,19276700
2024-08-12,400.7616957993417,402.4354042920839,397.98532149531104,400.51556396484375,16762900
2024-08-13,403.2525929980432,408.52967573215994,403.23291326546496,407.6042175292969,19414300
2024-08-14,408.38197108714223,411.2568044389076,406.0683556338293,410.41009521484375,18267000
2024-08-15,414.0495331175792,415.34158622213624,411.9388626649199,415.2626953125,20752100
2024-08-16,414.8386210132459,415.56847485047064,411.58380640221424,412.73779296875,22775600
2024-08-19,413.22105614207504,415.9728470077707,410.75530126947416,415.755859375,15234000
2024-08-20,415.92353667507666,420.0265262237166,415.86436096713305,418.9810485839844,16387600
2024-08-21,418.27087232284174,420.5590998224222,415.9432144212139,418.330078125,16067300
2024-08-22,418.5470440541718,420.94378045645306,408.9306008917766,409.85772705078125,19361900
2024-08-23,411.26824086247194,413.5170083391479,406.4452093759086,411.0808410644531,18493800
2024-08-26,410.6665432369522,411.56408163461276,405.7054455704439,407.82598876953125,13152800
2024-08-27,407.2046472922476,408.68410035771785,404.63041340611323,408.1712341308594,13492900
2024-08-28,409.1969570716752,409.3153084895278,401.7306441001557,404.9755859375,14882700
2024-08-29,409.2561363555491,416.26872882049446,404.975589475056,407.4610595703125,17045200
2024-08-30,409.9071119024553,411.7712070065085,406.48464280287084,411.426025390625,24308300
2024-09-03,412.18542969380115,414.1284456363182,401.45446023053216,403.8314514160156,20313600
2024-09-04,400.3497951691964,405.60677088600426,398.8308818633999,403.298828125,15135800
2024-09-05,402.0363961545014,407.4413416778363,400.5668158804491,402.7958679199219,14195500
2024-09-06,403.4566777506577,405.0248942566708,395.30981392110493,396.197509765625,19609500
2024-09-09,401.6615826272171,403.0522719406784,396.6413094868822,400.16241455078125,15295100
2024-09-10,402.6084639940855,410.627073483588,402.11531302402886,408.5262756347656,19594300
2024-09-11,409.80848319257257,418.1821775855184,403.9695620775317,417.2452087402344,19266900
2024-09-12,417.511513528787,421.5158973973183,414.00028067952854,421.1509704589844,17395700
2024-09-13,419.9969049719398,425.914716092092,419.63197810212404,424.69171142578125,15874600
2024-09-16,424.7016342113202,427.5914917589124,422.3542307072933,425.4314880371094,13834700
2024-09-17,434.1997314507894,435.79753584231287,426.34874601904636,429.1893005371094,18874200
2024-09-18,429.04132931995406,430.05721907964937,424.5142071811442,424.9087219238281,18898000
2024-09-19,435.1860014052933,435.452292084435,430.91529729082623,432.6807861328125,21706600
2024-09-20,431.23091793236443,433.22323693457605,428.27201223229315,429.3076171875,55167100
2024-09-23,428.33121902605126,430.48135010026584,424.4945200082598,427.57177734375,15128900
2024-09-24,427.0687217553129,427.4139334394583,420.2632446802758,423.29119873046875,17015800
2024-09-25,423.94218110016,427.1871231515397,422.69946103119116,426.1909484863281,13396400
2024-09-26,429.1300753187062,429.33719028271923,423.2517246244965,425.40185546875,14492000
2024-09-27,425.6089779793521,425.93447445668835,421.6144673905514,422.15692138671875,14896100
2024-09-30,422.3443332995087,424.52408219664926,419.54323948144145,424.40570068359375,16807300
2024-10-01,422.5810498180969,422.6106376703255,413.07308530803846,414.9273376464844,19092900
2024-10-02,416.7914652693021,417.0281982052677,411.00187763203274,411.4161376953125,16582300
2024-10-03,411.90923284957546,413.8029154833907,408.6149883911416,410.83416748046875,13686400
2024-10-04,412.5109097932594,414.00023534021534,409.28571331626097,410.36077880859375,19169700
2024-10-07,410.3016170053712,411.39639773757887,403.3975032576847,403.93011474609375,20919800
2024-10-08,405.2714886364785,409.9662958214234,402.57890342121186,409.029296875,19229300
2024-10-09,410.16348810998284,414.6215919010832,408.62485957486433,411.7415771484375,14974300
2024-10-10,409.54216908706456,411.63312440285347,407.49064417755886,410.143798828125,13848400
2024-10-11,410.4396908978323,411.41612015597997,407.589263932771,410.6172180175781,14144900
2024-10-14,412.0473312101826,418.2314633461143,411.80075573680847,413.3985900878906,16653100
2024-10-15,416.3969398711013,416.69284850861214,409.57174739931537,413.0040588378906,18900200
2024-10-16,409.4829836231505,410.65665522282575,404.85722518493617,410.4199523925781,15508900
2024-10-17,416.57450753710987,416.7126042679644,409.8972536844407,411.01177978515625,14820000
2024-10-18,411.42598973201757,413.9015870376485,410.55803924257515,412.4320068359375,17145300
2024-10-21,410.4199513395574,413.22104518863654,408.08242059822123,413.04351806640625,14206100
2024-10-22,412.75752809912296,424.6819160644371,412.3137102440662,421.65399169921875,25482200
2024-10-23,424.95807417580835,425.1750618243365,416.742191587473,418.7838439941406,19654400
2024-10-24,419.5037748840412,420.144895200207,416.6139175340375,418.9120178222656,13581600
2024-10-25,420.9142122484759,426.5952907757042,420.72681247783265,422.28515625,16899100
2024-10-28,425.7471405789212,426.02330394508874,420.46054601286414,420.74658203125,14882400
2024-10-29,422.1372070838931,427.23640107681365,419.96733089551304,426.0331115722656,17644100
2024-10-30,431.44794042425275,432.4934181148105,426.1810914644013,426.6051940917969,29749100
2024-10-31,409.6703426075015,410.4594021869807,400.7344498042727,400.7837829589844,53971000
2024-11-01,403.40733166804887,409.8084210802644,401.91800623395363,404.7486877441406,24230400
2024-11-04,404.18653972407174,404.7980722358363,400.01450160866744,402.8648986816406,19672300
2024-11-05,402.7760918050739,409.2166418436789,402.4900558335031,405.8237609863281,17626000
2024-11-06,406.77069419877853,414.69069825173966,404.89669627254005,414.42437744140625,26681800
2024-11-07,415.5093002796819,421.00300957645607,414.1284835164612,419.6024475097656,19901800
2024-11-08,419.49390152577604,420.65773046119216,416.0023846199846,416.7519836425781,16891400
2024-11-11,416.7322586188732,418.9908983471605,410.3015812107333,412.2840576171875,24503300
2024-11-12,412.5207686609151,418.6259798148705,411.485163708279,417.23529052734375,19401200
2024-11-13,415.8643777407356,423.44901221052845,412.481339102593,419.3756103515625,21502200
2024-11-14,419.17829445283394,422.304884622317,414.24678510633004,421.04241943359375,30246900
2024-11-15,414.06929022111444,417.0084507566798,407.9739514183208,409.3153076171875,28247600
2024-11-18,409.18708769998454,412.6687324009395,406.4550421174999,410.0649108886719,24727000
2024-11-19,407.45119206262405,412.2150474297726,405.9125633985823,412.0671081542969,18133500
2024-11-20,411.1597160983201,411.57397618834216,404.9558679972854,409.7986145019531,19191700
2024-11-21,414.5818472703372,414.85856338751086,405.47983232208855,408.0295715332031,20780200
2024-11-22,406.547145598137,412.50644943843054,406.2407824115055,412.11114501953125,24814600
2024-11-25,413.47493016174343,416.1432573462543,409.9863169830385,413.880126953125,27691100
2024-11-26,414.6707466837262,424.009967476074,413.9394320534797,422.9722595214844,23458900
2024-11-27,420.12605489536344,422.22122564388053,417.07228524559736,418.0309143066406,18332400
2024-11-29,415.16493646523105,419.8987878079345,412.90177557031507,418.49542236328125,16271900
2024-12-02,416.6275643373692,427.9235529659965,416.370602899235,425.92724609375,20207200
2024-12-03,424.80061260374794,427.3997836787713,422.72522667678595,426.1446838378906,18302000
2024-12-04,427.9532618825141,434.51543063700444,427.5579574158117,432.29180908203125,26009400
2024-12-05,432.7859063083414,439.44687793021666,431.0564230401268,437.4307861328125,21697800
2024-12-06,437.1145598403157,440.87002757046025,436.5907746503493,438.36968994140625,18821000
2024-12-09,437.41103647885797,443.0738395996816,435.33565050126293,440.7909240722656,19144400
2024-12-10,439.1800467406791,444.34871163189086,436.42274787532307,438.1324462890625,18469500
2024-12-11,438.84401807874156,445.0701760009867,438.84401807874156,443.7261047363281,19200200
2024-12-12,443.8446923743848,450.81205740820604,443.8446923743848,444.2894287109375,20834800
2024-12-13,443.1825720342727,446.13750815775296,440.3560864798084,442.0262756347656,20177800
2024-12-16,442.02626356510217,446.8787030896928,440.0596036741231,446.2956237792969,23598800
2024-12-17,445.72242348242105,449.95224407864544,444.2993034538041,449.1319580078125,22733500
2024-12-18,446.02876338491484,447.34315728839636,431.89639748062007,432.2620849609375,24444500
2024-12-19,436.4425256398133,437.98423408144293,431.2046739034814,431.9063415527344,22963700
2024-12-20,428.03227991601136,438.5376604876813,423.6048219518138,431.48138427734375,64263700
2024-12-23,431.619738686297,432.5190736490341,427.755575118412,430.147216796875,19152500
2024-12-24,429.5541964268554,434.4461751355928,429.09959787026054,434.1793212890625,7164500
2024-12-26,433.9323230175154,435.77053252746487,431.511064298451,432.97369384765625,8194200
2024-12-27,429.5048044431988,430.1175308072659,421.35152651661633,425.4825134277344,18117700
2024-12-30,421.0649252132939,422.53744699473475,416.95369289645987,419.8493347167969,13158700
2024-12-31,421.1044562623139,421.727075036825,415.72823181420273,416.5583801269531,13246500
2025-01-02,420.54116958363784,421.0748471756245,409.98638702094667,413.6726379394531,16896500
2025-01-03,416.1433125624827,419.0587393010629,414.62138898974536,418.38671875,16662900
2025-01-06,422.98218924692804,429.2281017096726,420.4917442238413,422.8339538574219,20573600
2025-01-07,423.970395918562,425.6010452555217,415.8665208091166,417.4181213378906,18139100
2025-01-08,418.4953792965591,421.96423797941225,416.59790611740993,419.5824890136719,15054600
2025-01-10,419.6517626416587,419.73081147394316,410.1544118842337,414.0383605957031,20201100
2025-01-13,410.3717691669062,413.5935589908242,407.456372689251,412.2989196777344,17604800
2025-01-14,412.9116788431012,414.8190446806072,405.90480416806594,410.7967834472656,16935900
2025-01-15,414.2161960548363,423.13043625280113,413.3662628653434,421.31201171875,19637800
2025-01-16,423.6740181923037,424.45473467375496,419.41455019124714,419.602294921875,15300000
2025-01-17,429.0007661773637,429.3862083308609,423.1501885882937,424.0000915527344,26197500
2025-01-21,425.15636919236704,425.848144332173,420.6102933259344,423.4762878417969,26085700
2025-01-22,432.4301508467356,442.02630472978717,430.88844231911156,440.9688720703125,27803800
2025-01-23,436.81803684476205,441.51234832669104,436.3238987940327,441.4728088378906,18389300
2025-01-24,439.9409915761193,441.41351331157875,436.22506379505893,438.8538818359375,15549500
2025-01-27,419.03899970511213,430.09781275609777,418.53496919379126,429.4653015136719,35647800
2025-01-28,429.5048071593075,443.1232508667098,426.32255685114393,441.95709228515625,23491700
2025-01-29,441.4530954449331,441.6408703345489,435.23682974085557,437.1441955566406,23581400
2025-01-30,413.86040812362955,417.90245411076046,408.3161931892364,410.1247253417969,54586300
2025-01-31,414.06796458574274,415.7579084081136,410.0456732964256,410.19390869140625,34161900
2025-02-03,406.7744374831542,410.5397669066902,403.868903417148,406.1024169921875,25679100
2025-02-04,407.85171705562664,409.067307667959,404.9362901326214,407.53546142578125,20532100
2025-02-05,407.515689607161,408.97831905399164,405.5885389886856,408.4446716308594,16316700
2025-02-06,409.1463070589971,413.29707875974475,409.1463070589971,410.9449768066406,16309800
2025-02-07,411.59730759667843,413.7418501912579,403.3155477128268,404.9461975097656,22886800
2025-02-10,408.85969825647294,410.58918143726896,406.10242964328353,407.3871765136719,20817900
2025-02-11,404.8374480391833,407.6540108795472,404.50140761463905,406.6163330078125,18140600
2025-02-12,402.435914112503,405.93442005448907,399.6292135248499,404.2444763183594,19121700
2025-02-13,402.22836193070845,406.18146622486773,401.59585076694265,405.72686767578125,23891700
2025-02-14,403.0091510093491,404.1160155029715,401.1215398904841,403.6416320800781,22758500
2025-02-18,403.2166455935164,405.78616946504144,401.7342314553049,404.8374328613281,21423100
2025-02-19,403.09808061190597,410.61884763156144,402.8707662400353,409.90728759765625,24114200
2025-02-20,411.24414537664296,415.2249706128277,408.520936591177,412.0759582519531,23508700
2025-02-21,413.27415103230015,413.9772255480723,403.9162337604133,404.23309326171875,27524800
2025-02-24,404.5301894031576,405.38179653354615,395.4297185716828,400.0641174316406,26443700
2025-02-25,397.19236575081766,398.0043843099881,392.835237956153,394.0235290527344,29387400
2025-02-26,394.13254018558297,399.6680779917259,390.40916096474115,395.8357849121094,19619000
2025-02-27,397.3607770002483,401.7872310259196,388.34945427860754,388.7059326171875,21127400
2025-02-28,388.83463352266693,393.7562160246685,382.8039671137811,393.1224365234375,32845700
2025-03-03,394.93461038215554,394.93461038215554,382.39794340981075,384.7052307128906,23007700
2025-03-04,379.66483152587324,388.755390806373,377.2882188683939,384.8240661621094,29342900
2025-03-05,385.54695570418704,397.7568509049982,385.02212029604283,397.1131591796875,23433100
2025-03-06,390.438848896208,398.23217304119834,388.8544303529959,393.0234375,23304600
2025-03-07,388.497925986767,390.9537458547577,381.7839796807534,389.478271484375,22034100
2025-03-10,382.08104715568106,382.6355890788174,373.5450301742595,376.4563903808594,32840100
2025-03-11,375.3076750122287,382.23947903620126,373.2380400086461,376.7435607910156,30380200
2025-03-12,379.21921226907705,381.4670864515663,375.2581813231993,379.53607177734375,24253600
2025-03-13,379.4271716632625,381.5661320778761,373.7728082450696,375.0799255371094,20473000
2025-03-14,376.0801044136148,386.42831046600287,375.8127456880931,384.7745666503906,19952800
2025-03-17,382.9326924641042,388.88412112316473,381.813696346666,384.9132080078125,22474300
2025-03-18,383.2990634136601,383.5961286419255,377.38722360904,379.78363037109375,19486900
2025-03-19,381.77404945468027,385.8836128611327,380.25895638414784,384.041748046875,19185500
2025-03-20,381.98206039861145,387.97313863322194,379.5460345045817,383.07135009765625,18470500
2025-03-21,379.4865916093534,387.92357710345186,379.07067004050685,387.4482727050781,39675900
2025-03-24,391.54792412450786,391.54792412450786,386.012386704804,389.2505187988281,21004500
2025-03-25,390.08236222676067,392.4985634335279,388.81483346341923,391.3102722167969,15775000
2025-03-26,391.15183295239507,391.45881045430576,384.7844825194778,386.17083740234375,16108400
2025-03-27,386.3292739557081,388.41870337339975,383.62585932715103,386.7748718261719,13766800
2025-03-28,384.2992097422753,385.3389984995421,373.2578420054409,375.109619140625,21632000
2025-03-31,368.91063894364476,373.3965054432232,363.6622546184452,371.7328796386719,35184700
2025-04-01,371.0000917512926,379.12021808448793,369.59394254927554,378.4666442871094,19689500
2025-04-02,374.2877261088344,381.32844426453147,372.95087209109226,378.4171142578125,16092600
2025-04-03,371.13872318254886,373.80251903809335,365.7517184220645,369.4750671386719,30198000
2025-04-04,360.5825648601157,370.94065262193254,355.97787229621173,356.3343505859375,49209900
2025-04-07,347.4616469003483,367.3856281525139,341.43098078163547,354.3736267089844,50425000
2025-04-08,364.6723167446661,370.0097901278565,346.83776558065426,351.10577392578125,35868900
2025-04-09,350.0957251156184,389.39905670107095,349.66000929830324,386.68572998046875,50199700
2025-04-10,378.33787067807094,380.1599412978202,364.21678559967916,377.6347961425781,38024400
2025-04-11,376.93173851590154,386.25003769690613,375.1987873888056,384.6656494140625,23839200
2025-04-14,389.38915847164185,390.8052198187617,380.46692636349223,384.0318603515625,19251200
2025-04-15,384.7250528209778,388.07212889209285,380.41742551182244,381.9721374511719,17199900
2025-04-16,376.9614172312142,377.8922316795949,364.41483869971677,367.9896545410156,21967800
2025-04-17,370.10883089247193,370.6732850580017,363.31567729138493,364.1969909667969,21120200
2025-04-21,359.28536510699473,360.92919678600947,352.2050274305898,355.62139892578125,20807300
2025-04-22,359.8398187430779,364.18703397976344,356.3540925801715,363.2463073730469,19485000
2025-04-23,372.3963282706759,376.68416126561135,369.38593623911186,370.74261474609375,20545500
2025-04-24,372.0398589139721,384.6656455709585,371.53481777720657,383.5268249511719,22232300
2025-04-25,383.2297451406492,388.33947870228997,380.8531326101871,388.0325012207031,18973200
2025-04-28,388.1414067328739,388.9138065441973,382.87325863987553,387.3492126464844,16579400
2025-04-29,387.4879057037144,391.25090387065694,386.57688535548925,390.20123291015625,14974000
2025-04-30,386.49757125114587,392.79562598704683,380.69467558939255,391.4092712402344,36461100
2025-05-01,426.9100091091665,432.7327295827746,420.76051687113977,421.2556457519531,58938100
2025-05-02,427.5339075174203,435.15890492620053,425.8009563081767,431.0394287109375,30757400
2025-05-05,428.652877068793,435.2182909345157,427.9002714913439,431.9207458496094,20136100
2025-05-06,427.9894209087166,433.46554517602334,426.9694566129341,429.0885925292969,15104200
2025-05-07,429.61342097536215,433.8517229596541,426.9100064238295,429.1282043457031,23295300
2025-05-08,433.66356271096413,439.3476626606329,431.41568853142036,433.9012451171875,23491300
2025-05-09,435.7133964534002,436.4461774951318,431.6335394854884,434.4557800292969,15324200
2025-05-12,441.59551593295606,444.99209255092137,435.49552494666744,444.8831787109375,22821900
2025-05-13,443.4176075446257,446.27946690563454,441.0211705280613,444.7643737792969,23618800
2025-05-14,443.77414887416586,449.47801330220653,443.77414887416586,448.5273742675781,19902800
2025-05-15,447.1979616790238,452.57502540604634,446.860659567107,449.5392761230469,21992300
2025-05-16,448.4678177382938,450.7595102326154,445.17414935289,450.67022705078125,23849800
2025-05-19,447.30711960117503,455.948090917999,447.22773658664954,455.2337951660156,21336500
2025-05-20,451.9797648957129,454.70797307292094,450.71983965496236,454.5393371582031,15441800
2025-05-21,450.967885651573,454.1524403651085,448.22974686474834,448.9837341308594,19216900
2025-05-22,451.34489818162797,456.6028878213618,450.3032004241896,451.2555847167969,18025600
2025-05-23,446.4142434023006,450.0948358464348,445.3527151156796,446.6126403808594,16883500
2025-05-27,452.86273735527834,457.29731705224054,452.5055743512772,457.03936767578125,20974300
2025-05-28,457.56517641086623,458.8548627693229,453.3091629867606,453.7357482910156,17086300
2025-05-29,457.89257129241645,458.0612374989779,451.702028016876,455.0453186035156,13974800
2025-05-30,456.07706236471586,458.0215223462663,451.9301930198663,456.71197509765625,34770500
2025-06-02,453.5174918780263,458.44807895367734,453.2694729574846,458.3092041015625,16626500
2025-06-03,457.8131864599202,460.4620419695056,457.20800452370844,459.3013000488281,15743800
2025-06-04,460.32309699178137,461.9997072455568,459.35085196524574,460.1941223144531,14162700
2025-06-05,461.2755516588244,465.9283895442318,460.35292843866904,463.9739990234375,20131700
2025-06-06,466.3648469522318,469.5890928719542,465.06523024972654,466.6525573730469,15285600
2025-06-09,465.9780260656937,469.6784495081475,464.90656722268056,469.00384521484375,16469900
2025-06-10,467.45614299188406,469.0533703074369,463.2596519580402,467.18829345703125,15375900
2025-06-11,466.29544434484353,471.7022694228479,465.9383115986028,468.8748474121094,16399200
2025-06-12,471.25575908280854,476.61299175337194,469.76764562448443,475.07525634765625,18950600
2025-06-13,472.6348110082228,475.3828499324856,469.0137405811006,471.1962890625,16814500
2025-06-16,471.44428961660435,476.8808754060361,471.23596219473825,475.3431701660156,15626100
2025-06-17,471.63279762120845,474.9463269378011,470.3232503868908,474.25189208984375,15414100
2025-06-18,474.21220825159133,477.1884355000323,470.70025162122124,476.4344482421875,17526500
2025-06-20,478.4086860483398,479.62891980922967,473.09114443804276,473.616943359375,37576200
2025-06-23,474.42052531416374,483.884936234588,468.76571183115124,482.1488037109375,24864000
2025-06-24,485.07541514458467,487.9524285572733,482.9424282150726,486.2261962890625,22305600
2025-06-25,488.1409215620263,490.64094135329833,485.5119270894243,488.36907958984375,17495100
2025-06-26,489.07347716233096,494.09337765578726,488.9048109762518,493.508056640625,21578900
2025-06-27,493.60723706055035,495.34336948151105,489.12306593539506,492.010009765625,34539200
2025-06-30,493.1013206195562,496.79184348109624,491.404849352638,493.4683837890625,28369000
2025-07-01,492.53586720632853,494.1033336285329,487.0893808236798,488.15087890625,19945400
2025-07-02,486.107196925814,489.5893925672679,484.82744098086494,487.198486328125,16319600
2025-07-03,489.89694493303733,496.16687121115365,489.52988173373706,494.8870849609375,13984800
2025-07-07,493.4386378219278,494.7977767455099,491.3056810299541,493.77593994140625,13981600
2025-07-08,493.2997134401056,494.25212791462184,490.1945116420166,492.68463134765625,11846600
2025-07-09,496.3354652236218,502.76412671878114,495.77990524850594,499.5200500488281,18659500
2025-07-10,499.0637004891913,500.4427003321828,493.80571105535574,497.50616455078125,16492100
2025-07-11,494.51996982276876,501.0279839194423,493.85526578992295,499.33154296875,16459500
2025-07-14,497.5458219138798,499.9764196247383,497.0597144820079,499.033935546875,12058800
2025-07-15,499.03393728805895,504.2720960834484,498.80577924001653,501.811767578125,14927200
2025-07-16,501.1768265275145,502.70463167926073,497.9129190668174,501.61334228515625,15154400
2025-07-17,501.67285674255714,509.3019216630888,501.61333461976557,507.6451721191406,17503100
2025-07-18,510.4030974050004,510.5618634291492,503.40897568442307,506.0082092285156,21209700
2025-07-21,502.69466780228106,508.0320701704435,501.54385636100875,506.01812744140625,14066800
2025-07-22,506.92095727911294,507.1491456054249,501.26611328125,501.26611328125,13868600
2025-07-23,502.7343595827018,502.77405108780124,496.7323137246232,501.861328125,16396600
2025-07-24,504.73833906736274,509.5995039044367,503.27998658866585,506.8316345214844,16107000
2025-07-25,508.409026924469,514.1829150146133,506.3157616392057,509.6392517089844,19125700
2025-07-28,510.0063394772861,510.91903225038106,506.0776975472671,508.4388427734375,14308000
2025-07-29,511.4448362580723,513.5182406496896,507.50626407616875,508.5082702636719,16469200
2025-07-30,511.08764202727673,511.86149016920456,505.4030674134904,509.1729431152344,26380400
2025-07-31,550.8301225339796,551.0484106553389,527.6850421089878,529.2723388671875,51617300
2025-08-01,530.7605061500977,531.5541546097426,516.7325410439772,519.956787109375,28977600
2025-08-04,524.0838536533402,533.9847498429226,523.9449485218581,531.3954467773438,25349000
2025-08-05,532.9232605080902,533.0423047576313,523.0620248277625,523.5679931640625,19171600
2025-08-06,526.6930052823053,527.4866537198485,519.8774501718309,520.7802124023438,21355700
2025-08-07,522.6254396329194,523.9052559727172,513.4487398823029,516.7127075195312,16079100
2025-08-08,518.4587582353118,520.502431840537,515.2940341981842,517.9031982421875,15531000
2025-08-11,518.1612057268388,523.4093257403006,515.6016330725902,517.6354370117188,20194400
2025-08-12,519.5997169841131,526.7724058726347,518.5580494708657,525.0462036132812,18667000
2025-08-13,527.8934364066101,528.4787877679453,515.2544004746543,516.454833984375,19619200
2025-08-14,518.4190436500928,521.7821945996749,516.0182375574066,518.3396606445312,20269100
2025-08-15,518.627406652342,521.9309749680182,514.9666450837208,516.0479736328125,25213300
2025-08-18,517.4567900842618,518.6770238166106,509.9467697824549,513.0023193359375,23760600
2025-08-19,510.91900524319027,511.0777107186651,504.5201046206217,505.7304382324219,21481000
2025-08-20,505.829663283555,506.9507137373093,500.4426991689255,501.7125549316406,27723000
2025-08-21,500.5201238427197,504.4353306174317,499.5562271428435,501.066650390625,18443300
2025-08-22,501.07655468445085,507.51578439064156,499.248138173549,504.0378112792969,24324200
2025-08-25,503.44159720621536,504.9917771303553,500.9473838488724,501.0865173339844,21638600
2025-08-26,501.18583887731603,501.8019624337255,495.37267961289456,498.8804626464844,30835700
2025-08-27,498.8407434548062,504.09746017877256,496.75395340313815,503.5509033203125,17277900
2025-08-28,503.89867767213724,507.87350408410515,502.3186878124423,506.4326477050781,18015600
2025-08-29,505.458793364042,506.39287997665497,501.3150235761296,503.5011901855469,20961600
2025-09-02,497.32034095368414,502.81553721257154,493.68337117589067,501.9410705566406,18128000
2025-09-03,500.6194673133705,504.5942937991858,499.1587173668126,502.1696472167969,16345100
2025-09-04,501.1262158347851,504.95199223037696,499.983459333639,504.77313232421875,15509500
2025-09-05,505.86622472604114,508.74796779288187,489.27131242222254,491.884765625,31994800
2025-09-08,494.97517595073856,498.04575600626316,491.91457299081776,495.06463623046875,16771000
2025-09-09,498.27429847652155,499.0891451753406,494.5677922273047,495.2733154296875,14410500
2025-09-10,499.81456783685906,500.06299449245154,493.5939546766565,497.2209777832031,21611800
2025-09-11,499.08915061774627,500.00337405269875,494.7466575341409,497.8569641113281,18881600
2025-09-12,503.4614629424367,509.32432605160386,500.67909648146514,506.6910095214844,23624900
2025-09-15,505.58800862213144,512.2259313574772,503.80926524972944,512.1166381835938,17143800
2025-09-16,513.6271130220401,513.9748860992247,505.39922293408733,505.8364562988281,19711900
2025-09-17,507.4064717390096,508.07226852063866,502.74598524416496,506.81024169921875,15816600
2025-09-18,508.270998935228,509.84107240669834,504.4651158521554,505.2501525878906,18913700
2025-09-19,507.34691829589656,516.0319056285313,507.09849160720086,514.6705322265625,52474100
2025-09-22,512.3452424901319,514.48167541423,509.3143886623668,511.21240234375,20009300
2025-09-23,510.56645428814153,511.35152134239047,504.1173079645634,506.0252380371094,19799600
2025-09-24,507.16798604562155,509.2547456727144,503.72976965544393,506.9394226074219,13533700
2025-09-25,505.1010467430239,506.8003068435259,501.8615838862597,503.83905029296875,15786500
2025-09-26,506.849997214163,510.70558375978015,503.4316440082871,508.2411804199219,16213100
2025-09-29,508.28089264453985,513.5971983462931,505.6773863749633,511.3613586425781,17617800
2025-09-30,510.0099885223437,514.8990082310244,506.45253207823936,514.6903686523438,19728200
2025-10-01,511.5600762745242,517.2341620265153,508.4696637232757,516.439208984375,22632300
2025-10-02,514.3823296081488,518.3173691617891,507.4661094259624,512.4942626953125,21222900
2025-10-03,513.8456285403139,517.2143082734997,511.75886906280147,514.0940551757812,15112300
2025-10-06,515.3461902238155,527.6880704621805,514.9387971845453,525.2435302734375,21388600
2025-10-07,524.9652461341774,526.4657528279373,518.1583800775612,520.682373046875,14615200
2025-10-08,519.9867481874902,523.6336339322414,519.7979415330736,521.5468139648438,13363400
2025-10-09,519.0526847229869,521.0301509722098,514.143772141299,519.1123046875,18343600
2025-10-10,516.3697201998212,520.2849266906686,506.42270727517143,507.74432373046875,24133800
2025-10-13,513.1600134586593,513.1600134586593,508.45980051307464,510.81488037109375,14284200
2025-10-14,507.01894463812107,512.0371813139038,502.8155546768959,510.3379211425781,14684300
2025-10-15,511.71919177145384,513.93513816427,506.7903850161382,510.19879150390625,14694700
2025-10-16,509.35418580491137,513.5972720757079,504.93217895922305,508.3902587890625,15559600
2025-10-17,505.8364332653001,512.235876086287,504.1173098719632,510.3478698730469,19867800
2025-10-20,511.3713853844849,515.4356724346321,510.1988187679518,513.5376586914062,14665600
2025-10-21,514.2431942660954,515.4257076122852,509.81124074780416,514.4021606445312,15586200
2025-10-22,517.8702452376143,521.9245247034462,514.4518919333965,517.2640380859375,18962700
2025-10-23,519.1719411998674,520.6525542416625,515.3461346267313,517.2838745117188,14023500
2025-10-24,519.4997896375017,522.0436758041421,517.4329238246899,520.3146362304688,15532400
2025-10-27,528.4333612309177,531.2157277722118,525.6807743511338,528.1749877929688,18734700
2025-10-28,546.5385938392855,550.2351530342114,537.3667019364588,538.6585083007812,29986700
2025-10-29,541.5104645203966,542.8321112501552,533.3521116884923,538.1417846679688,36023000
2025-10-30,527.1414993194383,531.6032326010347,518.834126044735,522.4512329101562,41023100
2025-10-31,525.5515477587454,525.9887810857076,511.85824179468614,514.5512084960938,34006400
2025-11-03,516.5385956979154,521.6562086548496,511.3514766558802,513.776123046875,22374700
2025-11-04,508.53933673798264,512.3054631947169,504.64399323613884,511.0931701660156,20958700
2025-11-05,510.06960470137113,511.5900049686576,503.39189488693165,503.96826171875,23024300
2025-11-06,502.47768369906356,502.51744045426454,492.6896676102462,493.9715576171875,27406500
2025-11-07,493.8225155697467,496.2372153715257,490.1457889557352,493.6933288574219,24019800
2025-11-10,496.8930687697553,503.66020845333964,495.66085193460816,502.8155517578125,26101500
2025-11-11,501.62311202080633,506.39292220487647,499.1885488885237,505.47869873046875,17980000
2025-11-12,506.1543908722183,508.4498810705414,495.9788447581273,507.9232177734375,26574900
2025-11-13,507.09842927280135,510.2683558569415,498.13520636364063,500.12261962890625,25273100
2025-11-14,495.0944623167857,508.38031503091224,494.30942559248354,506.96923828125,28505700
2025-11-17,505.2501227292945,508.8970088955905,501.7323929449627,504.296142578125,19092800
2025-11-18,492.2524466910109,499.8145698875434,483.71651040889276,490.6824035644531,33815100
2025-11-19,487.0156083775533,492.0735713081103,479.79134202204426,484.0543518066406,23245300
2025-11-20,490.525525238351,491.38172816347884,473.39183555424523,476.308837890625,26802500
2025-11-21,476.3785437287191,476.796695003642,466.19388806310616,470.0268249511719,31769200
2025-11-24,472.8940649877621,474.7856351712577,465.94500021095376,471.89849853515625,34421000
2025-11-25,471.9681767111092,477.0256407210385,462.82888433135173,474.8752136230469,28019800
2025-11-26,484.1539406114854,486.14507360501653,479.06661039650686,483.3475341796875,25709100
2025-11-28,485.4382224868377,490.44592067381114,484.49242217644115,489.82867431640625,14386700
2025-12-01,486.27447583839387,487.68816317334665,482.5012705124726,484.5820007324219,23964000
2025-12-02,484.56211884124775,491.312058367048,484.16389832530854,487.82757568359375,19562700
2025-12-03,474.2082166599713,482.09308589504883,473.0931871020635,475.6119689941406,34615100
2025-12-04,477.6329924690825,479.1860737742951,474.377470578239,478.70819091796875,22318200
2025-12-05,480.3807061976695,481.2568095233099,476.7568601661199,481.01788330078125,22608700
2025-12-08,482.74025101921535,490.11737199051475,482.2325023858298,488.8430480957031,21965900
2025-12-09,486.93155551686203,489.93815525049575,486.33420957194573,489.8385925292969,14696100
2025-12-10,481.88404333185355,482.10306917330496,472.9737111601482,476.43829345703125,35756200
2025-12-11,474.51683677020293,483.8751552220924,473.750231167373,481.3265075683594,24669200
2025-12-12,477.69270598810584,480.31105063829824,474.22812377070755,476.4084167480469,21248100
2025-12-15,477.97146396596463,478.588710310573,470.42505317808707,472.7148742675781,23727700
2025-12-16,469.8177748762136,475.7712732838117,468.79234263095657,474.2779235839844,20705600
2025-12-17,474.79560024235434,477.8718969329872,472.8940646732686,474.00909423828125,24527200
2025-12-18,476.06992080908344,487.4293375934554,475.7712630284666,481.8342590332031,28573500
2025-12-19,485.1992432324443,485.68709144559693,480.35083955461556,483.7656555175781,70836100
2025-12-22,483.9647726311972,486.5632169440421,480.5499868948874,482.7701110839844,16963000
2025-12-23,482.8298239351052,485.66716398872717,482.59086732909867,484.6915283203125,14683600
2025-12-24,483.5267014178325,486.99128356758627,482.680463867149,485.8563232421875,5855900
2025-12-26,484.5521325365998,485.9558848600665,483.8054577080926,485.5476989746094,8842200
2025-12-29,482.71034015280554,486.1848877649252,482.0333622504328,484.9404296875,10893400
2025-12-30,483.77557941756965,487.5089534635432,483.3474931520442,485.3187255859375,13944500
2025-12-31,485.6771523949816,485.97584057107747,481.15727202744546,481.4758605957031,15601600
2026-01-02,482.24244872265706,482.5112407273309,468.07552715971417,470.84320068359375,25571600
2026-01-05,471.95825856508776,473.9593569778809,467.4184776979013,470.7536315917969,25250300
2026-01-06,471.69937935780575,476.617480129593,467.6673473241013,476.3885192871094,23037700
2026-01-07,477.63296458601815,487.5288974221053,475.83099176167434,481.3265075683594,25564200
2026-01-08,479.10639276886474,480.5201105081445,473.7502403609407,475.9902648925781,18162600
2026-01-09,471.9582322108041,477.6927047258898,470.106493184136,477.15509033203125,18491000
2026-01-12,474.5566738594685,478.85749783991434,473.57104241242143,475.06439208984375,23519900
2026-01-13,472.57548334410274,473.6706125344443,463.88420753037366,468.5832824707031,28545800
2026-01-14,464.3919198839424,466.1242261748137,455.1431293963808,457.34332275390625,28184300
2026-01-15,462.062293141988,462.19172164087615,453.8787357567712,454.6353759765625,23225800
2026-01-16,455.8001683410004,461.1364202404358,454.45617795729186,457.8211669921875,34246700
2026-01-20,449.2195254560932,454.77477325819245,447.2881239806389,452.5048828125,26130000
2026-01-21,450.5934019351739,450.6829992738946,436.7351029497524,442.1410217285156,37980500
2026-01-22,445.6354487179439,450.8323067932568,442.7284117030413,449.1398620605469,25349400
2026-01-23,449.8665935761158,469.01134678020316,448.5325382185013,463.8841857910156,38000200
2026-01-26,463.2470406576191,472.1474075016215,459.9517180089597,468.19500732421875,29291200
2026-01-27,471.5998386603028,480.72916597612596,471.0622242712429,478.4493103027344,29213900
2026-01-28,481.06767161592717,481.59532063648624,475.8807787479093,479.49468994140625,36875400
2026-01-29,438.0392806211351,440.5381621786467,419.1533835040837,431.57806396484375,128855300
2026-01-30,437.2229597325442,437.65104604221966,424.5593524472701,428.38232421875,58566800
2026-02-02,428.33251789753194,428.8303011436502,420.37795134689077,421.49298095703125,42219900
2026-02-03,420.1390072256922,420.178808008447,406.7486263222299,409.3868713378906,61424100
2026-02-04,409.1778088233149,417.9387813848693,407.4256021580933,412.3536682128906,45012400
2026-02-05,405.6335909812077,406.4897635323938,390.5806313349955,391.9246520996094,66289200
2026-02-06,397.4002746193236,400.0086538663787,391.17798428483076,399.3615417480469,53515300
2026-02-09,403.0550898097971,413.05058563481117,399.0927243377603,411.76629638671875,45480500
2026-02-10,417.75959730190846,421.80159473973595,410.8702943432265,411.437744140625,44857900
2026-02-11,414.3348470778888,414.61360447479314,399.23212070980424,402.57720947265625,42491000
2026-02-12,403.20440420967,404.3990960787573,396.24540458526855,400.05841064453125,40802400
2026-02-13,402.65686886295305,403.7420326637702,396.2852191820681,399.5407409667969,34091600
2026-02-17,397.45004705087115,398.7442713079252,392.78083787972264,395.1004943847656,32078800
2026-02-18,396.3648852083561,400.77523739702553,394.5629123207548,397.828369140625,23223400
2026-02-19,399.82403795970674,403.55594539020564,395.8127368785549,397.5988464355469,28234000
2026-02-20,395.2539159508346,399.2552593187824,394.3059873534157,396.37152099609375,34015200
2026-02-23,394.14630950985264,394.50551684604494,382.27203437696886,383.6390686035156,43238300
2026-02-24,383.30981969967445,388.5185091169527,380.88504821898124,388.1593017578125,33884700
2026-02-25,389.68597856263057,400.60233728073825,389.31678308531696,399.7342224121094,43625500
2026-02-26,403.8353349281015,406.6093255926281,397.8782360341113,400.851806640625,34405900
2026-02-27,390.03523926255787,395.9624042352165,389.0374004516944,391.8912048339844,51367200
2026-03-02,392.01092411942045,400.32293811697235,389.78576315389057,397.6886291503906,35474900
2026-03-03,392.2903484387299,405.82103971635513,391.82136299902305,403.0570068359375,38199200
2026-03-04,400.4027502952161,410.14166638677375,399.44483360720756,404.32427978515625,35808000
2026-03-05,403.54596943015656,410.72040218284053,403.525993165685,409.79241943359375,39001300
2026-03-06,408.31564337314285,412.1572983375802,407.6271321747383,408.0761413574219,31123900
2026-03-09,404.044890641513,409.3234358422322,402.62794618065146,408.5251770019531,30131900
2026-03-10,409.1438479339772,409.31349393117443,402.05918625996463,404.8830871582031,31706400
2026-03-11,404.6934855668013,408.1260534422115,400.7220762180728,404.0049743652344,25512100
2026-03-12,403.7555185610488,405.2422886286942,400.84181586601125,400.9914855957031,27263900
2026-03-13,400.13336309353434,403.9251383935716,393.3979511212616,394.69512939453125,26848000
2026-03-16,397.209690545171,399.7641553863696,393.9367805641587,399.08563232421875,27733700
2026-03-17,399.4049101655112,403.5259891234105,396.8903674487218,398.5467834472656,26228300
2026-03-18,396.271723303423,397.13983817793417,390.1549666521916,390.9432678222656,25908500
2026-03-19,389.2569126674818,391.6417315076428,386.2234742615233,388.1792297363281,25138800
2026-03-20,385.95408868282834,386.16362631018524,379.29849030352204,381.0447082519531,50853200
2026-03-23,383.07032058481127,386.3731646745857,380.85511716508233,382.1722717285156,29680100
2026-03-24,381.53362193174286,381.6434000325674,371.04635704379217,371.9344177246094,42733600
2026-03-25,376.10542586510894,376.2451074667104,368.831172255135,370.2381286621094,31181200
2026-03-26,370.01860155518807,373.9101668945663,364.4007640805619,365.1790771484375,36836600
2026-03-27,361.11784971721505,361.6666793192034,355.73951450811694,355.9989318847656,37883400
2026-03-30,361.1178525849577,364.5703662773937,355.51000344849933,358.1842041015625,44797000
2026-03-31,363.7621155862403,372.09407550142714,362.28533367877645,369.3699951171875,45244400
2026-04-01,372.682807332766,373.1817267376728,367.4042619540212,368.57171630859375,29417200
2026-04-02,366.41637016886637,372.83249667260446,363.3629859357669,372.6528625488281,24099100
2026-04-06,372.682794233078,372.92229624611906,368.70142726638517,372.0741271972656,16146600
2026-04-07,369.5396147715723,371.64507045865594,365.7677853538718,371.48541259765625,21443300
2026-04-08,384.148004001906,384.167949815935,370.6073237610428,373.52099609375,33064800
2026-04-09,371.6949574789129,372.6927962909368,366.2567237727329,372.26373291015625,30435300
2026-04-10,372.17393720824543,374.8281921461914,369.23030048358606,370.0684814453125,28111100
2026-04-13,372.8025510733858,383.70895264062807,370.2181521550117,383.539306640625,35745800
2026-04-14,387.0816509997633,393.83700889302276,385.684652281273,392.2604064941406,37504500
2026-04-15,397.1398382929036,413.47445440771634,395.8725939925935,410.3312683105469,45063400
2026-04-16,418.95258572248235,419.9105328997013,411.2492993874727,419.35174560546875,41642400
2026-04-17,423.9018933176335,430.64726300981,419.78081413338697,421.87628173828125,48568200
2026-04-20,420.2398034863272,422.4150847565369,415.40027922801784,417.1664733886719,27582200
2026-04-21,419.33177508554746,426.25677891783357,416.2983670043314,423.2433166503906,32048500
2026-04-22,425.2689090952171,432.7626880248645,422.7543663498755,431.984375,29378200
2026-04-23,418.9825380949446,422.7443793162959,410.5208543154444,414.8514709472656,38308000
2026-04-24,416.0688403922519,424.0316048781353,414.9013556123021,423.7023010253906,27457400
2026-04-27,421.46715688013995,426.1869149113369,416.1686352924954,423.9018859863281,30867300
2026-04-28,423.6524179624475,428.99086152362304,420.9881750222059,428.3222961425781,30438100
2026-04-29,423.6623688360089,425.8975483734993,419.38166246548025,423.5426330566406,38288300
2026-04-30,409.92216255995794,413.5243765293071,397.1498378648014,406.8987121582031,70909400
2026-05-01,411.9078412872606,416.2085240460113,409.5529563541748,413.5443115234375,31372400
2026-05-04,410.6505829404435,419.87060358807366,409.91216153093814,412.72607421875,28066500
2026-05-05,414.42242364358015,415.8792597859335,407.916495085617,410.4909362792969,25700900
2026-05-06,407.11822745622237,417.51572107575487,404.23445872829495,413.0653381347656,30285900
2026-05-07,419.2020489501835,427.05506598481406,417.8549909144547,419.8606262207031,34942400
2026-05-08,416.48795292910256,417.7252633012779,413.105264767488,414.22283935546875,33383800
2026-05-11,406.9885016374445,411.79809190456297,404.6236285818644,411.7681579589844,35657900
2026-05-12,413.58422243338293,414.6020070114768,405.76117016707224,406.8887023925781,38594200
2026-05-13,402.3286237155428,405.4318878236479,400.1633000811369,404.3342590332031,29667100
2026-05-14,403.6058516736889,410.94993067744383,400.013625877668,408.5451354980469,27077500
2026-05-15,413.3746572242232,427.24464052002446,412.01761111071977,421.0081481933594,50771200
2026-05-18,415.71960624154525,424.2012362508279,414.7117792841577,422.6246643066406,32564100
2026-05-19,428.9708919761278,431.7648588737268,415.58987007798993,416.51788330078125,33018700
2026-05-20,413.2749005432513,421.18775475321456,410.4110776678385,420.1499938964844,27864000
2026-05-21,424.75,426.3399963378906,415.7099914550781,419.0899963378906,31393500
2026-05-22,419.5400085449219,424.3999938964844,416.3299865722656,418.57000732421875,22390300
2026-05-26,416.42999267578125,419.7699890136719,413.0199890136719,416.0299987792969,30398000
2026-05-27,411.010009765625,415.94000244140625,409.5799865722656,412.6700134277344,28901500
2026-05-28,412.9800109863281,429.489990234375,412.6700134277344,426.989990234375,47250500
2026-05-29,432.54998779296875,450.3299865722656,432.3599853515625,450.239990234375,79654400
2026-06-01,464.8399963378906,466.32000732421875,458.2699890136719,460.5199890136719,53628900
2026-06-02,446.8800048828125,453.5,440.42999267578125,441.30999755859375,37036800
2026-06-03,438.45001220703125,440.3900146484375,424.25,427.3399963378906,39037000
2026-06-04,435.80999755859375,436.1499938964844,426.4100036621094,428.04998779296875,26899500
2026-06-05,428.3399963378906,429.4700012207031,414.3999938964844,416.6700134277344,34782200
2026-06-08,414.1400146484375,417.1600036621094,408.55999755859375,411.739990234375,32086700
2026-06-09,409.0299987792969,411.9800109863281,398.4800109863281,403.4100036621094,35317300
2026-06-10,398.54998779296875,405.0400085449219,397.1600036621094,397.3599853515625,32576000
2026-06-11,395.2099914550781,396.8500061035156,384.0,390.3399963378906,47224100
2026-06-12,391.42999267578125,391.739990234375,382.2699890136719,390.739990234375,34865800
2026-06-15,396.79998779296875,401.75,392.8500061035156,399.760009765625,32266400
2026-06-16,395.7900085449219,396.8399963378906,390.69000244140625,393.8299865722656,31506800
2026-06-17,390.25,390.3699951171875,377.32000732421875,378.9100036621094,41987800
2026-06-18,377.82000732421875,381.3699951171875,373.2799987792969,379.3999938964844,59714200
2026-06-22,375.739990234375,381.6300048828125,367.07000732421875,367.3399963378906,45171100
2026-06-23,372.3800048828125,377.2200012207031,370.6700134277344,373.94000244140625,40647600
2026-06-24,371.57000732421875,378.8800048828125,364.7799987792969,365.4599914550781,44509900
2026-06-25,362.7699890136719,364.2300109863281,349.20001220703125,352.8299865722656,66179000
2026-06-26,357.1499938964844,376.6099853515625,355.42999267578125,372.9700012207031,186201600
2026-06-29,377.5,380.5,359.8999938964844,368.57000732421875,51229900
2026-06-30,371.0299987792969,374.1499938964844,367.45001220703125,373.0199890136719,44945700
2026-07-01,380.8299865722656,388.8299865722656,374.8900146484375,384.2799987792969,48065800
2026-07-02,384.4800109863281,392.20001220703125,383.70001220703125,390.489990234375,42128900
2026-07-06,387.0400085449219,389.1499938964844,381.2200012207031,386.739990234375,34224500
2026-07-07,392.489990234375,395.57000732421875,388.2200012207031,388.8399963378906,29297500
2026-07-08,384.0299987792969,385.30999755859375,381.3299865722656,383.3399963378906,25908300
2026-07-09,374.45001220703125,384.6499938964844,373.3500061035156,384.3599853515625,31083200
2026-07-10,387.79998779296875,391.9100036621094,381.5,385.1000061035156,24644600
2026-07-13,387.75,393.6499938964844,384.1499938964844,390.989990234375,28914900
2026-07-14,382.82000732421875,388.19000244140625,378.6499938964844,384.92999267578125,27863900
2026-07-15,387.79998779296875,398.9599914550781,386.3999938964844,395.6300048828125,36253700
2026-07-16,398.30999755859375,405.989990234375,392.04998779296875,401.1000061035156,37047400
2026-07-17,394.8599853515625,398.3900146484375,389.3900146484375,393.82000732421875,33049800
2026-07-20,391.4100036621094,403.17999267578125,389.6499938964844,402.2900085449219,27915800
2026-07-21,398.80999755859375,401.4700012207031,396.32000732421875,397.75,24126600
2026-07-22,399.5799865722656,401.0,386.9599914550781,390.3399963378906,28142500
