Date,Open,High,Low,Close,Volume
2021-07-23,19.58825093515204,19.632099901866404,19.183650176394146,19.490589141845703,195672000
2021-07-26,19.244436793032506,19.374983858977348,18.848803969588506,19.227495193481445,203943000
2021-07-27,19.198591207828677,19.554360946532352,18.676397315586588,19.141788482666016,248863000
2021-07-28,19.25241185691331,19.5782844245796,18.929529207405572,19.43577766418457,202191000
2021-07-29,19.451720092622526,19.78457038148823,19.261378455641132,19.594228744506836,190781000
2021-07-30,19.351065420539463,19.562334550057216,19.19660092206327,19.431787490844727,183497000
2021-08-02,19.632097922483993,19.892197976723832,19.29426570330478,19.68192481994629,217444000
2021-08-03,19.671958043759762,20.152296989603176,19.153749973523123,19.746700286865234,301811000
2021-08-04,19.9210953580706,20.247965779199756,19.759653109158858,20.204116821289062,231309000
2021-08-05,20.429337660982515,20.661534325497566,20.271881335250495,20.56586456298828,211435000
2021-08-06,20.4532498183851,20.499090775757196,20.14033115979174,20.295793533325195,178497000
2021-08-09,20.37552859826347,20.437315178631003,20.073573440120185,20.22504997253418,146443000
2021-08-10,20.251948145392625,20.3595756588384,19.76662547826804,19.867279052734375,179238000
2021-08-11,19.973913844041807,19.979893679889088,19.363027803581907,19.631099700927734,185925000
2021-08-12,19.801508432244812,19.959958849718042,19.552370188713052,19.836387634277344,151652000
2021-08-13,19.836392233443082,20.144327189050774,19.78257750881628,20.11841583251953,183063000
2021-08-16,20.0655949890892,20.21707147166275,19.385944729446937,19.88123321533203,210876000
2021-08-17,19.617143152947893,19.701851137196797,19.200584773858555,19.390926361083984,204585000
2021-08-18,19.432782492944614,19.566321363540087,18.934506018766548,18.974369049072266,285913000
2021-08-19,19.42680621302626,20.424357250217014,18.69732897160498,19.729759216308594,766555000
2021-08-20,19.922086779630092,20.793074497439452,19.86428805383606,20.744243621826172,675741000
2021-08-23,20.89871354691562,21.921175993171637,20.877786025238045,21.88231086730957,575807000
2021-08-24,21.678021018612597,21.883310344893474,21.46077202046187,21.71788215637207,297299000
2021-08-25,21.662071688084197,22.392544826376568,21.64712400159845,22.136430740356445,347701000
2021-08-26,22.123473040488136,22.262989824998456,21.714886542330508,21.991928100585938,237940000
2021-08-27,22.10753410004748,22.643679777066232,22.090592499579266,22.55797576904297,304722000
2021-08-30,22.751303423762153,22.963568544992565,22.47326582404602,22.609792709350586,262580000
2021-08-31,22.620760614168464,22.620760614168464,22.047642674505877,22.31177520751953,259850000
2021-09-01,22.411444728207552,22.622751099548815,22.28386320003959,22.36758804321289,201767000
2021-09-02,22.444337387679806,22.51909280352411,22.222067304803737,22.322736740112305,187834000
2021-09-03,22.251971049959415,22.910808082103483,22.127379950913973,22.76827621459961,280532000
2021-09-07,22.75831364794815,22.824097747341785,22.448330104829648,22.587873458862305,198107000
2021-09-08,22.439355044930288,22.53603785625392,21.905107228441466,22.26592445373535,254434000
2021-09-09,22.23901265299159,22.464273188352024,22.058604988452572,22.104454040527344,196856000
2021-09-10,22.274896532355616,22.551987038677307,22.197152562012025,22.40447235107422,248376000
2021-09-13,22.60979183386128,22.888876529423555,21.786493788006073,22.079532623291016,297500000
2021-09-14,22.202132041411108,22.336690647857136,22.013751133052175,22.169240951538086,199755000
2021-09-15,22.236022722228473,22.29383355511717,21.894144334606132,22.26791763305664,166538000
2021-09-16,22.11043394136282,22.204126304937887,21.855270869830687,22.169240951538086,156033000
2021-09-17,22.227052672404977,22.247983887075033,21.758590795663608,21.82836151123047,294503000
2021-09-20,21.076824957284188,21.362886747600268,20.594409012672557,21.043933868408203,349440000
2021-09-21,21.3469404733302,21.35491372577289,20.88146906785273,21.17650032043457,204688000
2021-09-22,21.296106638649068,21.888163405452396,21.12666266761119,21.869226455688477,268726000
2021-09-23,22.067572722802016,22.461281014018834,21.818390548782627,22.40845489501953,248555000
2021-09-24,21.997802477816837,22.076544517927047,21.78948654099759,22.008766174316406,217655000
2021-09-27,21.638981339967028,21.7276909027937,21.255242424863432,21.58914566040039,245215000
2021-09-28,21.144603190689022,21.348932496688196,20.58344330923957,20.63128662109375,343069000
2021-09-29,20.871502966534447,20.94825075454832,20.400048738103138,20.449886322021484,218394000
2021-09-30,20.70006144475727,20.99708693414732,20.620323224212417,20.648231506347656,221009000
2021-10-01,20.682125627897644,20.790768337768267,20.136914012363036,20.674152374267578,240978000
2021-10-04,20.436927789431792,20.474803591708355,19.491032716054217,19.66745376586914,345635000
2021-10-05,19.884743123355076,20.580459878195214,19.78905647587681,20.384103775024414,279282000
2021-10-06,20.054181613694748,20.65221729292301,20.01431155448803,20.63228416442871,297202000
2021-10-07,21.023004241236695,21.252253324633013,20.90339784226503,21.006061553955078,256919000
2021-10-08,21.03197467494621,21.136630744836808,20.707040866525467,20.76285743713379,151258000
2021-10-11,20.507691986086755,20.994094515339803,20.443900274983907,20.62729835510254,163388000
2021-10-12,20.759864289713306,20.988115251158046,20.460846442919173,20.603378295898438,162134000
2021-10-13,20.849575070301597,20.92134005530111,20.645245715278612,20.870506286621094,180652000
2021-10-14,21.21836559694219,21.68383706493013,21.052908229325823,21.674867630004883,243589000
2021-10-15,21.738651631224155,21.859256088546132,21.591136975232704,21.790481567382812,226994000
2021-10-18,21.677849359799563,22.218076040884817,21.573191419242615,22.149301528930664,189494000
2021-10-19,22.20313265408627,22.305796372358465,21.964916022213767,22.21708869934082,161473000
2021-10-20,22.232037672694034,22.359619226163996,21.91009429442329,22.030698776245117,146276000
2021-10-21,22.024714435687386,22.63670618326787,22.010760294577082,22.617767333984375,187590000
2021-10-22,22.748343744609,23.054338727467037,22.487201638503425,22.651660919189453,249384000
2021-10-25,22.897850050486433,23.27860041757706,22.69551498837549,23.090219497680664,230235000
2021-10-26,23.910525487792796,25.176371413393948,23.845737588941468,24.63614273071289,485898000
2021-10-27,24.39394484368864,25.00792909100821,24.202571550095367,24.37101936340332,245990000
2021-10-28,24.79662140845552,24.868386389920456,24.442783111276334,24.85941505432129,234204000
2021-10-29,24.91921376694326,25.62489787147844,24.91821758575926,25.483362197875977,292503000
2021-11-01,25.565094542912135,25.80929200930688,25.144474150231424,25.742511749267578,265740000
2021-11-02,25.73753168250349,26.590730535065173,25.715602386475727,26.31463623046875,294112000
2021-11-03,26.582757025267508,26.696384427226477,26.14918053197211,26.5109920501709,239910000
2021-11-04,27.139925507145282,31.2623950368217,27.029288562062703,29.70351219177246,1153631000
2021-11-05,30.0882451975885,31.297276282190033,29.313786683628845,29.6546688079834,851260000
2021-11-08,30.05037569360793,30.998264961741995,29.809166754618374,30.70323371887207,503101000
2021-11-09,32.17639722764453,32.20430550943804,29.86597932140083,30.556711196899414,646746000
2021-11-10,29.259972850188642,30.749085226450433,28.683862559196594,29.362634658813477,636206000
2021-11-11,30.368334246239346,30.489934904320453,29.679594643475284,30.29058837890625,332172000
2021-11-12,29.911832261950494,30.579640650645906,29.53307424388538,30.29058837890625,413054000
2021-11-15,30.45205912496515,30.543757233968925,29.151327703396426,29.926782608032227,384909000
2021-11-16,29.66165441463244,30.29058893056083,29.60882638673667,30.10420036315918,264484000
2021-11-17,30.31849611458015,30.409199941675634,28.705788874793846,29.165281295776367,428508000
2021-11-18,32.26112015873358,32.65283230814321,31.21854045241291,31.571382522583008,781711000
2021-11-19,32.137524780788404,32.97976178244582,31.800631120790957,32.877098083496094,533867000
2021-11-22,33.40735381658586,34.533658301488515,31.795644847195604,31.85146141052246,754335000
2021-11-23,31.431840673643133,32.25414264484403,30.77898266433961,31.64215087890625,532163000
2021-11-24,31.358084433513884,32.74752344863697,30.82682705345173,32.567115783691406,435162000
2021-11-26,32.493355877058754,32.60299664841291,31.2474468349952,31.399946212768555,283069000
2021-11-29,32.26012831114146,33.30270435529742,31.93120595307024,33.266822814941406,454964000
2021-11-30,33.06049435573746,33.24389436052743,31.759764944757165,32.56910705566406,622066000
2021-12-01,33.114388375070114,33.184167626613956,31.281177159177126,31.33600425720215,484368000
2021-12-02,31.11570313644076,32.375722550194084,30.9272972457991,32.02482986450195,472890000
2021-12-03,31.899227266863253,32.027822639120906,30.035115336865402,30.596343994140625,544325000
2021-12-06,29.78589864714848,30.145761817550646,27.949700565814876,29.942405700683594,658938000
2021-12-07,30.859510618013076,32.346812573827144,30.55447261848209,32.32487869262695,593053000
2021-12-08,31.898228375722542,32.18831231520401,31.32204761084049,31.725772857666016,475551000
2021-12-09,31.63405989309718,32.103579151197884,30.332173100678283,30.393978118896484,488507000
2021-12-10,31.051901151200305,31.206413705262143,29.766960947879433,30.1028995513916,488825000
2021-12-13,30.15373687601913,30.198595232835125,28.027453044551194,28.072311401367188,598344000
2021-12-14,27.611769480974516,28.587686497132797,27.16418406880267,28.247760772705078,667035000
2021-12-15,28.31056319651723,30.403950320139508,27.750332756169268,30.363079071044922,698297000
2021-12-16,31.053897441434426,31.061871670056004,28.004530741243016,28.297603607177734,707366000
2021-12-17,27.896870039197612,28.830919505652275,27.67257823059536,27.713449478149414,713758000
2021-12-20,27.219006704178227,28.055363179496755,27.05951075579136,27.631702423095703,461847000
2021-12-21,28.284645850680768,29.028296854991318,27.31470852270142,28.98343849182129,524385000
2021-12-22,28.800013421604074,29.461921824667396,28.359404087389027,29.307409286499023,395184000
2021-12-23,29.66129326312554,29.964336743268632,29.33831421297981,29.546655654907227,343022000
2021-12-27,29.566594412321887,30.98910054168439,29.546656940110104,30.84754753112793,403686000
2021-12-28,31.213397022368422,31.23133998950772,29.917489654776272,30.22651481628418,420591000
2021-12-29,30.177663603854032,30.451797181054715,29.273518478931255,29.906518936157227,343139000
2021-12-30,29.733064791719407,30.361081782631796,29.446969894859603,29.49282455444336,308864000
2021-12-31,29.58055069803875,29.935430483532848,29.23863045980728,29.318378448486328,266530000
2022-01-03,29.7211098062086,30.61428811203806,29.691203595037003,30.026145935058594,391547000
2022-01-04,30.18165478340745,30.372053287940535,28.25972677192673,29.197763442993164,527154000
2022-01-05,28.857830469478007,29.323360707048195,27.44629140730359,27.517066955566406,498064000
2022-01-06,27.55295802996534,28.348445375941616,26.97976990821359,28.089263916015625,454186000
2022-01-07,28.052379478532124,28.332494693927416,26.971791660779605,27.16119384765625,409939000
2022-01-10,26.49729382964366,27.38249793831708,25.563244238566337,27.3137149810791,594681000
2022-01-11,27.23695493896439,27.97661882621992,26.754479886883722,27.729398727416992,404089000
2022-01-12,27.97861047249407,28.50494756627951,27.52105632637495,27.910825729370117,383413000
2022-01-13,28.289629905928102,28.39031167418518,26.41455294503116,26.49131202697754,540171000
2022-01-14,26.21717454542164,27.11135095047714,26.127457823826212,26.857152938842773,395832000
2022-01-18,26.177302480368454,26.554112344866216,25.688845811972694,25.821426391601562,424270000
2022-01-19,25.996872119985937,26.459409683048193,24.97310593684919,24.98805809020996,488315000
2022-01-20,25.224317030343393,25.49845065849649,24.00217604422895,24.073949813842773,435181000
2022-01-21,23.43297273498428,24.744828429105826,23.18974164646766,23.300392150878906,718958000
2022-01-24,22.259678694181396,23.30637129274654,20.82222037714528,23.298397064208984,913982000
2022-01-25,22.47499743870543,22.87074846480711,21.930717378924925,22.25369644165039,664616000
2022-01-26,23.166817365748525,23.981244082392827,22.229776879057887,22.70029067993164,755959000
2022-01-27,23.493781409014357,23.919436763705882,21.606741215717612,21.874895095825195,573353000
2022-01-28,21.942676819297425,22.78601318376408,21.22893211104231,22.768070220947266,543774000
2022-01-31,23.10899542114048,24.43181805477135,22.97940564831107,24.408889770507812,564680000
2022-02-01,25.02494354865154,25.065814798100266,23.814765930647102,24.56041145324707,518925000
2022-02-02,25.712771637079914,25.735698020360548,24.475678597564364,25.16250991821289,543419000
2022-02-03,24.38097948355901,24.99802967321124,23.705115075622988,23.87258529663086,410178000
2022-02-04,23.89650525040583,24.557417375083098,23.55757585819483,24.242412567138672,354829000
2022-02-07,24.29524762592509,25.10269624776117,24.125782912567686,24.650127410888672,376868000
2022-02-08,24.282288838178633,25.150546207819467,23.90448265925914,25.0289306640625,410359000
2022-02-09,25.541313315747384,26.64084048931407,25.27316132302811,26.62090301513672,524282000
2022-02-10,25.91313678658992,26.840206412140088,25.519380273324217,25.742673873901367,513200000
2022-02-11,25.834383427476414,26.069640256444483,23.69813270066166,23.873577117919922,605472000
2022-02-14,23.85862884432096,24.796665501968615,23.68019168599295,24.190580368041992,440424000
2022-02-15,24.870431043038703,26.461405654812495,24.705951642944154,26.411563873291016,699869000
2022-02-16,26.176304019794223,26.498286759029188,25.471529825588878,26.427509307861328,732676000
2022-02-17,25.549283587406155,25.70379613633401,24.088899004953028,24.429821014404297,810595000
2022-02-18,24.590314838865833,24.9073141846699,23.027253892651444,23.567546844482422,761255000
2022-02-22,22.96245603840115,23.988214753545286,22.927566415528347,23.31633758544922,633422000
2022-02-23,23.727044613283795,24.078933611616357,22.230771994916,22.316499710083008,566511000
2022-02-24,20.948822381611812,23.725052161803507,20.82421601122137,23.673215866088867,735801000
2022-02-25,23.646297234789348,24.140733592878306,23.30736782876033,24.080923080444336,528866000
2022-02-28,23.916438920744408,24.587319674047645,23.632336666729692,24.30820083618164,477319000
2022-03-01,24.21450233159208,24.3002319386135,23.059151897859554,23.403064727783203,412056000
2022-03-02,23.685222229370265,24.336276568768735,23.345238595457605,24.147838592529297,389642000
2022-03-03,24.189714450005976,24.253524852561736,23.39907779476586,23.643348693847656,365095000
2022-03-04,23.314329501450473,23.609447114971164,22.41501653226553,22.867664337158203,431415000
2022-03-07,22.749022915307926,22.96438091313516,21.266453480055112,21.288387298583984,450821000
2022-03-08,21.24551809708056,22.30634749936782,20.588480936976687,21.449907302856445,557467000
2022-03-09,22.32029806776181,23.15081636408371,22.18071580003234,22.945430755615234,492742000
2022-03-10,22.463875524126543,22.72010983636164,21.816808864999828,22.590497970581055,428066000
2022-03-11,22.953410808497686,23.076045454723392,21.980318734826213,22.03415870666504,367209000
2022-03-14,21.80384262804617,22.195671367540292,21.095958926406958,21.266448974609375,385354000
2022-03-15,21.453891221892214,22.969363152831257,21.25847601527962,22.904556274414062,491996000
2022-03-16,23.42998833057086,24.523720247964146,23.10296639709602,24.42302131652832,671422000
2022-03-17,24.04813783867153,24.767984935801795,23.83477472930563,24.69221305847168,471941000
2022-03-18,24.725114127062692,26.489841079768297,24.550636279337244,26.37418556213379,730719000
2022-03-21,26.42802919116261,27.071108036211722,25.889637069261166,26.65435218811035,591727000
2022-03-22,26.647374967141474,27.156854192669332,25.994327541568634,26.44498062133789,547007000
2022-03-23,26.048163421646912,26.532715564299693,25.498806299804944,25.55763053894043,502120000
2022-03-24,26.088045093021876,28.23562710130492,25.82981594503605,28.066133499145508,877379000
2022-03-25,27.802915490968033,28.27350932502247,27.18974806430795,27.609493255615234,579016000
2022-03-28,27.67330593129394,28.165833619637276,27.124943427788132,28.134925842285156,425494000
2022-03-29,28.60950485138546,28.85975646589663,27.896634994206327,28.570621490478516,488984000
2022-03-30,28.21967492416321,28.411102336887122,27.421060745065915,27.60750389099121,463487000
2022-03-31,27.69922874957192,28.163840001448694,27.188755016987574,27.2047061920166,523440000
2022-04-01,27.29343862106805,27.41407840137785,26.188740006342908,26.632413864135742,517235000
2022-04-04,26.648369216228314,27.475896299662303,26.533712066907064,27.278486251831055,397120000
2022-04-05,27.17279688323679,27.237603749312893,25.743069446541703,25.85373878479004,436615000
2022-04-06,24.859712215391237,25.224620987328382,23.931486259303167,24.33428192138672,703833000
2022-04-07,24.368179386256767,24.64834229932388,23.40804924530621,24.135873794555664,557992000
2022-04-08,23.845742196501757,23.851724837527705,22.99329001527572,23.050119400024414,524781000
2022-04-11,22.147817756385205,22.253500942815894,21.59546745592254,21.851701736450195,575207000
2022-04-12,22.469853150059922,22.657292742627583,21.218591274800133,21.439929962158203,662258000
2022-04-13,21.66326329916609,22.432962530129032,21.39107597210752,22.1368465423584,516943000
2022-04-14,22.437948470033938,22.70913934444599,21.09994772609378,21.194664001464844,569097000
2022-04-18,21.13684014323295,22.02219313271973,21.016200346382977,21.718103408813477,525701000
2022-04-19,21.655288033662476,22.306342402426626,21.250497509099134,22.131864547729492,512781000
2022-04-20,22.449913552276662,22.602457585796717,21.1368379554735,21.417997360229492,468974000
2022-04-21,21.64432421395311,22.3252899842491,19.940416029363888,20.12287139892578,656209000
2022-04-22,20.24251007228569,20.424965416989473,19.441902979823055,19.456857681274414,624713000
2022-04-25,19.144785898892376,19.88557210636069,19.03910273774108,19.842700958251953,641566000
2022-04-26,19.659252706344454,19.729043844449905,18.614374777282016,18.732023239135742,653143000
2022-04-27,18.542593323392335,19.109898429876335,18.235512240679018,18.360139846801758,499460000
2022-04-28,18.910486477885513,19.977299987584416,18.43490842453144,19.723058700561523,570327000
2022-04-29,19.344195296792407,20.06803212955995,18.46183178332937,18.491743087768555,500435000
2022-05-02,18.48575531052603,19.515676409074107,18.336202633213315,19.47480010986328,572049000
2022-05-03,19.342200337321106,19.7659352569291,19.07599562451621,19.543598175048828,475751000
2022-05-04,19.863641752299557,20.33921986356432,18.695132726502678,20.27341651916504,648855000
2022-05-05,19.807811910008564,19.865637775003147,18.44488396034569,18.787858963012695,626331000
2022-05-06,18.680179051563016,19.453866151773262,17.936401353934347,18.619359970092773,633297000
2022-05-09,17.980269856071814,18.200610175903677,16.776865264300895,16.899499893188477,644455000
2022-05-10,17.636293713121535,18.14377789214046,16.97427258321848,17.542573928833008,761474000
2022-05-11,17.29531869321598,17.70010924577166,16.518640215360524,16.580453872680664,670167000
2022-05-12,16.170677698614824,16.73798268883239,15.520620763164581,16.126808166503906,708728000
2022-05-13,16.73797994693999,17.874582687114945,16.543561257348554,17.653244018554688,670437000
2022-05-16,17.456835364759026,17.735003457169242,17.055036163870508,17.21256446838379,521446000
2022-05-17,18.020152825002086,18.316268876415904,17.581465054882198,18.122846603393555,585830000
2022-05-18,17.6522521071145,18.06402177879582,16.813758061200716,16.887537002563477,545161000
2022-05-19,16.886535872778936,17.63430122078651,16.68413969929211,17.072978973388672,621310000
2022-05-20,17.28036591060508,17.35813265366858,15.70806343146981,16.64426612854004,739105000
2022-05-23,16.2255129579709,16.864603890150594,16.130796688219526,16.847654342651367,639889000
2022-05-24,16.46081535470086,16.547556066863233,15.732989600282986,16.10587501525879,588550000
2022-05-25,15.97227052482503,17.060019607721216,15.952329656354774,16.92442512512207,781132000
2022-05-26,15.988225751012793,18.038100388049628,15.974267519878618,17.797819137573242,996575000
2022-05-27,18.1318174179565,18.82474642934616,18.046073205336302,18.754955291748047,738379000
2022-05-31,18.923452187686582,19.142797955948794,18.29532999144944,18.616371154785156,664100000
2022-06-01,18.668218552747707,18.99623696880328,18.068010839185806,18.26542091369629,544514000
2022-06-02,18.237500543404728,19.560546538437922,18.14378074438324,19.533626556396484,648656000
2022-06-03,19.025147490431646,19.274402636121195,18.466814594887644,18.66422462463379,598779000
2022-06-06,19.081980946985432,19.279391018883036,18.508693228823383,18.730031967163086,422406000
2022-06-07,18.416963933581936,18.94339066834296,18.133809698571795,18.869611740112305,388914000
2022-06-08,18.74695170077605,19.12689735772894,18.48368268854018,18.596370697021484,363252000
2022-06-09,18.429837257031576,18.880585584914794,17.99105484045959,17.998035430908203,395574000
2022-06-10,17.551272041612552,17.648003603750368,16.822295031090142,16.927005767822266,465248000
2022-06-13,15.955701045689514,16.266837489978222,15.562791854181512,15.603678703308105,604153000
2022-06-14,15.68744737975274,16.021519942748558,15.369330314017972,15.792157173156738,469680000
2022-06-15,16.050439932166825,16.821300578805904,15.881908139766276,16.481245040893555,563936000
2022-06-16,15.816089727372347,15.897863432906357,15.358360878066698,15.557806968688965,545749000
2022-06-17,15.604674860098072,15.950714236578374,15.28556115428669,15.83603286743164,630334000
2022-06-21,16.429384421134937,16.96090769276326,16.3615719081893,16.520132064819336,483089000
2022-06-22,16.181077014713374,16.61587073985761,16.135204840649315,16.314706802368164,437135000
2022-06-23,16.473265177528255,16.539082437023865,15.809109627633456,16.18008041381836,463680000
2022-06-24,16.454316515193973,17.092543941061024,16.26484203486428,17.078582763671875,472153000
2022-06-27,17.264072406028497,17.282022223468143,16.579970759321082,16.822298049926758,427968000
2022-06-28,16.853210426478878,17.15437435755345,15.900854507260869,15.937752723693848,461149000
2022-06-29,15.770216310534561,15.776199264816002,15.127999283665375,15.498969078063965,482352000
2022-06-30,15.318469571473159,15.523899539875142,14.820851571886635,15.117029190063477,686070000
2022-07-01,14.857751323588166,15.021296837715987,14.352155016267275,14.482791900634766,577610000
2022-07-05,14.135756008662238,14.92955177197515,14.01608834866183,14.922571182250977,651397000
2022-07-06,14.968444218161782,15.27658874989287,14.748055399282007,15.088111877441406,529066000
2022-07-07,15.413208995404638,15.900854523259023,15.346394102933195,15.814095497131348,492903000
2022-07-08,15.387283687402288,15.992603610521178,15.346396827149702,15.794154167175293,467972000
2022-07-11,15.483014331967349,15.484011966579512,14.996365505258906,15.110050201416016,437321000
2022-07-12,15.22572805239749,15.388276870570849,14.83581079611465,15.040243148803711,458483000
2022-07-13,14.549606661502255,15.332433178961859,14.424952733218012,15.122016906738281,521918000
2022-07-14,15.066172037556123,15.430161276206992,14.687223985290593,15.32944107055664,456235000
2022-07-15,15.615648276832916,15.73830694346338,15.40224003829484,15.718362808227539,385935000
2022-07-18,16.256868850127862,16.850220940420993,15.957700144549596,16.056425094604492,670517000
2022-07-19,16.440358091474902,17.062631077163257,16.127228231279975,16.944957733154297,702366000
2022-07-20,16.900082197018165,17.88335248572077,16.754486493931914,17.757699966430664,760538000
2022-07-21,17.835482614701714,18.093764403863,17.49642380939711,18.000024795532227,557049000
2022-07-22,17.843467566827737,17.917262123767603,17.089559837420854,17.27105712890625,536671000
2022-07-25,16.971878546789405,17.076589278551587,16.602904032037294,16.976865768432617,480748000
2022-07-26,16.842239834616713,16.872157459195602,16.43237845884533,16.487226486206055,397865000
2022-07-27,16.984848381766234,17.8863469903353,16.86617833746132,17.740751266479492,569776000
2022-07-28,17.925237772890636,18.08977999214664,17.39171903743578,17.93421173095703,474646000
2022-07-29,17.763683382729887,18.193489890290078,17.64301808926749,18.112714767456055,435460000
2022-08-01,18.13166037008038,18.79382347486427,17.940192505913,18.389944076538086,476469000
2022-08-02,18.07182959440469,18.885570510659182,18.041911963650172,18.47471046447754,489527000
2022-08-03,18.133655821615758,18.915485636087563,18.08678506318179,18.8406925201416,418146000
2022-08-04,18.796814489472666,19.22063704890321,18.708060200093033,19.161800384521484,409652000
2022-08-05,18.75792279078178,19.17576338661587,18.614322361680482,18.93642807006836,386068000
2022-08-08,17.453543487866224,18.188502488777342,17.19426311465401,17.743736267089844,981859000
2022-08-09,17.204237068091455,17.398696888442636,16.67769900606931,17.0386962890625,668263000
2022-08-10,17.64900050219798,18.06783774802281,17.269054837998027,18.04689598083496,597422000
2022-08-11,18.080802254514673,18.655207729285816,17.826507193274058,17.892324447631836,509327000
2022-08-12,18.109720093847795,18.6661757172825,17.90329248620022,18.65719985961914,478094000
2022-08-15,18.64922796080583,19.110945527296405,18.561472236217575,18.979310989379883,457666000
2022-08-16,18.867617579479603,19.08900306515244,18.449777011947884,18.826730728149414,451240000
2022-08-17,18.47171996728055,18.636262177287165,18.094766197974923,18.284238815307617,446799000
2022-08-18,18.25033399183685,18.812771727418596,18.13266064622917,18.721027374267578,415447000
2022-08-19,18.355046410748177,18.46873114164052,17.720807382792895,17.799589157104492,441588000
2022-08-22,17.44157616837466,17.509388691765842,16.91902677104241,16.986839294433594,409593000
2022-08-23,16.941968295162376,17.416650378436234,16.923019890108804,17.13343620300293,369986000
2022-08-24,16.96490062655106,17.357810823683003,16.84822587028311,17.174320220947266,522661000
2022-08-25,16.797366467637275,17.897313400062618,16.78639724119501,17.863407135009766,770691000
2022-08-26,17.807561673056387,17.874375614644485,16.192045948797936,16.214982986450195,769127000
2022-08-29,15.97564814658675,16.29276663412164,15.723348333249264,15.757253646850586,496132000
2022-08-30,15.915813141555713,15.994593942634191,15.13996723606161,15.425175666809082,530181000
2022-08-31,15.341407879469896,15.496976116815032,14.91758433882462,15.052210807800293,573710000
2022-09-01,14.169660919691056,14.340187972290808,13.233261435486058,13.898414611816406,1178865000
2022-09-02,14.060962564890257,14.131765139366534,13.553371026300562,13.609216690063477,743157000
2022-09-06,13.692984371926862,13.740851814141763,13.314036323816168,13.42772102355957,535751000
2022-09-07,13.529468955559182,13.803789664823167,13.313005420498245,13.680095672607422,512657000
2022-09-08,13.425724579883743,13.973368010349136,13.335947888457856,13.955411911010742,624873000
2022-09-09,14.121999969055892,14.438216654464224,14.091077423081934,14.351431846618652,486612000
2022-09-12,14.333475654409431,14.511035078989412,14.16289794182431,14.469139099121094,484159000
2022-09-13,13.767878093148786,13.887581309355834,13.06661601426547,13.098536491394043,714956000
2022-09-14,13.221230840390966,13.25714208600549,12.881074316326442,13.095542907714844,588507000
2022-09-15,12.982823422794079,13.200283922132007,12.758379308646864,12.897035598754883,523625000
2022-09-16,12.710497048087857,13.179335313818578,12.585806090810705,13.165369987487793,670751000
2022-09-19,12.979829980486416,13.42971516771623,12.977835069768854,13.348915100097656,569685000
2022-09-20,13.182329079094677,13.44966616014184,13.024719705664902,13.143424987792969,524818000
2022-09-21,13.180335452104883,13.99631305335464,13.07758944681726,13.228216171264648,807679000
2022-09-22,13.037687792673827,13.116492959222398,12.39727571074283,12.529946327209473,759162000
2022-09-23,12.38929449653901,12.579822277960686,12.22669736982,12.48505687713623,663309000
2022-09-26,12.460119453590893,12.627704338358164,12.183803837251507,12.197769165039062,547343000
2022-09-27,12.47607929062904,12.70451323216134,12.227695289178223,12.382311820983887,553854000
2022-09-28,12.379319288548018,12.791298357950701,12.323457977799615,12.704513549804688,542414000
2022-09-29,12.417224823009533,12.469096309319497,11.916466059827378,12.189788818359375,532763000
2022-09-30,12.057120124295286,12.601770859905228,12.045149705279492,12.108991622924805,565638000
2022-10-03,12.31647372975425,12.646655701474867,12.075071465670463,12.48106575012207,547478000
2022-10-04,12.847159945252836,13.187317472632325,12.847159945252836,13.134448051452637,584182000
2022-10-05,12.87908219169331,13.288068453828838,12.589799156184034,13.176344871520996,507131000
2022-10-06,13.187316594180706,13.62223854641482,13.070605273695971,13.097538948059082,644157000
2022-10-07,12.474083761565735,12.638675790831929,11.992278089651654,12.046144485473633,672478000
2022-10-10,12.00724185114814,12.094026663340596,11.379797153136787,11.641149520874023,698699000
2022-10-11,11.532418070127365,11.81671332375179,11.255105480239216,11.557356834411621,667482000
2022-10-12,11.550373264718909,11.705986765590792,11.31695158643632,11.47156810760498,492590000
2022-10-13,10.943877022867374,12.048140628446744,10.786267640804748,11.930432319641113,850103000
2022-10-14,12.02719042306738,12.081056814485887,11.176299693003378,11.19924259185791,713432000
2022-10-17,11.48952497727775,11.918462240438945,11.48852799742512,11.858610153198242,580774000
2022-10-18,12.313481973149718,12.4611158389974,11.589277019716143,11.937414169311523,659362000
2022-10-19,11.849633087075178,12.319469375980995,11.80474425754511,12.021207809448242,523131000
2022-10-20,12.083055464879127,12.737433909462094,12.075074868699629,12.16385555267334,652398000
2022-10-21,12.068088566789482,12.467100180494857,11.857610751557178,12.435178756713867,609494000
2022-10-24,12.477078338119243,12.678578622776968,12.034175742763328,12.567852973937988,517457000
2022-10-25,12.662618457515958,13.267120266355917,12.632691937809854,13.228216171264648,505482000
2022-10-26,12.837184898566917,13.354900896725308,12.676582681545735,12.864117622375488,532953000
2022-10-27,13.59630304820485,13.803788998303101,13.089558589412318,13.143424987792969,583113000
2022-10-28,13.071603238162181,13.815759201014696,13.028709325811903,13.799798011779785,521040000
2022-10-31,13.743939008555648,13.803791099933628,13.264128151560408,13.46363353729248,486341000
2022-11-01,13.776855711937651,13.89057419579045,13.485577789770767,13.50951862335205,432817000
2022-11-02,13.815759886644688,14.174869538553562,13.17833970749939,13.186319351196289,672628000
2022-11-03,13.01075449802835,13.74692988442399,12.92396969143258,13.387819290161133,500065000
2022-11-04,13.951424297335134,14.193823590572745,13.66313824443395,14.121004104614258,612576000
2022-11-07,14.19282459299917,14.376369715229352,13.919502771881342,14.265644073486328,410061000
2022-11-08,14.764407269491864,14.854184915550686,14.180853521426073,14.565899848937988,595292000
2022-11-09,14.126988780724597,14.175868382440134,13.724985188452262,13.741943359375,454414000
2022-11-10,14.76341034070044,15.734004379130576,14.51103557058689,15.711061477661133,700819000
2022-11-11,15.767920535169456,16.348481436653724,15.443724222491777,16.28663444519043,655487000
2022-11-14,16.177907561308043,16.499112040814346,15.882638829501316,16.254716873168945,527852000
2022-11-15,16.680661045178866,16.955977806854108,16.341501419582265,16.624799728393555,545876000
2022-11-16,16.12204333727618,16.321547735639033,15.833757322153295,15.870665550231934,649547000
2022-11-17,15.676148882942353,16.225787271704426,15.496593581923413,15.638242721557617,710894000
2022-11-18,15.926527067026893,15.962439267152297,15.082618903576678,15.370904922485352,492072000
2022-11-21,15.109553050431892,15.438737129847263,15.042718303446582,15.279132843017578,404739000
2022-11-22,15.290106315115047,16.018302109906227,15.084615259338909,15.998351097106934,472866000
2022-11-23,16.05820026675545,16.486140496528126,16.008324643497133,16.478158950805664,427241000
2022-11-25,16.277658047637875,16.44623895293213,16.13201909254946,16.22977638244629,167934000
2022-11-28,15.986376858031377,16.316559781885694,15.686122350635678,15.787869453430176,303741000
2022-11-29,15.787871978822768,15.89261289133373,15.481631739149844,15.600337028503418,298384000
2022-11-30,15.662198222921692,16.892465330806235,15.56242050073122,16.885480880737305,565298000
2022-12-01,16.961311508590725,17.22672059418411,16.598118225185257,17.097009658813477,470977000
2022-12-02,16.622061290295452,16.895453899397804,16.40853510634038,16.838579177856445,371389000
2022-12-05,16.64202269753776,16.95732209492753,16.435480895818028,16.57317543029785,352255000
2022-12-06,16.493352558842304,16.536256494140442,15.783928452332743,15.951556205749512,352694000
2022-12-07,15.737031971375904,16.150114595724432,15.632264273659429,16.084260940551758,372388000
2022-12-08,16.236922259213415,17.140913726572844,15.923617339692608,17.130935668945312,515456000
2022-12-09,17.121956228129644,17.544018774553155,16.93736690492108,16.963308334350586,465338000
2022-12-12,16.999231007459425,17.49911978299442,16.759763296368646,17.496126174926758,457328000
2022-12-13,18.48991872198985,18.748345320787976,17.671736886309308,18.031936645507812,656589000
2022-12-14,17.94712099776623,18.211534767204142,17.38137864220524,17.634815216064453,496888000
2022-12-15,17.10798934374783,17.281603394082957,16.662978923275983,16.914419174194336,478542000
2022-12-16,16.826611361927757,17.003218983176044,16.373617447522786,16.534259796142578,478232000
2022-12-19,16.535258005172167,16.572174722426883,16.109204679647327,16.21796226501465,354039000
2022-12-20,16.02838213221396,16.27383699113288,15.816853236020515,16.049335479736328,403260000
2022-12-21,16.078275356146534,16.590138515163844,16.066300925017234,16.46441650390625,325025000
2022-12-22,16.05831892986543,16.102222004625823,14.849006080737974,15.30499267578125,565045000
2022-12-23,15.162309883054668,15.304992495444772,14.850004092190744,15.172287940979004,349326000
2022-12-27,15.040579253955626,15.066521631264365,14.024835696731898,14.089692115783691,464902000
2022-12-28,13.896123310795858,14.230380640006066,13.853218422811985,14.004881858825684,351066000
2022-12-29,14.370071654140734,14.650447871616409,14.195459433216843,14.570625305175781,354923000
2022-12-30,14.302221216588292,14.59656727894766,14.201445300640174,14.5816011428833,310490000
2023-01-03,14.818074155568226,14.962753137456133,14.064747927725566,14.283262252807617,401277000
2023-01-04,14.5347061931835,14.820071447404848,14.209428703147058,14.716301918029785,431324000
2023-01-05,14.458872413551465,14.531710520758232,14.11663246222546,14.233373641967773,389168000
2023-01-06,14.44191076025438,14.976722686175162,14.00288666985135,14.826057434082031,405044000
2023-01-09,15.250114184790577,16.020401941381497,15.1074306292161,15.593351364135742,504231000
2023-01-10,15.472619594978903,15.926610744079499,15.437697345288079,15.87372875213623,384101000
2023-01-11,15.804883260537807,15.992466195096986,15.528496936448766,15.96552562713623,353285000
2023-01-12,16.06430761543747,16.600115869170452,15.457654762499619,16.474395751953125,551409000
2023-01-13,16.24190878461204,16.88448193196626,16.129160360121443,16.86153221130371,447287000
2023-01-17,16.861536645437063,17.688699300985697,16.861536645437063,17.662755966186523,511102000
2023-01-18,17.627830325283927,17.83337297862017,17.243683680111356,17.33847427368164,439624000
2023-01-19,16.998228042242104,17.158872284903268,16.693905869643526,16.727828979492188,452932000
2023-01-20,16.973286475081306,17.816414337109105,16.787699916065623,17.79945182800293,564967000
2023-01-23,18.0239511412495,19.202334514054723,17.77849813911899,19.150449752807617,655163000
2023-01-24,18.785259468912272,19.45177965907979,18.778275018636265,19.222288131713867,496204000
2023-01-25,18.871071892196763,19.32705950006516,18.538809936927446,19.280162811279297,449537000
2023-01-26,19.657322688857523,20.121291926493868,19.235260153653364,19.758098602294922,489535000
2023-01-27,19.41885115591402,20.582266410433473,19.36197832095678,20.319849014282227,542142000
2023-01-30,19.905769395745818,20.09534677439952,19.10754194271611,19.119516372680664,488611000
2023-01-31,19.127497873404206,19.64335181995639,18.907986325068734,19.493684768676758,498017000
2023-02-01,19.647348666725506,21.145020678253445,19.56752608810673,20.896574020385742,660477000
2023-02-02,20.953441855430544,21.900337276933485,20.65410773302951,21.660869598388672,564276000
2023-02-03,20.95344017438409,21.696789246514708,20.74290754825101,21.053218841552734,429366000
2023-02-06,20.7598742206852,21.522180421955568,20.739918102623005,21.042247772216797,452197000
2023-02-07,21.334593701458743,22.20965010200628,21.103107721044175,22.12384033203125,664150000
2023-02-08,22.337368891274036,22.82728150904177,21.95920939412325,22.155773162841797,559651000
2023-02-09,22.555882109825383,22.96896380674192,22.07095953858251,22.287477493286133,523876000
2023-02-10,21.641912436236254,22.02905079986804,20.76486152389426,21.217853546142578,550737000
2023-02-13,21.49024697725974,21.99911645552033,20.91552384659178,21.73969268798828,474919000
2023-02-14,21.530159368940577,22.99789874171555,21.318629492503824,22.920072555541992,675474000
2023-02-15,22.499006113761624,22.804327433692144,22.056989406086455,22.713529586791992,420575000
2023-02-16,22.08393238042942,22.50000774301944,21.87838968971364,21.953224182128906,412026000
2023-02-17,21.58304317749563,21.691800771351655,20.92849743532747,21.3405818939209,465888000
2023-02-21,20.95343770145244,21.446341861161894,20.572284722285456,20.609203338623047,410015000
2023-02-22,20.661093956622445,21.05721318053683,20.37572680694439,20.707988739013672,513184000
2023-02-23,23.388037391193805,23.83504419332299,22.973956473591837,23.611539840698242,1117995000
2023-02-24,23.173513218327404,23.421961761973428,22.896129634254915,23.234376907348633,589716000
2023-02-27,23.61752427082776,23.8270577925176,23.40200353334105,23.448898315429688,452994000
2023-02-28,23.320186006063462,23.772182763684846,23.154553648538275,23.164531707763672,455963000
2023-03-01,23.14057875941402,23.204437941311127,22.458095290551928,22.647674560546875,460026000
2023-03-02,22.43814303132255,23.328163685156042,22.382265528634285,23.262310028076172,389415000
2023-03-03,23.268298244670323,23.8470122834048,23.07871895003249,23.837034225463867,412393000
2023-03-06,23.83803229096399,24.19423923751773,23.43492676138987,23.501779556274414,437429000
2023-03-07,23.551679757416153,24.07560444760807,23.19341364689186,23.240318298339844,515154000
2023-03-08,23.438907679098733,24.150448993437568,23.37603695159869,24.131486892700195,513573000
2023-03-09,24.125495162678536,24.403925077094488,23.335117154225923,23.388010025024414,501257000
2023-03-10,23.36107136473305,23.57862542922392,22.679469217662135,22.917980194091797,474866000
2023-03-13,22.705413316762304,23.250294843227117,22.25134506080111,22.918973922729492,421890000
2023-03-14,23.447888767567775,24.169407892174178,23.411961279895785,24.01372718811035,474910000
2023-03-15,23.712343919246344,24.23626848807537,23.312165981923513,24.178388595581055,524486000
2023-03-16,23.97780468614888,25.535607427755508,23.845075681386035,25.488704681396484,583253000
2023-03-17,25.928800789668877,26.34494677671912,25.615442640620632,25.672327041625977,848547000
2023-03-20,25.56255140531931,25.970714347329455,25.07854386503028,25.846967697143555,432747000
2023-03-21,26.126395026788483,26.337960836204616,25.329031245204536,26.145355224609375,547408000
2023-03-22,26.370891881444173,27.53250995771594,26.183277100976117,26.41380500793457,797295000
2023-03-23,27.05948178238723,27.442696318613994,26.635352731683053,27.135326385498047,564889000
2023-03-24,26.975653609349873,27.111374826778054,26.301037139360137,26.72416877746582,454920000
2023-03-27,26.782048221700336,26.944714568093122,26.311014571134052,26.476675033569336,361026000
2023-03-28,26.392847592513167,26.45871243560378,25.79706988863312,26.35592269897461,356104000
2023-03-29,26.770076147029812,27.022556480928984,26.542542341100866,26.928749084472656,393694000
2023-03-30,27.17324320124841,27.442690778412167,27.046502452400244,27.326927185058594,364516000
2023-03-31,27.08442659853217,27.77700578403353,27.049498418004845,27.720123291015625,433933000
2023-04-03,27.45267583533266,27.942669731519793,27.28002971948546,27.90774154663086,398716000
2023-04-04,27.908739678999307,27.942670460474673,27.251088574745484,27.39678955078125,368592000
2023-04-05,26.774068490200907,26.942721186079208,26.340957083573166,26.82596206665039,515015000
2023-04-06,26.529564526400943,27.024549174224266,26.372886420842022,26.981637954711914,397654000
2023-04-10,26.768077072918704,27.564443419953324,26.614393073942708,27.52252960205078,395279000
2023-04-11,27.667230920271166,27.733095757858216,27.070453958606574,27.113367080688477,314378000
2023-04-12,27.313960457156856,27.4117593746922,26.39384737924561,26.440752029418945,446259000
2023-04-13,26.67926041012461,26.831947015202942,26.275090880655256,26.408815383911133,353615000
2023-04-14,26.449729310820583,26.82795296952223,26.166310441978037,26.703208923339844,395660000
2023-04-17,26.510605128627287,26.95070210668743,26.37887544680579,26.94671058654785,321471000
2023-04-18,27.476623258466837,28.052441434897503,27.30098304931903,27.610347747802734,604812000
2023-04-19,27.304977218888993,27.94266877758147,27.176241641344223,27.873809814453125,358660000
2023-04-20,27.614340416338198,27.972606485594795,26.944714827313312,27.04850196838379,427713000
2023-04-21,26.896812971013922,27.127340875735126,26.66728437395246,27.0634708404541,345103000
2023-04-24,26.957689535565127,27.309965480209698,26.61638884445198,26.986629486083984,339282000
2023-04-25,27.02255529680181,27.191209883551597,26.17130312906319,26.18726921081543,378527000
2023-04-26,26.94671558307568,27.274043136531997,26.65032279229787,26.900808334350586,406337000
2023-04-27,27.30697619433551,27.438705899036655,26.57048635253724,27.170255661010742,377161000
2023-04-28,27.16925155716985,27.701159169994924,27.015565670619335,27.69217872619629,292216000
2023-05-01,27.782994624988884,28.998501044313812,27.7231180146928,28.85080337524414,570329000
2023-05-02,28.621279673731713,28.77696040985887,28.025501874665835,28.152240753173828,402730000
2023-05-03,27.782995617159955,28.30891697061435,27.415749094927655,27.745073318481445,383387000
2023-05-04,27.594382208198148,27.80195650009337,27.184224452575453,27.505565643310547,321850000
2023-05-05,27.76902536331952,28.696122147897874,27.67422056486533,28.62127685546875,361494000
2023-05-08,28.46359870886539,29.16016946274796,28.291951910306917,29.091310501098633,344979000
2023-05-09,28.839828282414175,28.913676170511692,28.3917482221622,28.51249885559082,314869000
2023-05-10,28.945606561729885,29.053387119106517,28.402721772055823,28.82585334777832,369350000
2023-05-11,28.8368313012262,28.890721581405018,28.188162647959096,28.519481658935547,322149000
2023-05-12,28.470585077894096,28.721072500751447,27.988574237391727,28.281972885131836,274222000
2023-05-15,28.449628270125718,28.90968479771039,28.09435819789657,28.89371681213379,293926000
2023-05-16,28.781944947212995,29.808839206478215,28.77296450239682,29.153182983398438,449405000
2023-05-17,29.52342540212538,30.13716594058163,29.369741392303435,30.116209030151367,432535000
2023-05-18,30.347732971846412,31.76282877397273,30.257917101676483,31.613136291503906,748725000
2023-05-19,31.471427932457345,31.515338464823536,30.85269847604877,31.19998550415039,473908000
2023-05-22,30.837730791979848,31.455464805602023,30.617184512052074,31.11216926574707,372000000
2023-05-23,30.936523538862662,31.22393392865523,30.568279631249496,30.62516212463379,356253000
2023-05-24,30.14814019154648,30.54432854642124,29.74496810397816,30.4754695892334,721419000
2023-05-25,38.4441283049537,39.399169710914755,36.55999323619556,37.90224075317383,1543911000
2023-05-26,37.812419131021514,39.08979709643769,37.47311513309701,38.86625671386719,714397000
2023-05-30,40.5118797580755,41.85212836748926,39.86720258532556,40.02886962890625,923401000
2023-05-31,39.40714336242504,40.21249015793831,37.74455429743757,37.75653076171875,1002580000
2023-06-01,38.410192719285774,39.967997415586815,38.26149953067262,39.68857192993164,635873000
2023-06-02,40.014895164925456,40.4170698367897,38.97802122010776,39.2464714050293,482731000
2023-06-05,38.82932526473996,39.48398018738729,38.62773924122982,39.090789794921875,396094000
2023-06-06,38.750494112150655,39.0798164296081,38.069887549884086,38.574851989746094,388729000
2023-06-07,38.839340474852015,39.42220466810125,37.283369639735355,37.402137756347656,511998000
2023-06-08,37.650659835337656,38.78844295333315,37.4320876337174,38.43513107299805,417772000
2023-06-09,38.96109737948555,39.6337866781629,38.492013810296655,38.694618225097656,427717000
2023-06-12,39.12378209838564,39.45313848189554,38.542912981212005,39.40523147583008,388701000
2023-06-13,40.10785732644431,41.02107898127597,39.662725446462076,40.942230224609375,613208000
2023-06-14,40.74463443107391,42.91640270965308,40.47316006488062,42.91341018676758,740465000
2023-06-15,42.519176450195246,43.20484109231197,42.06505921158456,42.57007598876953,568622000
2023-06-16,43.3655191410193,43.63599213320871,42.5780517641451,42.60899353027344,655709000
2023-06-20,42.914401391724816,43.90447325497645,42.591030025374586,43.72282409667969,451153000
2023-06-21,43.41642607769267,43.530206665673255,41.9981911201456,42.96131134033203,551603000
2023-06-22,42.170843097037455,43.3415626918256,42.15188284213235,42.94134521484375,417737000
2023-06-23,42.38144316710673,42.72576983708017,41.93331479288893,42.12693786621094,358140000
2023-06-26,42.378435975213705,42.68084821314237,40.02202672023089,40.55299377441406,594322000
2023-06-27,40.71968036738126,41.85846093359961,40.369364835566834,41.794586181640625,462175000
2023-06-28,40.58094379252524,41.76364114383004,40.43922159164072,41.03705596923828,582639000
2023-06-29,41.47719909021722,41.51911724853508,40.52106150883683,40.74263000488281,380514000
2023-06-30,41.5989647398468,42.467272192490576,41.420311904436474,42.21975326538086,501148000
2023-07-03,42.434326127886784,42.81458581035407,42.11994000015232,42.330528259277344,198209000
2023-07-05,42.053080590984536,43.09305457985884,42.003178561095986,42.2347297668457,323618000
2023-07-06,41.76264574505463,42.096993500956245,41.2656128948708,42.021141052246094,303582000
2023-07-07,42.239712723775206,43.129980526432945,42.097990517388034,42.42036056518555,355881000
2023-07-10,42.57406572515449,42.727765640952,41.568022298100566,42.097991943359375,353908000
2023-07-11,42.39839653240351,42.67485834432988,41.985203882736315,42.32254409790039,298244000
2023-07-12,42.94932537767914,43.84957190915323,42.693822639384614,43.81663513183594,481277000
2023-07-13,44.43144469055369,46.06525908080091,44.405494267990946,45.88760757446289,478204000
2023-07-14,46.49243252940778,47.994507542631396,44.97239476607481,45.38059997558594,772075000
2023-07-17,46.19899243804096,46.40558684997529,45.17398901453349,46.37065505981445,510488000
2023-07-18,46.6101959109385,47.80287207706954,45.64507706670889,47.40165328979492,569164000
2023-07-19,47.37171073363014,47.7250225002053,46.65111448328101,46.9854621887207,427502000
2023-07-20,46.41657614955658,46.99545027981004,44.974385975713794,45.431495666503906,537865000
2023-07-21,45.698971418551594,45.776822685139486,44.01425371443011,44.22284698486328,963769000
2023-07-24,44.644032862073885,45.02130011597327,43.954378225037345,44.525264739990234,382516000
2023-07-25,44.85362300335587,46.093204951452925,44.835656447425045,45.590187072753906,348081000
2023-07-26,45.93151847506049,45.96345774796509,44.54322423850326,45.363624572753906,364237000
2023-07-27,46.42855262404122,47.30284884094631,45.66104681024001,45.81075668334961,455976000
2023-07-28,46.57726209617673,46.93556524542494,46.29082136263418,46.65910339355469,331194000
2023-07-31,46.66309454574556,47.03836291442901,46.41557565297474,46.63814163208008,251055000
2023-08-01,46.36965926264909,46.80880613490032,45.93750255596739,46.416568756103516,237858000
2023-08-02,45.74188936339505,45.750870737209425,43.302641133046315,44.182926177978516,530142000
2023-08-03,43.71483401069051,45.030272068122756,43.71483401069051,44.428443908691406,324176000
2023-08-04,44.897531651391645,45.55325186395774,44.30668368202593,44.59312438964844,362666000
2023-08-07,45.02328860387296,45.451455331655026,44.47635377122551,45.32869338989258,322154000
2023-08-08,44.76579541158173,45.15403903929904,43.970344091683025,44.57716369628906,353843000
2023-08-09,44.18790919409857,44.22583731482129,42.05207094997095,42.471256256103516,586449000
2023-08-10,42.07802662294512,43.489278793199354,41.75365777083557,42.30558395385742,492705000
2023-08-11,41.66981614067662,41.93629907044149,40.5599788718329,40.77555847167969,533085000
2023-08-14,40.40728777661957,43.71484392430669,40.23262877049562,43.66793441772461,690286000
2023-08-15,44.473365790467945,45.17998944739272,43.62501611478745,43.85456848144531,676512000
2023-08-16,44.43343721611258,44.588134620821634,43.321601018047524,43.40144729614258,527451000
2023-08-17,43.884505920253574,43.97632609118521,42.91738827793847,43.25972366333008,452395000
2023-08-18,42.55209527796399,43.49326242209668,41.57899267212394,43.214805603027344,583768000
2023-08-21,44.4074878070853,46.9734880439128,44.13601730847926,46.87567901611328,692573000
2023-08-22,48.04139885490195,48.093299689189394,45.2448492578766,45.57919692993164,755293000
2023-08-23,45.77682903768783,47.10823512648874,45.12010736864763,47.02439880371094,779046000
2023-08-24,50.118361983877634,50.16826400478164,47.067306662299096,47.07129669189453,1156044000
2023-08-25,46.92059466008382,47.71205208326433,44.936457196698406,45.92852783203125,925341000
2023-08-28,46.3916241394205,46.88865698143186,44.800725372190506,46.74393844604492,685192000
2023-08-29,46.575258722484406,48.98556368912056,46.300791934750826,48.68914031982422,701397000
2023-08-30,48.94864322959215,49.82992584763343,48.33084725951484,49.168216705322266,735206000
2023-08-31,49.283997565683826,49.647288301131454,48.86281712543133,49.2590446472168,528570000
2023-09-01,49.6652424618298,49.7031667765697,48.04838969224288,48.414676666259766,463830000
2023-09-05,48.12924438500935,48.7560255895284,47.766951165430406,48.45361328125,382653000
2023-09-06,48.35079314460042,48.4585899209421,46.49325871140174,46.97336196899414,468670000
2023-09-07,45.440229441727205,46.25770462589442,45.067922908266546,46.1548957824707,433330000
2023-09-08,45.856454433608306,46.519215678178135,45.18670244634744,45.48714065551758,473069000
2023-09-11,46.06206706824175,46.077038527672016,44.22948732817348,45.093875885009766,473966000
2023-09-12,44.654695251427476,45.58795561962286,44.44807996157311,44.78644943237305,349256000
2023-09-13,44.516948715229006,45.844473946840324,44.420129217307256,45.40030288696289,398355000
2023-09-14,45.864428938573624,45.90135878527719,45.04695390322263,45.496116638183594,370097000
2023-09-15,45.256567267439614,45.514086250608685,43.7264210191702,43.81825256347656,506831000
2023-09-18,42.66839815481211,44.15961559349167,41.921789942113186,43.88412857055664,500271000
2023-09-19,43.7513779115944,43.8841296709857,42.921924053303314,43.438961029052734,373064000
2023-09-20,43.51881278602881,43.82124998391259,42.14437793528599,42.16034698486328,367108000
2023-09-21,41.5055606260532,42.021596116922694,40.90368294654629,40.94061279296875,450736000
2023-09-22,41.49459285327168,42.036584881029356,41.1542281804466,41.53252410888672,479236000
2023-09-25,41.51354991090628,42.456789851544556,41.100319388968366,42.143375396728516,419091000
2023-09-26,41.92278314195725,42.740258203916966,41.57742680988832,41.832950592041016,402282000
2023-09-27,42.25117631483952,42.79216683776979,41.55148148041127,42.388916015625,444935000
2023-09-28,42.38093579889095,43.36509986355093,42.03658080053992,43.008766174316406,424663000
2023-09-29,43.74539144535937,44.061802514667,43.226359256277895,43.41800308227539,397830000
2023-10-02,43.94801356401108,45.09088199561907,43.77932952657343,44.69861602783203,433298000
2023-10-03,44.724558993956826,45.045961784832514,43.165467413747166,43.43596267700195,470850000
2023-10-04,43.660548982906214,44.06080325905543,43.21138616245394,43.95899200439453,361821000
2023-10-05,43.967973455641534,44.816392949836604,43.80627636575413,44.60478591918945,393483000
2023-10-06,44.11070969679084,45.70373848025028,43.9440208476475,45.676788330078125,434436000
2023-10-09,44.75850060605626,45.520080342411596,44.28538419676615,45.188697814941406,409675000
2023-10-10,45.22562116574543,46.17285135799885,45.00403447152344,45.712711334228516,368582000
2023-10-11,46.109976834306515,46.77174426177856,45.96424879463127,46.718841552734375,378137000
2023-10-12,46.68989946190785,47.52035097000379,46.243733198035265,46.85758590698242,481325000
2023-10-13,46.87255982126832,47.02827139098628,45.19568766753486,45.37635040283203,474115000
2023-10-16,44.97909066386404,46.13892572569301,44.82837085700402,46.00917053222656,375099000
2023-10-17,43.918066921379186,44.670664500769895,42.40089687991119,43.85618209838867,812333000
2023-10-18,42.51168892025405,43.13852165493323,41.74711648202066,42.11742401123047,627294000
2023-10-19,42.731286777485096,43.216381906827145,41.8040157217801,42.02260971069336,501233000
2023-10-20,41.81199826924351,42.39092011000652,41.00150997673177,41.3099365234375,477266000
2023-10-23,41.15222663549808,43.16746801501632,40.86875508234883,42.89497375488281,478530000
2023-10-24,42.99678817947999,43.615632642963874,42.61150915403504,43.581695556640625,401463000
2023-10-25,43.31718712471628,43.56872058494652,41.477620479123594,41.701202392578125,398379000
2023-10-26,41.77506880872993,42.177318286010724,39.80574303401105,40.250911712646484,541001000
2023-10-27,41.0534152286562,41.12927392659706,39.94048973150051,40.42458724975586,416784000
2023-10-30,41.01049469201982,41.68822738791205,40.405620307517786,41.084354400634766,388028000
2023-10-31,40.37467987980174,40.802881903079644,39.1569503913023,40.704063415527344,517969000
2023-11-01,40.807870455778854,42.30208459844571,40.79289899587781,42.24618911743164,437593000
2023-11-02,43.247317846401735,43.802282272530825,42.814127888386025,43.42498779296875,409172000
2023-11-03,43.93802957100558,45.22462694220357,43.64158173973637,44.92119598388672,424610000
2023-11-06,45.20066640666436,45.84945744639215,44.815383663563225,45.66579818725586,400733000
2023-11-07,45.63386992886557,46.13193749816825,45.073913725971586,45.86943054199219,343165000
2023-11-08,46.014157765591044,46.77973167159943,45.882403587242706,46.48727798461914,346719000
2023-11-09,47.37861498022088,48.14019475321026,46.662950986381574,46.862579345703125,540496000
2023-11-10,47.41155087354873,48.38174104695151,47.194955890683396,48.2449951171875,421245000
2023-11-13,48.23002031531456,49.02453947075824,48.009431181663935,48.52946090698242,384136000
2023-11-14,49.58748734734276,49.74119990193618,48.94867974988804,49.56352996826172,416954000
2023-11-15,49.84202172257436,49.866972887678294,48.11025170692205,48.79697036743164,475497000
2023-11-16,48.58835975878918,49.43278516309001,48.24001057724096,49.38786697387695,339756000
2023-11-17,49.43178055903223,49.62442196935827,48.915744960766254,49.20620346069336,325205000
2023-11-20,49.22017851068948,50.453877068941594,49.08942192234672,50.31513595581055,414120000
2023-11-21,50.03265822480747,50.42292897370047,49.130342262240724,49.85099792480469,565747000
2023-11-22,49.759168450104845,50.24126692176278,47.60119189596065,48.625282287597656,899420000
2023-11-24,48.37974638442562,48.829906801279186,47.656094105123046,47.68703842163086,294645000
2023-11-27,47.71098998988454,48.4396301867081,47.5632667713432,48.15216827392578,395662000
2023-11-28,48.14618466607588,48.23302446932741,47.3846048841161,47.731956481933594,401491000
2023-11-29,48.288918833586436,48.67120510025969,47.770884217997974,48.05036163330078,382005000
2023-11-30,47.93458151014452,48.020423730668426,46.33556692252438,46.682918548583984,526247000
2023-12-01,46.43837790620727,47.11212038076869,46.101005970212235,46.67792892456055,369317000
2023-12-04,45.99120035967438,45.99120035967438,44.926185864436995,45.425254821777344,437543000
2023-12-05,45.385328820380614,46.51731562556562,45.19067511548695,46.48337936401367,371718000
2023-12-06,47.13122440124437,47.30292009715476,45.331422145943435,45.42226028442383,380590000
2023-12-07,45.618910872891085,46.54626331215597,45.52308054469381,46.51332092285156,350823000
2023-12-08,46.51232804934258,47.65629461849747,46.467405912391875,47.42171096801758,359224000
2023-12-11,47.40673880790064,47.446664942684954,45.74868658721169,46.54426956176758,509728000
2023-12-12,45.96430689603469,47.581431635575925,45.96430689603469,47.57244873046875,372387000
2023-12-13,47.544488916025955,48.50777677637629,47.52352626972847,48.0026741027832,447792000
2023-12-14,48.30413587026834,48.58363781796952,47.33785498826681,48.26420593261719,391232000
2023-12-15,48.108492709816815,49.316344970250725,48.03462269335951,48.80325698852539,479948000
2023-12-18,49.31235079913167,50.34351507731144,49.062794375670336,49.9881477355957,412587000
2023-12-19,49.33630266590499,49.61181391094036,48.80824198487287,49.51598358154297,464444000
2023-12-20,49.56689784156496,49.91028926259113,48.012661158302954,48.025638580322266,397894000
2023-12-21,48.72438912714479,49.00788558509217,48.33308260166921,48.903072357177734,300425000
2023-12-22,49.10770114270076,49.295367254790726,48.38099236893777,48.743350982666016,252507000
2023-12-26,48.88110985273242,49.51198840359391,48.873124626710656,49.191558837890625,244200000
2023-12-27,49.42315398247824,49.59185284551433,48.997907338293054,49.32931900024414,233648000
2023-12-28,49.55491912329638,49.79548883206165,49.324326187941345,49.43413162231445,246587000
2023-12-29,49.72461566156116,49.90829110638661,48.664499712290464,49.43413162231445,389293000
2024-01-02,49.15661415682714,49.207522345486765,47.510542105601374,48.082523345947266,411254000
2024-01-03,47.40074566328975,48.09850289557728,47.23603751691528,47.484596252441406,320896000
2024-01-04,47.68223745143227,48.41393847495404,47.42369816486742,47.9128303527832,306535000
2024-01-05,48.37601604637922,49.459090025386296,48.22029079492016,49.0098876953125,415039000
2024-01-08,49.424155596522276,52.18225389964643,49.39121320158821,52.1602897644043,642510000
2024-01-09,52.30802056933756,54.228606407883284,51.59827982301823,53.04570770263672,773100000
2024-01-10,53.520864182248445,54.503115509217274,53.39408682149584,54.25355911254883,533796000
2024-01-11,54.90141170121365,55.24779611496442,53.46496584925973,54.72472381591797,596759000
2024-01-12,54.523086018906326,54.87246729450568,54.23360346337735,54.6129264831543,352994000
2024-01-16,54.92037758541191,56.734151032115776,54.80258693421074,56.28195571899414,449580000
2024-01-17,56.24702168282456,56.37080221365978,54.642874592370525,55.95354461669922,474394000
2024-01-18,57.15840086229008,57.497797746406825,56.00744677307047,57.005672454833984,491650000
2024-01-19,57.88610696898355,59.394427545023596,57.12346261571884,59.38544464111328,543501000
2024-01-22,59.942452516713104,60.223953645882176,58.96518950299891,59.548152923583984,452955000
2024-01-23,59.464301820428496,59.803698694627826,58.48104894335419,59.76676559448242,294654000
2024-01-24,60.19700279855746,62.73748534909312,59.831651069260054,61.25312423706055,560271000
2024-01-25,62.23936480631996,62.60771334377325,60.74202640224238,61.507667541503906,482777000
2024-01-26,60.85183343731232,61.67337498834804,60.4655228910145,60.922706604003906,390309000
2024-01-29,61.12335021592604,62.37811980223714,60.798929932553925,62.354164123535156,348733000
2024-01-30,62.788396424260334,63.38034275629544,62.14952879417416,62.66261672973633,410735000
2024-01-31,61.33098779929159,62.15851930991276,60.592302887690344,61.4178352355957,453795000
2024-02-01,61.98981163068563,63.07887923181449,61.5406131324354,62.91516876220703,369146000
2024-02-02,63.86048434942647,66.48182425910672,63.57698787949549,66.04261016845703,476578000
2024-02-05,68.10394628020288,69.37369252800232,67.08575942583846,69.208984375,680078000
2024-02-06,69.50646063248888,69.63024118166943,66.18237446253364,68.10195922851562,683111000
2024-02-07,68.19778404882926,70.09541214076467,67.48005798042527,69.97462463378906,495575000
2024-02-08,69.94966354395652,70.66838724943909,69.33176617612584,69.5174331665039,414422000
2024-02-09,70.40786033375117,72.0569298484953,70.08743069197543,72.0050277709961,436637000
2024-02-12,72.47117717433613,74.4786104438433,71.12357413495056,72.11980438232422,613710000
2024-02-13,70.2750920169868,73.31967588505927,69.49647717607553,72.0000228881836,602580000
2024-02-14,73.0721307009838,74.10429279758857,71.81037331243682,73.76889038085938,504917000
2024-02-15,73.73793302512789,73.8437401296513,72.27153779440317,72.5290756225586,420122000
2024-02-16,73.96851471281462,74.2699807907232,72.37235296886776,72.4841537475586,495327000
2024-02-20,71.81934169951924,71.82832841143384,67.61381946264177,69.32877349853516,704833000
2024-02-21,67.88533642606332,68.76577530674938,66.13045996080022,67.35228729248047,673755000
2024-02-22,74.8918837924214,78.43558041658676,74.08831180865685,78.39865112304688,865100000
2024-02-23,80.64665337566204,82.24780364536768,77.4323654765101,78.67715454101562,829388000
2024-02-26,79.55858308487059,80.5029113343283,78.36570371037314,78.95166778564453,503973000
2024-02-27,79.24015705268404,79.338988045559,77.02509990421383,78.56136322021484,391705000
2024-02-28,77.48227691873889,78.7929431019633,76.98815248522881,77.52519989013672,393110000
2024-02-29,78.95367572984398,79.84808217607286,78.21099242072147,78.97164154052734,507289000
2024-03-01,79.85805518730493,82.15397732028299,79.29405523547015,82.13301086425781,479135000
2024-03-04,83.98072393894745,87.53940093463996,83.57045769196934,85.08576202392578,615616000
2024-03-05,85.12269695886387,85.94827183043155,83.27290109267872,85.81549835205078,520639000
2024-03-06,87.8699456446009,89.56900130568565,86.87965493223747,88.54676818847656,582520000
2024-03-07,90.00224735235656,92.60674140930558,89.44720809741612,92.5089111328125,608119000
2024-03-08,94.97363874493585,97.23173191783087,86.35654773150235,87.37678527832031,1142269000
2024-03-11,86.27969890435133,88.6436045203793,84.0206076407832,85.6258316040039,678364000
2024-03-12,87.89689583589372,91.80113493638854,86.0011743538899,91.75421905517578,668075000
2024-03-13,90.89769886633881,91.34592070136199,88.28222228746216,90.73098754882812,635713000
2024-03-14,89.42225831640668,90.48941185201531,86.45039611721776,87.79207611083984,602318000
2024-03-15,86.77982614282709,89.39130424407391,86.10799224334774,87.68525695800781,642086000
2024-03-18,90.23185202169164,92.24536587684682,86.9345566695886,88.30219268798828,668976000
2024-03-19,86.55022352343148,90.38758481674583,84.86314816147532,89.24356842041016,672171000
2024-03-20,89.64187768825083,90.25382534481801,88.07059918494765,90.21588897705078,479063000
2024-03-21,92.14054202127372,92.4879403765992,90.24881163098036,91.27703094482422,480372000
2024-03-22,90.9835495525749,94.61426754269417,90.67708069798141,94.12611389160156,586719000
2024-03-25,93.77871131394467,96.59882785449742,93.34845614456138,94.83787536621094,552136000
2024-03-26,95.68541767838448,96.20851455285562,92.34220396856466,92.4011001586914,513648000
2024-03-27,92.95114873658731,93.0789259717654,88.96904130951937,90.0940933227539,586067000
2024-03-28,89.8445252112995,91.1422825108375,89.03892009399118,90.19991302490234,435212000
2024-04-01,90.14301673764523,92.06568455405531,89.0499070749777,90.20690155029297,452441000
2024-04-02,88.295199136712,89.93835929549583,87.46863424504667,89.29747009277344,433064000
2024-04-03,88.33115142365672,90.21788597554938,88.24729689318218,88.81031799316406,370067000
2024-04-04,90.24981545155312,90.47742601324012,85.73163346290652,85.756591796875,434965000
2024-04-05,86.71593161708087,88.32814710111496,85.77756069682601,87.85596466064453,399678000
2024-04-08,88.54676191015398,88.67654220104028,86.58216705957724,86.98247528076172,283220000
2024-04-09,87.29093308519522,87.48360044285332,82.87857107978263,85.20653533935547,501700000
2024-04-10,83.78102010903869,87.24901778988773,83.56439211342133,86.88864135742188,431929000
2024-04-11,87.26897200773683,90.58223837088431,86.77582976459976,90.4594497680664,431637000
2024-04-12,89.54403999734934,90.01922323878227,87.37878828439109,88.03365325927734,426805000
2024-04-15,88.94406648002054,90.45644843108836,85.78054278674153,85.8524169921875,443077000
2024-04-16,86.28368645109244,87.965773191981,85.91532822119116,87.26399230957031,370453000
2024-04-17,88.18738725935935,88.62164096734257,83.80497167986917,83.88983154296875,495400000
2024-04-18,84.82320627802973,86.0410998135889,82.25964198597137,84.52471923828125,447260000
2024-04-19,83.00636595540483,84.17833393456459,75.47539894537725,76.06836700439453,875198000
2024-04-22,77.9690792079323,79.93467971860302,76.26802794241385,79.3806381225586,596341000
2024-04-23,80.62947459576492,82.62601974052421,80.1253496885507,82.2806167602539,438559000
2024-04-24,83.80497344877082,83.93674919660243,79.0462101404743,79.53936004638672,512208000
2024-04-25,78.73175981196158,83.17906608261447,78.08787733468318,82.48926544189453,424641000
2024-04-26,83.67322387424187,88.178429159811,83.24296857442113,87.58345794677734,551011000
2024-04-29,87.44368500312586,87.8399947565515,85.11870586410434,87.60540771484375,388971000
2024-04-30,87.08928872900789,88.66556334587189,86.15091777999787,86.25273895263672,363709000
2024-05-01,84.93002290842145,85.85142484392729,81.11461964994571,82.89753723144531,559863000
2024-05-02,84.30311392551386,86.08802721004574,83.05627099401435,85.66875457763672,377898000
2024-05-03,87.6373400551101,89.12675929539812,86.8896334546632,88.63561248779297,398341000
2024-05-06,89.23557796278553,92.06069095925291,88.90115758999175,91.98082733154297,376203000
2024-05-07,90.94063437830519,91.62245320483287,88.8572415302883,90.39757537841797,437342000
2024-05-08,89.32841761603471,91.03646035901207,89.26552291616532,90.25581359863281,325721000
2024-05-09,90.37260819958134,90.91466942223298,88.07858152551931,88.59368896484375,378013000
2024-05-10,90.14900450939767,91.24311191356409,89.07286375704587,89.72274017333984,335325000
2024-05-13,90.32169428450598,90.84080023922876,88.37606371894472,90.24283599853516,289680000
2024-05-14,89.44421267221655,91.49266969851776,88.78036057605543,91.19818115234375,296507000
2024-05-15,92.31226797545344,94.69813898318716,91.44077486128403,94.46653747558594,417735000
2024-05-16,94.74604980958085,95.65347613046144,93.94043705092355,94.19599914550781,323952000
2024-05-17,94.20597874528181,94.57633241179128,91.64740285082287,92.3192367553711,359691000
2024-05-20,93.58806000142961,95.0355522829654,93.27859792021394,94.61627960205078,318764000
2024-05-21,93.43730641374981,95.23519767784772,93.01903151729087,95.22122192382812,328946000
2024-05-22,95.29409598809328,95.85412388547536,93.08791463591838,94.78597259521484,548648000
2024-05-23,101.85175314144693,106.1363388077003,101.34462744914427,103.61969757080078,835065000
2024-05-24,104.26855020743297,106.29105104139217,102.82205601462691,106.28506469726562,429494000
2024-05-28,110.0535659980523,114.74045547346739,109.69318953443825,113.7042465209961,652728000
2024-05-29,112.85471267036033,115.29248791517858,110.70942292973874,114.62664031982422,557442000
2024-05-30,114.45195291177907,115.61893227920821,109.47356803877526,110.30912017822266,484553000
2024-05-31,112.32561724375552,112.52228313915187,106.75526253688238,109.44361114501953,613263000
2024-06-03,113.42472260342709,114.80133819580078,111.80951385006522,114.80133819580078,438392000
2024-06-04,115.51609997186799,116.39856789561996,113.84798144289938,116.23584747314453,403324000
2024-06-05,118.16652151115385,122.23747225440593,117.26508152569082,122.2284927368164,528402000
2024-06-06,123.83369734866147,125.37004011083056,118.11559592598994,120.78897094726562,664696000
2024-06-07,119.56308862810559,121.481772978908,117.81811489560457,120.67916107177734,412386000
2024-06-10,120.16206756268633,122.88734731323206,116.80787124184927,121.5796127319336,313434100
2024-06-11,121.56962984389475,122.66782593913159,118.54461678500223,120.71105194091797,222551200
2024-06-12,122.85750238613136,126.6712162731191,122.36831081363356,124.99398040771484,299595000
2024-06-13,129.177104537848,129.58643359087407,126.95077798576432,129.39674377441406,260704500
2024-06-14,129.7461556011969,132.62140615970972,128.10885485479358,131.66299438476562,309320400
2024-06-17,132.77118307637525,133.5099557271365,129.3667902512595,130.7644805908203,288504400
2024-06-18,130.9242214788469,136.10568428406987,130.474964956118,135.35691833496094,294335100
2024-06-20,139.56996619369176,140.52837801062054,129.30688285479897,130.56480407714844,517768400
2024-06-21,126.91083818337023,130.41506492589528,124.09547854511997,126.36174011230469,649445800
2024-06-24,123.0371892837608,124.25518282254679,117.84574965469585,117.91563415527344,476060900
2024-06-25,121.00055473590018,126.29183629953359,119.12365113611966,125.88250732421875,414192600
2024-06-26,125.92244899462368,127.90917229563556,122.39825886605338,126.19200897216797,362975900
2024-06-27,123.89579983596734,126.20200405764365,122.71774114608809,123.78598022460938,252571700
2024-06-28,124.37501298465715,127.49986001719877,122.54802231076043,123.33672332763672,315516700
2024-07-01,123.26683055595603,124.63457133754859,118.63446631453066,124.09546661376953,284885500
2024-07-02,120.93067286767031,123.20692743216773,120.8308389451457,122.4681396484375,218374000
2024-07-03,121.45983599496338,128.06893920898438,121.16032653936864,128.06893920898438,215749000
2024-07-05,127.17038486367325,128.6379747149119,125.47318537524079,125.62294006347656,214176700
2024-07-08,127.28019823232947,130.55480700867955,126.83094180644568,127.98902893066406,237677300
2024-07-09,130.1355144487565,133.59980576329167,128.43829962119838,131.163818359375,285366600
2024-07-10,133.80946190177127,134.87770860466375,132.20211043348235,134.68801879882812,248978600
2024-07-11,135.52662745493282,135.92596317348227,126.84094609019272,127.19036865234375,374782700
2024-07-12,128.04893020829968,131.70291097832524,127.01064833229333,129.02732849121094,252680500
2024-07-15,130.3451595951711,131.1737956487568,126.97072416574117,128.22865295410156,208326200
2024-07-16,128.22864817880884,128.82765170945768,124.37499938694933,126.15206909179688,214769500
2024-07-17,121.15030890615485,121.64948612259293,116.52793062400055,117.79583740234375,390086200
2024-07-18,121.64948329559192,122.19858126764932,116.36818755438776,120.89073181152344,320979500
2024-07-19,120.15196272062997,121.39990584738524,117.176870571876,117.73594665527344,217223800
2024-07-22,120.15196984200875,123.86585002604772,119.66277824004172,123.33672332763672,258068900
2024-07-23,122.57795729865761,124.4848179409612,121.89907597271183,122.38826751708984,173911000
2024-07-24,118.97391446537992,119.75262982559674,113.25334693957731,114.06201171875,327776900
2024-07-25,112.85398925547956,116.43807811661003,106.12508231687993,112.0952377319336,460067000
2024-07-26,115.99880916186419,116.00878722251285,111.3963944118867,112.87395477294922,293399100
2024-07-29,113.50293033164324,116.0886649396649,111.11686358531041,111.40637969970703,248152100
2024-07-30,111.33648541055072,111.80571322284378,102.37126667488353,103.55931091308594,486833300
2024-07-31,112.71421539482289,118.1452582531107,110.6975352036146,116.82743072509766,473174200
2024-08-01,117.3365974252001,119.96227450650746,106.63423649015627,109.03028869628906,523462300
2024-08-02,103.58926418951675,108.54110155423277,101.20319756374683,107.0934829711914,482027500
2024-08-05,91.90851949250676,103.23984998207244,90.54077860317504,100.28471374511719,552842400
2024-08-06,103.6691316762756,107.5327664843651,100.38455194570304,104.07846069335938,409012100
2024-08-07,107.6325862976113,108.6209626457341,98.52759897070796,98.74723815917969,411440400
2024-08-08,101.83215768316434,105.3263983879788,97.3595262295921,104.79727172851562,391910000
2024-08-09,105.46617163856445,106.42459107060563,103.2598090475883,104.57763671875,290844200
2024-08-12,106.14504508504662,110.88722873441804,106.08514625528547,108.8405990600586,325559900
2024-08-13,112.25498209343158,116.03874655153282,111.39639661656214,115.94889068603516,312646700
2024-08-14,118.33496818813165,118.40485270467185,113.88230763624145,117.88571166992188,339246400
2024-08-15,118.56457753138926,123.03720123653866,117.27669936691132,122.65782928466797,318086700
2024-08-16,121.73935231230438,124.79431469874058,120.98060074622069,124.37500762939453,302589900
2024-08-19,124.07548340044629,129.78607177734375,123.21689800857207,129.78607177734375,318333600
2024-08-20,128.18870516059542,129.66628071339343,125.68284097768198,127.04060363769531,300087400
2024-08-21,127.11050029285343,129.13716641620366,126.45159025428316,128.28855895996094,257883600
2024-08-22,129.80604926899383,130.5348437487765,122.89743071735391,123.536376953125,376189100
2024-08-23,125.6529157045682,129.38676754540884,125.0139693437825,129.15713500976562,323230300
2024-08-26,129.35680584239554,131.04401222890846,124.1653576328901,126.25191497802734,331964700
2024-08-27,124.84426014055718,128.98742611377176,123.67617933536566,128.0889129638672,303134600
2024-08-28,127.90916927864866,128.11883041927797,122.4381910717034,125.40330505371094,448101100
2024-08-29,121.1602924143949,124.22524016378769,116.51794286125214,117.39649200439453,453023300
2024-08-30,119.33330911013266,121.54965726206557,117.02711271158417,119.17357635498047,333751600
2024-09-03,115.8191103772934,116.01877823521122,107.1134577156826,107.8222885131836,477155100
2024-09-04,105.23655349888746,113.0836130103624,103.94867525541761,106.03523254394531,372470300
2024-09-05,104.8172363950656,109.46957200218677,104.58761912643209,107.03358459472656,306850700
2024-09-06,107.86223127024085,107.97205088494898,100.78389323668084,102.66080474853516,413638100
2024-09-09,104.7074122640328,106.37466998895037,103.5193756446925,106.2947998046875,273912000
2024-09-10,107.63258781478571,109.21997530676359,104.77729355808466,107.92211151123047,268283700
2024-09-11,109.20999122026392,116.99715887318843,107.24323176128858,116.71762084960938,441422400
2024-09-12,116.65770972299038,120.60155174511642,115.19998843977761,118.9541244506836,366052700
2024-09-13,118.8942191250157,119.77284345041441,117.41652479583126,118.9141845703125,238358300
2024-09-16,116.60779536966285,117.99562620382233,114.1815861384539,116.59780883789062,248772300
2024-09-17,117.98563701926243,118.61465900940927,114.65085152654682,115.40966033935547,231925900
2024-09-18,115.70918780797278,117.51636140830334,113.04335537027728,113.19312286376953,310318900
2024-09-19,117.16692604230532,119.47332749554481,117.06708357128667,117.68611907958984,293506400
2024-09-20,116.87737463970251,118.43494609535816,115.2099818009,115.81903076171875,382462400
2024-09-23,116.36816938577523,116.80747774675662,114.68080357526898,116.07862091064453,206228500
2024-09-24,116.33821493002908,121.60998405209612,115.19999404233639,120.68143463134766,354966800
2024-09-25,121.82962567540989,124.74507579152808,121.42026930294443,123.31730651855469,284692900
2024-09-26,126.60216967447258,127.47080742519232,121.60997067496642,123.84647369384766,302582900
2024-09-27,123.7765841783136,123.83648812917791,119.07393359818559,121.2105941772461,271009200
2024-09-30,118.1254274144435,121.31045327548797,117.96568098439478,121.25054931640625,226553700
2024-10-01,121.58002164337385,122.24898215671047,115.60935538711523,116.81746673583984,302094500
2024-10-02,116.25834508658102,119.19375323018366,114.96037016184738,118.66458129882812,221845900
2024-10-03,120.73135113827638,124.16598683922703,120.15225416683853,122.65834045410156,277118000
2024-10-04,124.74507834860822,124.84492081095192,121.63992977952229,124.72510528564453,243678100
2024-10-07,124.7949925984476,130.43617917860723,124.75505409102715,127.52073669433594,346250200
2024-10-08,130.0567764001493,133.27175410957346,129.2180905372518,132.68267822265625,285722500
2024-10-09,133.9007832398008,134.31014727855833,131.1750464230449,132.44305419921875,246191600
2024-10-10,131.70421594134592,134.7893916948541,130.79563194093248,134.5996856689453,242311300
2024-10-11,133.80093033986074,135.5681732923908,133.4514855032485,134.58970642089844,170209500
2024-10-14,136.2570740445621,139.382195340542,136.08734111508144,137.85458374023438,232347700
2024-10-15,137.65492238931424,138.35384259997033,128.53917525345673,131.39471435546875,377831000
2024-10-16,133.77097927850218,136.40686011825153,131.37472950963348,135.50827026367188,264879700
2024-10-17,139.12261346955344,140.6701983777905,136.65646567187503,136.71636962890625,306435900
2024-10-18,138.45366668655112,138.6833036103306,137.06583575895257,137.7847137451172,176090200
2024-10-21,137.91451267760561,143.48580932617188,137.78471061125512,143.48580932617188,264554500
2024-10-22,142.6870350476968,144.19467365659466,141.55879320187643,143.365966796875,226311600
2024-10-23,141.80844872502473,142.2078186781856,137.24558530846375,139.34230041503906,285930000
2024-10-24,140.6003278006047,141.1294997806309,138.24400879643727,140.1909637451172,172354900
2024-10-25,140.71013437273555,143.90515439009727,140.5803475394567,141.31918334960938,205122100
2024-10-28,142.77687691949686,142.91665786792092,139.83148285521668,140.30075073242188,173586700
2024-10-29,140.0711387385227,142.03806672701694,138.6833077693045,141.02964782714844,157593600
2024-10-30,139.32230457284558,140.11108066863528,136.59656776236113,139.12261962890625,179418100
2024-10-31,137.38533225522045,137.39531116933003,131.90389188236236,132.55287170410156,270039600
2024-11-01,134.48984636430032,137.09577501351765,134.36005954202903,135.18875122070312,207127800
2024-11-04,136.99593186321135,138.7432015157854,135.3584911981984,135.83773803710938,187528200
2024-11-05,137.2355728771189,140.15101580482042,137.11576495412646,139.69174194335938,160537400
2024-11-06,142.73696823952852,146.26145970555473,141.73852838547052,145.38282775878906,242043900
2024-11-07,146.1616447939007,148.69767593000637,145.94198675435769,148.64776611328125,207323300
2024-11-08,148.5378942315628,149.53633403774526,146.03180056765603,147.39967346191406,175665800
2024-11-11,148.44804913905642,148.61779734270107,143.3460354590936,145.03338623046875,182325600
2024-11-12,146.55101593198214,149.4165337385062,145.7822128979203,148.05865478515625,198634700
2024-11-13,148.83742831045777,149.0970171738845,145.67236073742527,146.0417938232422,191903300
2024-11-14,147.40963767639698,148.76751628680327,145.32290234595064,146.531005859375,194463300
2024-11-15,144.64398997756967,145.0134231170618,139.86146934373124,141.7584991455078,250132900
2024-11-18,139.28237084466085,141.3291757571169,136.93603090489682,139.9313507080078,221205300
2024-11-19,141.09952959154865,146.90046279249913,140.77004260660007,146.7806396484375,227834900
2024-11-20,147.1800476536701,147.3298075633363,142.5073404172706,145.66241455078125,309871700
2024-11-21,149.11701974284432,152.65149063112756,140.4805046221909,146.44119262695312,400946600
2024-11-22,145.70231714314025,146.93040910376754,140.87986616890575,141.72853088378906,236406200
2024-11-25,141.76848775116036,141.82839170792872,135.60811535874635,135.80780029296875,344941900
2024-11-26,137.48518763604767,139.08269776121745,135.45835561529256,136.70640563964844,190287700
2024-11-27,134.79938868035538,137.00594794359344,131.59440457977618,135.12887573242188,226370900
2024-11-29,136.56660913585418,139.1326070072914,135.83775227020575,138.03431701660156,141863200
2024-12-02,138.6134117376161,140.23087948399635,137.60499293345052,138.41372680664062,171682800
2024-12-03,138.04428850809262,140.3207301527637,137.7347745914462,140.04116821289062,164414000
2024-12-04,141.77844351730124,145.56252344018102,140.07110485324333,144.91354370117188,231224300
2024-12-05,144.89360218968224,146.32146235801875,143.73532840807314,144.8436737060547,172621200
2024-12-06,144.38436733563313,145.4827177885172,141.09926510716357,142.2275848388672,188505600
2024-12-09,138.76274660606958,139.74128080496888,136.92549436926976,138.6029815673828,189308600
2024-12-10,138.80270319338828,141.60852572754877,133.59048602384692,134.86859130859375,210020900
2024-12-11,137.155160163518,139.96096726526153,135.00837248215075,139.1022491455078,184905200
2024-12-12,136.8755860719742,138.2335586289744,135.59749604609573,137.13519287109375,159211400
2024-12-13,138.73282912929213,139.39184866053722,132.342363021888,134.04981994628906,231514900
2024-12-16,133.9798724705664,134.19954557462145,130.2254857362255,131.80313110351562,237951100
2024-12-17,128.89747709842524,131.39374870651014,126.67080709010266,130.19554138183594,259410300
2024-12-18,133.66035727519176,136.49611794642954,128.08867764771298,128.71774291992188,277444500
2024-12-19,131.56349862817564,133.8301176053825,129.3568029702355,130.485107421875,209719200
2024-12-20,129.61640819653473,135.07825184796977,128.02878306565836,134.49911499023438,306528600
2024-12-23,136.0767567466981,139.58151660116854,134.91848306333998,139.46170043945312,176053500
2024-12-24,139.79122163679293,141.6883821217358,138.44322876231024,140.01089477539062,105157000
2024-12-26,139.49166074428362,140.63995487774488,137.52459740894255,139.7213134765625,116205600
2024-12-27,138.34337590905767,138.81267619141968,134.50910636621433,136.8056640625,170582600
2024-12-30,134.628921256616,140.06081067569033,133.82013169900247,137.2849578857422,167734700
2024-12-31,137.82416524884428,137.8641141320975,133.63043143330796,134.08973693847656,155659200
2025-01-02,135.79717669922962,138.6728864930968,134.42922472124587,138.10372924804688,198247200
2025-01-03,139.8011917981673,144.6838985290199,139.52161059265686,144.25454711914062,229322500
2025-01-06,148.3684248105369,151.93310868099036,147.5995839740372,149.20716857910156,265377400
2025-01-07,152.80177547515166,152.9016324332477,139.80118875754107,139.93099975585938,351782200
2025-01-08,142.36737985085435,143.73533196712347,137.3548616440079,139.90106201171875,227349900
2025-01-10,137.24501786219508,139.71133557177419,134.0198390250661,135.7073211669922,207602500
2025-01-13,129.79613768131526,133.29091776199226,129.31684258602223,133.0312957763672,204808900
2025-01-14,135.84711813885167,136.1766278538369,129.85606565410438,131.56350708007812,195590500
2025-01-15,133.45068552943664,136.2465130176968,131.09420431967888,136.03683471679688,185217300
2025-01-16,138.43325045720013,138.5430870275282,133.2909365646461,133.37081909179688,209235600
2025-01-17,136.4861555399997,138.29345383465838,135.25799411499426,137.504638671875,201188800
2025-01-21,138.95247218370304,141.6184885428412,136.88555189361048,140.61997985839844,197749000
2025-01-22,144.4442829463215,147.56960504936464,143.45575377479585,146.85069274902344,237651400
2025-01-23,144.8337106624021,147.01045262591376,143.5056920734559,147.00047302246094,155915500
2025-01-24,148.14872775799392,148.74783905952535,141.66841618539428,142.4073028564453,234657600
2025-01-27,124.61389107098998,128.20851331467108,116.52596435964819,118.24340057373047,818830900
2025-01-28,121.62833781559046,128.8076175411123,116.0766320864675,128.79763793945312,579666400
2025-01-29,126.31136108771855,126.70077890376498,119.87098248262683,123.51553344726562,467120600
2025-01-30,122.91641979157204,124.81358785050304,117.92387627755191,124.464111328125,392925500
2025-01-31,123.59540412169352,127.6593341751579,119.01225290264883,119.89093780517578,388161100
2025-02-03,114.57887527254843,118.39317826666118,112.84147223806173,116.48603057861328,371235700
2025-02-04,116.78557092036435,121.01924546805154,116.52595653802958,118.47305297851562,256550000
2025-02-05,121.57842315704723,124.8135892575584,120.57991444298676,124.64384460449219,262230800
2025-02-06,127.22996749994309,128.57796024161053,125.02326434711814,128.4880828857422,251483600
2025-02-07,129.02729180363133,130.17557068191934,124.8135839892709,129.6463623046875,228186300
2025-02-10,129.89599772289156,134.79867927002743,129.76620194780145,133.37081909179688,216989100
2025-02-11,132.38228609427233,134.27944654160947,130.82461495038982,132.60195922851562,178902400
2025-02-12,129.8261026458349,132.04279313100764,128.88750205027108,130.94442749023438,160278600
2025-02-13,131.36380821970238,136.29644386397356,130.9743904181038,135.08824157714844,197430000
2025-02-14,136.2764682668825,139.04234173663804,135.29793396994222,138.6429443359375,195479600
2025-02-18,141.05932980350207,143.226091877041,137.72429913092634,139.19210815429688,219176600
2025-02-19,139.30195061666387,141.14919790373787,137.01537227663152,139.02236938476562,167536000
2025-02-20,139.8211794831435,140.45024487315197,136.5860056380014,139.90106201171875,143903600
2025-02-21,139.83115735009994,141.24905316966826,133.83012530319377,134.22952270507812,228217600
2025-02-24,136.35635785611953,138.38332947991822,129.88602516626045,130.08572387695312,251381100
2025-02-25,129.78614928447132,130.0058224050398,124.25441810041912,126.44114685058594,271428700
2025-02-26,129.79615892181477,133.53057192522448,128.29839578499454,131.084228515625,322553800
2025-02-27,134.7986697104659,134.8086493121392,119.83102696232622,119.97081756591797,443175800
2025-02-28,117.84399213493025,124.90344826210318,116.2264129341289,124.73370361328125,389091100
2025-03-03,123.32581202011416,123.51552349340123,112.11255593535711,113.88990020751953,411381400
2025-03-04,110.48499132597254,119.13207287466713,109.9457957033308,115.81702423095703,398163300
2025-03-05,117.40465751759531,118.10361057672029,114.3392360416895,117.12507629394531,284337900
2025-03-06,113.36069823382532,115.17798387118098,110.05563667803439,110.40511322021484,321181900
2025-03-07,111.08409477767312,113.31077256873955,107.39959517379882,112.5219497680664,341755500
2025-03-10,109.73610085349598,111.6831896506324,105.30272006245755,106.8204574584961,366487400
2025-03-11,106.83043665954975,112.0726069900584,104.61374627233778,108.5978012084961,354865700
2025-03-12,113.96030532134075,116.59661034457649,112.72203506897391,115.57803344726562,323857500
2025-03-13,116.86621875800482,117.59520049683546,113.63075517539951,115.41825103759766,299033100
2025-03-14,118.44401014075397,121.70943054003341,117.98465480860956,121.49972534179688,277593500
2025-03-17,122.56822336901756,122.71801496792263,117.86481592318836,119.36271667480469,255501500
2025-03-18,117.83486627342975,118.85343549406599,114.37970924440411,115.26846313476562,299686900
2025-03-19,117.10588726826337,120.28143743378797,115.51811599486,117.35553741455078,273426200
2025-03-20,116.38688818380663,120.0317738155389,116.30699831746894,118.3641128540039,248829700
2025-03-21,116.77634740953133,117.82487338576216,115.25847035053427,117.5352783203125,266498500
2025-03-24,119.71223179694545,122.04896105750126,119.17298658297102,121.24009704589844,228452500
2025-03-25,120.38129181712452,121.12025404464302,118.75356814650013,120.5210952758789,167447200
2025-03-26,118.5638454632065,118.6736845133834,112.55226594608844,113.60079956054688,293463300
2025-03-27,111.19416561141583,114.28982567832341,110.50513643809545,111.27405548095703,236902100
2025-03-28,111.33397028810096,112.71204388720727,108.9173588485005,109.51651763916016,229872500
2025-03-31,104.98287310192077,110.80471613819729,103.50494855407659,108.22832489013672,299212700
2025-04-01,108.36813339033893,110.04578269736857,106.32100673854832,109.99585723876953,222614000
2025-04-02,107.1398479774266,111.82328673498283,106.64054773013802,110.26546478271484,220601200
2025-04-03,103.36515315702636,105.48218161280622,101.45782230020173,101.65754699707031,338769400
2025-04-04,98.77159334909085,99.9898797349743,91.9811059228115,94.17802429199219,532273800
2025-04-07,87.33759621246332,101.60759784636036,86.4987754744505,97.50334930419922,611041300
2025-04-08,103.66472218207363,105.70186824827938,94.3278084260022,96.16523742675781,476243400
2025-04-09,98.75161045127601,114.9389248904037,97.39351305704149,114.17000579833984,612918300
2025-04-10,109.21694044618194,110.70485307181585,99.01124202201945,107.4194564819336,437812400
2025-04-11,108.34816524857224,111.39390013023589,107.32959598741144,110.77476501464844,313417300
2025-04-14,113.95031245540225,114.13006086401796,108.91736463288024,110.55506896972656,264705000
2025-04-15,110.81470199440513,113.46099492172469,110.3453585264742,112.04297637939453,228966900
2025-04-16,104.40369410395131,106.64055727885454,100.30942561460589,104.3437728881836,397016900
2025-04-17,104.30381795694564,104.3237942331935,99.90998190333623,101.34796142578125,292517500
2025-04-21,98.63177356997639,99.3008417327631,94.90699776234818,96.77438354492188,288501100
2025-04-22,98.6417555090913,99.67031279819463,97.14385476914264,98.75160217285156,241004800
2025-04-23,104.37372584399631,104.6533403969428,101.87722447592722,102.5662612915039,247526000
2025-04-24,103.33517578708889,106.39089066307956,102.96569088547095,106.28104400634766,220815000
2025-04-25,106.70047033928225,111.76337496991529,105.58204256681438,110.85465240478516,251064700
2025-04-28,109.53649833991803,110.21554702841466,105.8716284785824,108.57784271240234,207708500
2025-04-29,107.51932238432487,110.04578062718967,107.2896485179105,108.867431640625,170444300
2025-04-30,104.32379376082015,108.76756286621094,103.93434018163836,108.76756286621094,235044600
2025-05-01,112.92174799120272,114.7791455573913,111.14424029465428,111.45380401611328,236121500
2025-05-02,114.02021557227994,115.23850951002053,113.21135153306962,114.33976745605469,190194800
2025-05-05,112.75199823422925,114.50952981770942,112.50234808238875,113.66072082519531,133163200
2025-05-06,111.32399638135878,114.57942879752297,110.66491633937942,113.38111114501953,158525600
2025-05-07,112.89179643623137,117.51531428959993,112.12286973799952,116.89617919921875,206758800
2025-05-08,118.08452294119296,118.51392151118237,115.68787993703612,117.20575714111328,198428100
2025-05-09,117.1857803819228,118.06455379711826,115.0487756801452,116.48676300048828,132972200
2025-05-12,121.79931583574867,122.82787322998047,120.11167839159091,122.82787322998047,225023300
2025-05-13,124.80509195257008,131.0363568449821,124.29580357204036,129.74815368652344,330430100
2025-05-14,133.01359953083553,135.2504704050171,131.4957223220182,135.15060424804688,281180800
2025-05-15,134.10204362723803,136.10924022234616,132.47433530494334,134.64129638671875,226632600
2025-05-16,136.02937003025397,136.15919297953724,133.27323795943153,135.21051025390625,226542500
2025-05-19,132.20473687113784,135.6798627990254,132.20473687113784,135.3802947998047,193154600
2025-05-20,134.10205468200522,134.39165736048994,132.4343936724944,134.1919403076172,161514200
2025-05-21,132.87380141479636,137.20772462329396,130.4072565649854,131.61557006835938,270608700
2025-05-22,132.04495280891254,134.0621302833829,131.36591171623223,132.6441192626953,187344000
2025-05-23,129.8180590665907,132.49430097030302,128.97923834191374,131.1062469482422,198821300
2025-05-27,133.96224703921547,135.47014350181522,133.1234263008756,135.31036376953125,192953600
2025-05-28,135.83961638539918,137.0579101389624,134.60134635659116,134.62132263183594,304021100
2025-05-29,142.0509238917618,143.28919402135628,137.71700129433316,138.99520874023438,369241900
2025-05-30,138.5258751739265,139.42460961066672,132.73398869983464,134.94090270996094,333170900
2025-06-02,135.30038976970178,137.9266987725352,135.21050414256473,137.187744140625,197663100
2025-06-03,138.5857816307834,141.801276586457,137.75694135463795,141.02236938476562,225578800
2025-06-04,141.99101618842522,142.19073325311263,139.34471555965237,141.7213897705078,167120800
2025-06-05,141.97103980754113,143.79848066110154,138.63571759363617,139.79409790039062,231397900
2025-06-06,142.31057053380505,143.0695167658335,141.3119699021351,141.5216827392578,153986200
2025-06-09,142.98961854621228,144.7970831461155,141.74136782943543,142.43040466308594,185114500
2025-06-10,142.49031793007975,144.088069701399,141.33193761060437,143.758544921875,155881900
2025-06-11,144.4176611881815,144.79716064315863,141.6813000562032,142.64002990722656,167694000
2025-06-12,141.78117540604916,144.80714416503906,141.66133988719625,144.80714416503906,162365000
2025-06-13,142.29048989356696,143.3890329315276,140.6626682408541,141.7811737060547,180820600
2025-06-16,143.159329390418,145.98555166191812,143.00951976951112,144.49754333496094,183133700
2025-06-17,144.29781716982143,145.02684191909495,143.58875484653294,143.9282989501953,139108000
2025-06-18,143.81845298832403,145.45627108510786,142.9296373487004,145.2864990234375,161494100
2025-06-20,145.2565234707711,146.00552584195606,142.46024490398213,143.65866088867188,242956200
2025-06-23,142.31046402404658,144.58743022935184,141.84108794116847,143.97824096679688,154308900
2025-06-24,145.36637857516104,147.76319531946535,145.3064608232896,147.70326232910156,187566100
2025-06-25,149.0714471780808,154.24454949233478,149.06145072732096,154.104736328125,269146500
2025-06-26,155.77252682686714,156.51154803915952,153.79516469048193,154.81381225585938,198145700
2025-06-27,155.83244416127852,158.4989061985097,155.05348286000648,157.54017639160156,263234500
2025-06-30,158.18928922556665,158.4489531245615,155.7525477292889,157.77984619140625,194580300
2025-07-01,156.0820975676339,156.99089075003695,151.288494680634,153.09608459472656,213143600
2025-07-02,152.77652287552658,157.3903883520798,152.76654166200262,157.0408477783203,171224100
2025-07-03,158.15934077500395,160.76586971787668,157.56014800239086,159.1280517578125,143716100
2025-07-07,157.98955517353815,159.09807923203843,157.13069855849747,158.02951049804688,140139000
2025-07-08,159.11806346268276,160.00687898854957,158.17931139836438,159.78717041015625,138133000
2025-07-09,161.0055497766517,164.2012901564699,160.9456320255445,162.66334533691406,183656400
2025-07-10,164.10143771292147,164.28119097215313,161.3950357038234,163.88172912597656,167704100
2025-07-11,163.50223698698784,167.66668863474402,163.25256951238498,164.7006378173828,193633300
2025-07-14,165.15003478890583,165.2698855378492,161.80449980139463,163.85177612304688,136975800
2025-07-15,170.96229989605533,172.17068192225182,168.97494134085255,170.4729461669922,230627400
2025-07-16,170.83247408910898,171.52155877211666,168.67534340451815,171.14205932617188,158831500
2025-07-17,171.7911900263939,173.92834287299638,170.60277047944578,172.76988220214844,160841100
2025-07-18,173.40903901870553,174.01822826089457,171.03219980516573,172.18067932128906,146456400
2025-07-21,172.52021135087202,173.1493782135921,170.77253916642036,171.15203857421875,123126100
2025-07-22,171.1120799535818,171.16201649130318,164.36107758832912,166.8078155517578,193114300
2025-07-23,169.30451898143798,171.03221376466186,167.7465962646817,170.5528564453125,154082200
2025-07-24,172.21065238052367,173.5988030318276,171.07216922217725,173.50892639160156,128984600
2025-07-25,173.37908037175941,174.4876045602178,172.72995103806022,173.26922607421875,122316800
2025-07-28,173.78854323017163,176.7645753161742,173.73860668662087,176.51490783691406,140023500
2025-07-29,177.72328828972238,179.14139760883538,174.7871965738649,175.2765350341797,154077500
2025-07-30,176.27521653092245,179.65072563032518,175.80584046425426,179.03155517578125,174312200
2025-07-31,182.65671589592668,183.05619299307685,175.69598557745124,177.63340759277344,221685400
2025-08-01,173.85844036702034,176.3051785902702,170.66269971388826,173.4889373779297,204529000
2025-08-04,174.9270158880054,179.96030526461158,174.28786778877773,179.7605743408203,148174600
2025-08-05,179.38107983649965,180.0202279532499,175.6660266458598,178.02288818359375,156407600
2025-08-06,176.09546439011424,179.66070799076476,176.01556896990587,179.1813507080078,137192300
2025-08-07,181.32851054269395,183.6354356942093,178.5621905082108,180.52957153320312,151878400
2025-08-08,181.30852119793246,183.05619350177665,180.16004168373897,182.4569854736328,123396700
2025-08-11,181.80785936297346,183.59547178906817,180.01025048518693,181.81784057617188,138323200
2025-08-12,182.7166509044063,184.234618174838,179.22130626788388,182.9163818359375,145485700
2025-08-13,182.37709375214726,183.72530422356274,179.11145412417423,181.3484649658203,179871700
2025-08-14,179.51090820642335,182.7765629312542,179.22130065055427,181.77789306640625,129554000
2025-08-15,181.6380820439347,181.658044469753,177.8031781362909,180.20997619628906,156602200
2025-08-18,180.359785616326,182.69666946783065,180.3497891649352,181.7678985595703,132008000
2025-08-19,182.1873495042791,182.25726371442747,175.25659293377495,175.40638732910156,185229200
2025-08-20,174.93701244991922,175.76591033294957,168.57548977611862,175.1667022705078,215142700
2025-08-21,174.61742144674352,176.66468235557974,173.57879631630271,174.7472381591797,140040900
2025-08-22,172.38040151215634,178.35244288234992,170.97227338198675,177.7532501220703,172789400
2025-08-25,178.11278178635797,181.6680441727565,176.33515059315872,179.57083129882812,163012800
2025-08-26,179.82049655621498,182.14739921043056,178.57215920342722,181.52822875976562,168688200
2025-08-27,181.7379436715125,182.24727507184866,178.86178472902657,181.35845947265625,235518900
2025-08-28,180.5794881684096,184.22462699678687,176.17535050737845,179.9303436279297,281787800
2025-08-29,177.87308356836775,177.91302365652732,172.91967451951007,173.94830322265625,243257900
2025-09-02,169.77389508693435,172.15073449446965,166.997593786357,170.5528564453125,231164900
2025-09-03,170.83246833565184,172.18067877773825,168.6553752976972,170.39305114746094,164424900
2025-09-04,170.34312465674856,171.6314020660847,169.1846639665207,171.43167114257812,141670100
2025-09-05,167.8065026792569,168.80517258283567,163.8517783946414,166.7978515625,224441400
2025-09-08,167.32715219255022,170.73262035939155,167.12742125141602,168.0861358642578,163769100
2025-09-09,168.86509051949957,170.75257602974241,166.51822538667548,170.53286743164062,157548400
2025-09-10,176.4050468150653,179.05151589898875,175.2366048852674,177.09413146972656,226852000
2025-09-11,179.45110250300584,180.05034427267074,176.2551819566126,176.94430541992188,151159300
2025-09-12,177.5435664999128,178.37251110105626,176.22524055900428,177.593505859375,124911000
2025-09-15,175.44622258887705,178.62217970015598,174.28769658655634,177.52357482910156,147061600
2025-09-16,176.77453647764895,177.27389957504343,174.15787872389456,174.65724182128906,140737800
2025-09-17,172.42008695754546,172.97937117956877,168.1954794867923,170.0730743408203,211843800
2025-09-18,173.7583871307785,176.87442336525442,172.73969733735942,176.01551818847656,191763300
2025-09-19,175.54609885389235,177.8531538116004,174.95683884616588,176.4449462890625,237182100
2025-09-22,175.07671637070237,184.31493427279133,174.48747153493287,183.37612915039062,269637000
2025-09-23,181.73821238324945,182.18763613663097,175.9855548133895,178.2027130126953,192559600
2025-09-24,179.54100413716742,179.5509859124944,175.17656050171237,176.74456787109375,143564100
2025-09-25,174.2577508730865,180.03038734713982,172.90947958662534,177.4636688232422,191586700
2025-09-26,177.94304916264082,179.54101721374016,174.70717071687335,177.96302795410156,148573700
2025-09-29,180.2001578366391,183.76561762390497,180.09031258631592,181.6183624267578,193063500
2025-09-30,181.848063160254,187.11135435179565,181.2488213615314,186.3423309326172,236981000
2025-10-01,185.00405809785752,187.9003581593927,183.665753326035,187.0015106201172,173844900
2025-10-02,189.35850113919957,190.80665113886596,187.82045419605362,188.64939880371094,136805800
2025-10-03,188.94900408551683,190.11751186051177,185.1438598655547,187.38099670410156,137596900
2025-10-06,185.26372281570642,186.99151499327596,183.09648864167906,185.3036651611328,157678100
2025-10-07,185.99277739696944,188.8191743935438,183.76562222076905,184.80429077148438,140088000
2025-10-08,186.33235229407293,189.35849142592937,186.30237648821537,188.86911010742188,130168900
2025-10-09,191.9851285494953,195.05122522476873,190.816620752273,192.32470703125,182997200
2025-10-10,193.26350393527704,195.37081685366852,181.81811007166195,182.92669677734375,268774400
2025-10-13,187.73057886865314,189.86785248459339,185.72314454487463,188.08013916015625,153482800
2025-10-14,184.5346420566055,184.56460262310264,179.47109296765566,179.80067443847656,205641400
2025-10-15,184.56460739230218,184.63451030281777,177.06416377208902,179.60093688964844,214450500
2025-10-16,181.99786281424815,183.04652832403656,179.5410050089342,181.57839965820312,179723300
2025-10-17,179.9504818191574,183.86550198639478,179.52103686227596,182.9866180419922,173135200
2025-10-20,182.89672994644732,184.96408521149223,181.4985041529273,182.4073486328125,128544700
2025-10-21,182.55715836486127,182.55715836486127,179.5709767314294,180.9292449951172,124240200
2025-10-22,180.9092591258601,183.20633238125785,176.53483359319367,180.05035400390625,162249600
2025-10-23,180.19017423035882,182.7968501503985,179.5609718650331,181.92796325683594,111363700
2025-10-24,183.6058200325102,187.23120099697576,183.26625678365264,186.02273559570312,131296700
2025-10-27,189.74800438556454,191.75543864774096,188.18997864549505,191.24609375,153452700
2025-10-28,192.8040950113927,202.8912204382634,191.66554775855593,200.77392578125,297986200
2025-10-29,207.715080745974,211.9197249544373,204.51915980095313,206.77627563476562,308829600
2025-10-30,204.88867704045037,205.89740027142088,201.1534507471854,202.63156127929688,178864400
2025-10-31,206.18701808603035,207.70508615602077,201.81260775338424,202.23207092285156,179802200
2025-11-03,207.8149540137207,211.07079600988305,205.2981596683369,206.61648559570312,180267300
2025-11-04,202.7414122562426,203.71017785907821,197.67786326579136,198.43690490722656,188919300
2025-11-05,198.51681234435117,202.66152000582164,194.40205001057666,194.9613494873047,171350300
2025-11-06,196.16981228388872,197.3682807609907,186.14260723026618,187.84043884277344,223029800
2025-11-07,184.66444902638756,188.08010568481336,178.682089465448,187.91030883789062,264942300
2025-11-10,194.8614791513322,199.68532876518447,193.5431531870904,198.7964630126953,198897100
2025-11-11,194.91140808059743,195.17107140540628,191.05632435423007,192.91395568847656,176483300
2025-11-12,195.47068348463264,195.64046510157328,190.8865341091802,193.55313110351562,154935300
2025-11-13,190.8066439854392,191.1961465947379,183.61581837719615,186.62197875976562,207423100
2025-11-14,182.62706393415107,190.76667594021126,180.34996953708986,189.92774963378906,186591900
2025-11-17,185.73311754704963,188.75925679396335,184.08522536919267,186.36231994628906,173628900
2025-11-18,183.1464291447985,184.5646186262563,179.42116916755387,181.12899780273438,213598900
2025-11-19,184.5546024199349,187.62069907956393,182.5971076589588,186.28240966796875,247246400
2025-11-20,195.70039225393623,195.7503316108911,179.62090987236718,180.40989685058594,343504800
2025-11-21,181.00913979899244,184.32490281868388,172.70971237567008,178.6521453857422,346926200
2025-11-24,179.2613745727385,183.26626122561635,176.25519889972114,182.31747436523438,256618300
2025-11-25,174.68720886729724,177.9330691207534,169.3340356551,177.593505859375,320600300
2025-11-26,181.39863013804072,182.67699835309762,178.01294919921247,180.03036499023438,183852000
2025-11-28,178.7819702942556,179.0616124091028,176.27517303639212,176.7745361328125,121332800
2025-12-01,174.5373804488289,180.07033197943204,173.45875435362808,179.69081115722656,188131000
2025-12-02,181.52847225165078,185.4235136530611,179.7707195907086,181.22886657714844,182632200
2025-12-03,180.84935949817796,182.21760964702736,178.88186747602086,179.3612518310547,165138000
2025-12-04,181.39873533031871,184.29521152983364,179.7407692190929,183.15660095214844,167364900
2025-12-05,183.66598269849337,184.43504894381925,180.6896172324408,182.1877899169922,143971100
2025-12-08,182.41751577930148,187.7709870845105,182.17780264974235,185.323974609375,204378100
2025-12-09,185.33395229946427,185.4937610485011,183.09669077375298,184.7446746826172,144719700
2025-12-10,184.74467463147755,185.2540478736652,181.8182359713298,183.55612182617188,162785400
2025-12-11,180.060377409269,181.09911899111663,176.40483245042134,180.70957946777344,182136600
2025-12-12,180.88937065842447,182.59729422559735,174.40727135263347,174.80679321289062,204274900
2025-12-15,177.72322484137152,178.20263580820242,174.81676632707214,176.07522583007812,164775600
2025-12-16,176.04526619844617,178.27256047932946,174.686922405521,177.5034942626953,148588100
2025-12-17,175.88546784627562,175.91543007880585,170.10251312474713,170.73175048828125,222775500
2025-12-18,174.3173807251694,175.93540231223645,171.6106906687844,173.9278564453125,176096000
2025-12-19,176.4547863729682,181.22896236326454,176.12518653595592,180.76953125,324925900
2025-12-22,183.6959478478248,183.935660967629,182.1278683380167,183.4662322998047,129064400
2025-12-23,182.74711840334103,189.09937165158402,182.67719635774475,188.97952270507812,174873600
2025-12-24,187.71105179508496,188.67987134928,186.36269028434322,188.38023376464844,65528500
2025-12-26,189.68863982420257,192.45526970950266,187.7709805748158,190.2978973388672,139740300
2025-12-29,187.4813341773615,188.53004285167208,185.68352392965699,187.99070739746094,120006100
2025-12-30,188.01069817319677,188.75978454971104,186.70228116711607,187.31153869628906,97687300
2025-12-31,189.33906392286715,190.32784810299728,186.26281429981768,186.27279663085938,120100500
2026-01-02,189.60873357074172,192.69496568024334,188.03065649528438,188.6199493408203,148240500
2026-01-05,191.52640398377517,193.39413642527967,185.9232371396652,187.89083862304688,183529700
2026-01-06,190.2879203285983,191.935904267691,186.5924305704924,187.0119171142578,176862600
2026-01-07,188.34028795646717,191.13686475404677,186.3327268208183,188.87962341308594,153543200
2026-01-08,188.87962438445808,189.31909080925226,183.4862088297309,184.8145751953125,172457000
2026-01-09,184.8545293482555,186.1129888751533,183.44624341374129,184.63479614257812,131327500
2026-01-12,182.99680052530172,186.89204340473577,182.79704721562317,184.71470642089844,137968500
2026-01-13,184.7746378408776,187.88084992986475,183.17658082293008,185.58364868164062,160128900
2026-01-14,184.0954710990846,184.2352999433054,180.57975484984624,182.91690063476562,159586100
2026-01-15,186.2727952885624,189.46889382188115,186.10300422087673,186.82212829589844,206188600
2026-01-16,188.84966224271636,190.20800608356458,185.85331687968656,186.0031280517578,187967200
2026-01-20,181.67840938923754,182.15783564218773,177.39364202987932,177.85308837890625,223345300
2026-01-21,178.8318922054109,185.15418310637224,178.18267486272933,183.09669494628906,200381000
2026-01-22,184.52493568425237,185.94320399708803,183.70592730123704,184.6148223876953,139636600
2026-01-23,187.27158465782284,189.3690325020707,186.59242035942677,187.44137573242188,142748100
2026-01-26,186.93200550896393,188.88960930416175,185.76343263076708,186.2428436279297,124799600
2026-01-27,187.01190478720812,189.76853699604698,185.47377232125424,188.29034423828125,143711600
2026-01-28,191.0369866951896,192.1156727976695,189.60872088942648,191.28668212890625,148552700
2026-01-29,191.10690928022157,193.244301759811,185.83334250366076,192.27548217773438,171764400
2026-01-30,190.97707539362895,194.25307849059112,189.23918956869622,190.8971710205078,179489500
2026-02-02,186.97193993484487,190.06816944570554,184.65477420739685,185.38388061523438,165794100
2026-02-03,186.01312186532803,186.04308409913696,176.01530661894333,180.12030029296875,204019600
2026-02-04,179.241398362594,179.36124730830178,171.70059231104517,173.97781372070312,207014100
2026-02-05,174.7168961324724,176.60460839935587,170.8216531377948,171.67062377929688,206312900
2026-02-06,176.4747642750831,186.77220252110314,174.38731390455436,185.18414306640625,231346200
2026-02-09,184.03552934237337,193.42408742490235,183.7259094221984,189.80848693847656,196387400
2026-02-10,191.1468699498802,192.24552080983682,187.89083145679504,188.31031799316406,136764800
2026-02-11,192.21556708670826,193.02457795983298,188.54005713468442,189.81849670410156,144192700
2026-02-12,192.79485804306626,193.3741533411549,186.28279615580217,186.7122802734375,189932500
2026-02-13,187.25160463564347,187.27158453858374,181.36878053627944,182.58729553222656,161888000
2026-02-17,181.5285959992061,186.92201173748992,178.9617194034806,184.7446746826172,162276900
2026-02-18,188.52005804720127,190.13807962880853,186.53247684939709,187.75099182128906,164749100
2026-02-19,186.8321237354349,188.20044994409497,185.43383529156333,187.6710968017578,126554500
2026-02-20,186.342734664171,190.09814888521723,185.71349722992974,189.58877563476562,178422300
2026-02-23,191.1668239815537,193.71372053376285,189.34904909171755,191.316650390625,171584800
2026-02-24,191.2567378902843,193.53395924081437,187.171708627792,192.61508178710938,175123600
2026-02-25,194.2131137016724,197.38924768090467,193.5539140704845,195.32176208496094,250637100
2026-02-26,194.03334246429932,194.0533071271398,184.09546670933034,184.66476440429688,360807900
2026-02-27,181.0292033274304,182.36756729714082,176.1651407824763,176.97415161132812,311636500
2026-03-02,174.79680413295333,183.2365228635074,174.42725972943845,182.25770568847656,209095300
2026-03-03,178.27256086028186,180.67961330625172,176.70446619030554,179.83065795898438,178099400
2026-03-04,180.22019302825058,184.47499807110998,179.84065106191534,182.8170166015625,177731200
2026-03-05,180.94928366467312,183.83576224630102,177.6632984882966,183.11663818359375,198779700
2026-03-06,179.62092189230134,182.53736302725528,176.6046117177772,177.6033935546875,189021900
2026-03-09,176.61458806542097,182.68718325690133,175.34613090826778,182.427490234375,177213600
2026-03-10,182.17778352587916,186.21287029543888,181.78825925636124,184.54490661621094,179118500
2026-03-11,185.6935753620157,187.40157611978597,184.23526832414757,185.8134307861328,145280400
2026-03-12,183.83574790315467,184.72471123223085,181.53842231669145,182.9268035888672,155762700
2026-03-13,184.70472270189353,185.87335881208497,179.73052445930352,180.0401611328125,160988400
2026-03-16,182.7570048934839,188.66012868968363,181.19882333613754,183.0067138671875,217307400
2026-03-17,184.8445618023411,185.1841623368753,181.4684917186082,181.71820068359375,182497800
2026-03-18,182.26756764801692,183.16652908726184,180.12007659614625,180.1899871826172,156683100
2026-03-19,177.80276430906588,179.77047215436778,175.5853475010711,178.3521270751953,170968500
2026-03-20,177.79278016290237,178.05247199547227,171.52009228430225,172.4989471435547,241323500
2026-03-23,177.0536408486584,178.16234927411983,174.55655117338722,175.43553161621094,182836300
2026-03-24,174.6264683383626,176.01484951930743,173.777451794472,174.99603271484375,147667800
2026-03-25,176.89383761026875,181.00903649280792,176.64412864426953,178.47198486328125,162602100
2026-03-26,175.86504388946904,176.30451888215924,170.9407749866337,171.04066467285156,186152200
2026-03-27,169.80209026823204,170.77096223786808,166.81556566439232,167.32498168945312,196212700
2026-03-30,168.58352034150624,169.25273855906806,164.07877596313077,164.97772216796875,185627000
2026-03-31,166.77563225072552,174.41672082635512,166.7656493784466,174.1969757080078,226181300
2026-04-01,175.79511913229018,177.16351944386196,174.54657425208924,175.54541015625,168132000
2026-04-02,171.97954556798163,177.28337661769746,171.170490985778,177.18348693847656,143143200
2026-04-06,176.953760088437,177.58301630024127,175.55538077559635,177.43319702148438,107564300
2026-04-07,175.52541836668527,178.0225079733855,173.4578360976707,177.89266967773438,132534900
2026-04-08,184.28522303450282,185.0443328296099,180.09011531444295,181.8680419921875,147732700
2026-04-09,181.6283100364998,183.86570786090292,180.40972906189933,183.69590759277344,116428500
2026-04-10,184.09543736125556,189.77881591864653,184.08545448929232,188.41041564941406,160459500
2026-04-13,185.81343445538195,189.43921351677633,185.52377876103736,189.08961486816406,133648200
2026-04-14,190.61783708872017,196.28123474121094,190.54792650193752,196.28123474121094,161307000
2026-04-15,196.31119931453722,200.166706463506,195.5121427945441,198.63848876953125,185338400
2026-04-16,197.20015246424893,199.6173486077875,195.58204328148997,198.1190948486328,134012900
2026-04-17,199.66727910555997,201.46518667284232,199.03802288778024,201.44520568847656,160324400
2026-04-20,199.7471876833392,201.9346406188145,197.6096795882359,201.82476806640625,119381400
2026-04-21,201.89470437258373,202.51397775047528,198.76834314349978,199.64732360839844,107945300
2026-04-22,200.75603026628932,202.26426696777344,198.76834136586132,202.26426696777344,107501000
2026-04-23,202.22431724671497,203.59271751351986,196.99041179336916,199.4075927734375,113561800
2026-04-24,199.72721882416832,210.70441481695215,199.57738430538978,208.0275421142578,214134400
2026-04-27,209.4059296471886,216.5775789683675,207.13858324348888,216.3578338623047,187172400
2026-04-28,209.24613572912838,214.4800260296235,207.95762889823203,212.92184448242188,180275400
2026-04-29,212.4523894424142,212.47237042757808,207.33835459433345,209.00640869140625,123711800
2026-04-30,209.68560172993963,210.05518135667162,198.46867945247158,199.33767700195312,225239200
2026-05-01,201.0456862731779,202.76368521944246,196.89052532216473,198.21897888183594,128647000
2026-05-04,199.26774870200734,201.49514834231712,194.51329562325486,198.24893188476562,125368100
2026-05-05,199.06798360144137,200.00689171848026,195.80178617585554,196.271240234375,113406600
2026-05-06,199.65729931010404,208.0275486883452,198.37879062945476,207.5880584716797,188362800
2026-05-07,208.0974592073836,213.95063795079753,206.25960488465944,211.2537841796875,168307900
2026-05-08,212.7820061205359,217.5464575316693,212.642169707093,214.94947814941406,136421400
2026-05-11,213.79081709888328,222.04121091513153,213.64099781886503,219.18453979492188,160685800
2026-05-12,218.29558003818886,223.48952345691538,214.6698009927987,220.52297973632812,159176600
2026-05-13,224.6681467194947,227.57476278227756,221.3120728008497,225.56710815429688,150405400
2026-05-14,229.58243343997336,236.26463268418732,229.03307065698914,235.465576171875,180782900
2026-05-15,229.49252726355346,231.23050718880455,223.97896415639156,225.05770874023438,180977600
2026-05-18,229.60240180074675,229.7322553439391,218.1157890335498,222.0612030029297,146280900
2026-05-19,219.36432694236115,224.21866983705235,217.6563261548179,220.35317993164062,140948200
2026-05-20,222.9201831873553,225.8667612103758,220.2433103590018,223.20985412597656,184201600
2026-05-21,222.03121805596584,227.13526994336974,217.6762930684293,219.25445556640625,203381800
2026-05-22,220.64283833374193,220.75271088945502,214.54994865072538,215.07933044433594,169275700
2026-05-26,216.28791550863897,217.92600574795006,211.75320730356688,214.60987854003906,187202600
2026-05-27,213.87072806866348,213.90069192498567,208.53694826896,212.35250854492188,167601200
2026-05-28,211.03403615445995,215.2691056248748,210.97410844231206,214.00057983398438,143996000
2026-05-29,214.33020874183248,217.6063892667686,210.88422794322287,210.8942108154297,289410600
2026-06-01,215.47885750139108,224.60821672379726,215.44889364463796,224.09881591796875,212850700
2026-06-02,226.91551751623658,232.00958636747916,221.09231801448135,222.56060791015625,193362900
2026-06-03,221.46188713313538,222.56061267075634,214.2602739078757,214.5,160907000
2026-06-04,213.91000366210938,221.60000610351562,210.97000122070312,218.66000366210938,169022200
2026-06-05,214.52999877929688,214.8699951171875,204.3300018310547,205.10000610351562,219655500
2026-06-08,210.17999267578125,210.47000122070312,206.0,208.63999938964844,138372800
2026-06-09,210.6199951171875,211.39999389648438,199.33999633789062,208.19000244140625,180962500
2026-06-10,204.42999267578125,207.22000122070312,199.9199981689453,200.4199981689453,161746600
2026-06-11,201.49000549316406,205.66000366210938,199.5399932861328,204.8699951171875,158643200
2026-06-12,204.86000061035156,207.07000732421875,203.44000244140625,205.19000244140625,112001800
2026-06-15,208.9199981689453,212.7100067138672,208.33999633789062,212.4499969482422,149936700
2026-06-16,211.17999267578125,211.49000549316406,207.2899932861328,207.41000366210938,125694100
2026-06-17,208.52999877929688,209.2100067138672,203.0800018310547,204.64999389648438,128363500
2026-06-18,207.3300018310547,211.38999938964844,206.5,210.69000244140625,241272000
2026-06-22,211.44000244140625,213.99000549316406,207.72000122070312,208.64999389648438,122041400
2026-06-23,202.1699981689453,203.77000427246094,200.0,200.0399932861328,153496200
2026-06-24,200.1199951171875,201.6699981689453,196.5800018310547,199.0,151810700
2026-06-25,200.0800018310547,200.8000030517578,192.1300048828125,195.74000549316406,149550000
2026-06-26,193.1199951171875,195.5500030517578,191.22000122070312,192.52999877929688,179304100
2026-06-29,193.85000610351562,196.17999267578125,189.8000030517578,194.97000122070312,148835700
2026-06-30,197.24000549316406,200.6300048828125,195.11000061035156,200.08999633789062,166476700
2026-07-01,196.1999969482422,199.85000610351562,193.4499969482422,197.5800018310547,146147600
2026-07-02,197.13999938964844,200.05999755859375,192.35000610351562,194.8300018310547,142068700
2026-07-06,194.4199981689453,197.5500030517578,193.99000549316406,195.5500030517578,108999000
2026-07-07,192.3699951171875,198.41000366210938,191.13999938964844,196.92999267578125,124154600
2026-07-08,195.17999267578125,205.16000366210938,195.05999755859375,204.1199951171875,147419100
2026-07-09,204.4600067138672,204.58999633789062,198.9600067138672,202.77999877929688,132037400
2026-07-10,202.0,211.0,201.9199981689453,210.9600067138672,148421000
2026-07-13,208.5399932861328,210.57000732421875,203.0,203.52999877929688,121411000
2026-07-14,208.1999969482422,212.5500030517578,203.8000030517578,211.8000030517578,124379600
2026-07-15,211.9600067138672,213.80999755859375,206.0399932861328,212.5,124797200
2026-07-16,210.1699981689453,211.0800018310547,205.85000610351562,207.39999389648438,122986100
2026-07-17,202.63999938964844,206.64999389648438,197.97000122070312,202.80999755859375,144281900
2026-07-20,205.8699951171875,207.74000549316406,202.27999877929688,203.27999877929688,88701500
2026-07-21,207.5399932861328,208.64999389648438,204.00999450683594,207.2899932861328,108685600
2026-07-22,205.80999755859375,214.38999938964844,204.9499969482422,212.05999755859375,137645600
