Date,Open,High,Low,Close,Volume
2021-07-23,121.80992605726735,124.0249742432353,121.45552375534496,123.85662841796875,7906000
2021-07-26,123.70604113248089,124.76927537280505,123.35163873209615,124.29081726074219,5925800
2021-07-27,124.175628192094,125.47807794573994,124.04273067420553,124.79585266113281,7075400
2021-07-28,124.63635403907767,124.63635403907767,122.89976349320096,122.94405364990234,8520000
2021-07-29,123.83006218607518,124.20218869883053,122.91746331726459,123.58197784423828,5430500
2021-07-30,125.81475874580325,128.06524214376634,125.41605270721564,126.01853942871094,14394300
2021-08-02,125.61101050255624,126.19577320103022,124.75157035408118,125.7084732055664,7009500
2021-08-03,125.69071834200822,127.77286943455115,125.38947497700569,127.54249572753906,8455700
2021-08-04,126.73622745826549,127.66655066747632,126.12488533980961,126.19575500488281,6628000
2021-08-05,127.01090398453698,127.18810518515672,125.3451829556245,126.25778198242188,5363300
2021-08-06,126.72740085851439,126.80713938948692,125.12370731087769,125.29205322265625,6030100
2021-08-09,125.77046246916704,126.33751439552545,125.54895759918979,125.9742431640625,4743800
2021-08-10,125.73501806643537,126.26662160215942,125.51351321332119,126.05398559570312,5253500
2021-08-11,126.47041385760322,126.91342355702368,126.2311848344329,126.36408233642578,4205000
2021-08-12,126.83368770967817,126.83368770967817,126.12488291588737,126.65648651123047,4956100
2021-08-13,126.65644395655602,127.57791151022046,126.42608382793004,127.2677993774414,4888800
2021-08-16,127.29441441089855,128.19815804710885,127.03747471568145,128.1538543701172,6040800
2021-08-17,127.94120178898972,129.00443593316217,127.48933674142505,128.3665008544922,7577000
2021-08-18,128.20701271320982,128.3665032456401,126.86025935319948,126.96659088134766,7162000
2021-08-19,126.84254160241485,128.72089841975227,126.84254160241485,128.46395874023438,5787200
2021-08-20,128.6943176179756,129.34110799332623,128.27788741915975,128.55255126953125,5273800
2021-08-23,127.84373147200027,128.77405453277908,127.79057247188427,127.89690399169922,4522200
2021-08-24,127.59564243792704,127.71968460683541,126.68304358390495,126.86024475097656,4560400
2021-08-25,126.76279445158697,126.8159534492683,126.03625209772255,126.40837860107422,3861500
2021-08-26,126.31097765320102,126.44388873193284,125.34521933785884,126.18693542480469,4749400
2021-08-27,126.24006873102488,126.49702198580691,125.49581551226494,126.08944702148438,4741200
2021-08-30,126.346396495326,126.69194358795156,125.85908302634489,126.6387710571289,3845800
2021-08-31,126.73622373629125,127.1703781597288,125.85907308102303,126.16031646728516,9642400
2021-09-01,126.1071910501863,127.75518830519574,126.01858366846787,127.44507598876953,6214200
2021-09-02,127.56021990182855,128.23358980940782,127.21467286089417,127.54249572753906,5392500
2021-09-03,127.37415792012699,127.91463035364951,127.16152189355066,127.63111114501953,5466400
2021-09-07,127.87032837851706,128.02980538371267,126.95771594364761,127.15264129638672,6520600
2021-09-08,126.77168515212385,128.4196821380106,126.70965729113263,128.11843872070312,6897800
2021-09-09,128.09182712334254,128.36649096558057,127.27667740371764,127.57793426513672,6354700
2021-09-10,127.6399451176624,127.99436096863379,126.98429945263445,127.70197296142578,5750000
2021-09-13,128.33994824917045,130.4486657659819,128.33994824917045,129.07533264160156,9952500
2021-09-14,129.47404532134664,129.6778260389001,128.42853518862185,128.85382080078125,5831800
2021-09-15,128.78291099491332,129.1550374795231,128.24243867973638,128.57911682128906,6237100
2021-09-16,128.331055558126,128.64116777748262,126.54130598000816,127.68426513671875,6142100
2021-09-17,127.91461813603725,129.6069184570204,127.79057595918725,127.8880386352539,18737400
2021-09-20,127.78174783970158,128.3399445141707,125.78820373898182,126.60334014892578,10238700
2021-09-21,126.68306143237822,128.05639432994235,126.59446759615159,126.79824829101562,6651300
2021-09-22,127.42731670715641,127.89690590799424,126.5767321338072,127.23239135742188,6332500
2021-09-23,127.63995536115648,128.1981519214944,127.13493132241825,127.75514221191406,5171200
2021-09-24,127.40958467050487,127.98549183762523,126.78050498617046,127.18807983398438,5009400
2021-09-27,126.83367191338007,126.85139608689286,125.3894694822916,125.51351165771484,5749700
2021-09-28,124.97305037333459,125.25656957678571,123.65287648092135,124.56547546386719,7015300
2021-09-29,124.28199261687232,126.41728991369436,124.20224056544835,125.83252716064453,5460000
2021-09-30,126.38181633563343,126.47042369023968,123.62629525022264,123.86552429199219,6934900
2021-10-01,123.98069194946552,124.24650048152245,122.55421365057994,123.67059326171875,5587200
2021-10-04,123.50225920473926,124.39713404457571,121.91629022728955,122.97064208984375,5816000
2021-10-05,122.97951503376973,124.50346972634048,122.90863184811698,123.44910430908203,6902700
2021-10-06,123.14789659935855,125.15915180684966,122.82006008075584,125.09713745117188,5332900
2021-10-07,125.59326713204256,126.7273710376293,125.59326713204256,126.09830474853516,5334600
2021-10-08,126.07169972738804,126.36408776391393,124.96417543126739,125.57553100585938,6131800
2021-10-11,126.14259490892786,126.49701082916432,125.61099130795063,126.09830474853516,5995600
2021-10-12,126.34636289943012,126.73620005137032,125.54893738415741,125.9122085571289,6734800
2021-10-13,126.16918726469025,126.48815486560088,124.95534472325171,126.20463562011719,5689800
2021-10-14,126.55016627797448,127.86147134700543,126.53244210256493,127.63111114501953,6777800
2021-10-15,128.04752305522507,128.3576217227753,127.30325651002269,127.95891571044922,6923700
2021-10-18,127.18811750695839,127.32101504040186,125.90339177852171,126.11602783203125,9119000
2021-10-19,123.22759005031737,124.76926880192812,122.97950567919624,124.62750244140625,9555300
2021-10-20,124.17563033989472,125.77933702780089,123.90983529952047,125.11482238769531,7352700
2021-10-21,125.5783984490613,125.84585480719231,124.08065100556489,124.21438598632812,6545500
2021-10-22,124.26786384572124,125.71210901061748,124.20546507611665,125.55164337158203,5265000
2021-10-25,125.1772438296626,125.63191020007037,123.96478657184396,125.56951141357422,5382100
2021-10-26,126.25590861595546,127.64666497797869,125.91714335045737,127.35247802734375,6234900
2021-10-27,127.61105506862506,128.09246566850777,126.3183651063471,126.44317626953125,9643500
2021-10-28,126.49667716397845,127.37927922048728,126.33621148283022,127.20096588134766,4538500
2021-10-29,126.73737631802307,127.91416533619721,126.61256515543799,127.47733306884766,6239500
2021-11-01,127.80718066021346,128.19944817751482,127.03156945316483,127.16529083251953,5038900
2021-11-02,127.23665106058458,128.89486467190457,126.84438342728741,128.4312744140625,9954300
2021-11-03,128.49365321074998,129.36733132700903,127.94983024377937,129.3138427734375,7620100
2021-11-04,127.34357528014466,129.61693368053255,126.89781926451543,129.55453491210938,6402500
2021-11-05,129.6615424679923,130.49064232223844,129.0909751780624,130.19644165039062,6062700
2021-11-08,129.71500476396352,130.24991744146138,128.39557072376851,129.22467041015625,5854400
2021-11-09,129.29598323901365,130.0091955539958,128.89480556289666,129.61692810058594,4873100
2021-11-10,129.92901076253455,131.32867803492172,129.79527575213677,130.891845703125,7334900
2021-11-11,130.92746604874418,131.02553292275542,130.34798863174728,130.51736450195312,4096300
2021-11-12,130.8204981821475,131.12360904924523,130.14294023993392,130.66001892089844,5687400
2021-11-15,131.0790650582708,131.72095506462418,130.57982029852917,131.40892028808594,5510200
2021-11-16,131.39997940246306,132.46979129563763,131.06120042165585,131.2216796875,7603900
2021-11-17,131.02553279117936,131.74765540663014,130.53519842161558,131.1414337158203,4900200
2021-11-18,131.08793338093864,132.01511358413023,130.61543305555267,131.1592559814453,5509300
2021-11-19,131.89924537711622,132.1488677391139,130.86508781832666,130.891845703125,6274300
2021-11-22,131.0255765340521,132.78185702375418,130.9007653440763,131.76553344726562,6625400
2021-11-23,131.79224965817926,133.2810733941207,131.6496044419055,133.2275848388672,7912800
2021-11-24,132.63027819309286,132.72834508247482,131.65851952434565,132.53221130371094,5665200
2021-11-26,132.46090799846942,133.47723154409863,131.3286834930249,131.47132873535156,6299800
2021-11-29,131.7565191023754,133.42365537016704,130.8650073283185,132.85308837890625,7113300
2021-11-30,131.77441704332483,132.42521714500566,128.48473482536795,128.89483642578125,11696400
2021-12-01,129.13553164551516,131.8278883621965,129.13553164551516,130.51736450195312,8313500
2021-12-02,131.06121007379866,132.35391371012494,130.99881129049447,131.28408813476562,9468800
2021-12-03,131.96164449115383,133.7268349029212,131.64069954325095,133.61985778808594,11200800
2021-12-06,133.89619866522634,135.85752247943728,133.89619866522634,135.6435546875,11935100
2021-12-07,135.4652412017482,136.02689809626955,134.85901959141475,135.2869415283203,7913400
2021-12-08,135.21562896713712,136.09823078064798,133.9764277803217,135.89317321777344,8329300
2021-12-09,135.78622471383645,137.46227204869692,135.15325865245197,136.68666076660156,8334300
2021-12-10,137.15916244188503,138.89760857496594,136.78471533316258,138.59449768066406,7172300
2021-12-13,138.45184820963948,141.1531291035413,138.1041589936936,140.56472778320312,8944000
2021-12-14,140.7697828891047,141.42059664480024,139.66431637343143,141.08181762695312,8677500
2021-12-15,140.53794937810554,142.32097335580463,140.53794937810554,141.62559509277344,9152600
2021-12-16,141.5096973106685,143.81872375143263,141.23333076455617,143.63150024414062,10852900
2021-12-17,143.23033846490935,144.17533912237644,140.2437674632356,140.37750244140625,24349400
2021-12-20,139.6107848584825,141.26899772519712,139.5840405867124,140.7340850830078,9202600
2021-12-21,140.54686111455018,140.99261711377602,139.780160251746,140.64492797851562,6946000
2021-12-22,140.6538440653727,142.2674785172391,140.20808809067404,142.0356903076172,6626300
2021-12-23,142.19621205579625,143.46215789122064,142.14272349426255,142.7311248779297,5640900
2021-12-27,143.2392704987714,144.41607318955946,143.18578194071688,144.3982391357422,4548600
2021-12-28,144.38930672176514,145.65525228030305,144.3714726706885,145.173828125,5929400
2021-12-29,145.503717450989,147.08168430805907,145.3878165076776,146.3773956298828,5346100
2021-12-30,146.5645904754135,146.73397995867327,144.96878972921039,145.11143493652344,5911500
2021-12-31,145.1916521098127,145.96726323543302,144.8350527333743,145.8335418701172,5327000
2022-01-03,144.14860334363001,145.262993543759,142.53496851038656,145.22732543945312,9317300
2022-01-04,144.68351265371297,146.55569376296464,144.5854457650684,145.73550415039062,9253800
2022-01-05,145.70874972281104,147.38479693803055,145.67308161848092,146.3952178955078,9330200
2022-01-06,146.51111076733878,147.27781179868197,144.96879847993088,145.16493225097656,7556000
2022-01-07,145.43239075485664,145.78899019647906,144.3803992762961,145.08470153808594,6098500
2022-01-10,144.87964565161155,145.42346864873366,142.79351032628298,143.1055450439453,8055000
2022-01-11,142.83806808460605,142.83806808460605,139.88716524456038,141.4473114013672,11957900
2022-01-12,141.09070428383615,142.0713730646305,140.70736059895913,141.75933837890625,7127500
2022-01-13,142.02679306696356,142.15160421910602,140.66278061733698,141.11744689941406,6551000
2022-01-14,140.92131196626858,143.0787694289247,140.46663212849222,142.4725341796875,10708000
2022-01-18,141.33140903592013,141.33140903592013,139.11153905821334,139.7266845703125,10988400
2022-01-19,140.5112197797797,146.3773709113974,139.94065259146953,144.42495727539062,14088300
2022-01-20,143.51966106409873,147.29319813053186,143.51966106409873,145.2047576904297,10799100
2022-01-21,146.10113681828997,148.20750837199276,145.29444889555447,145.76052856445312,10900400
2022-01-24,146.48655773766288,147.10502489180823,142.2648697602489,144.577392578125,14838100
2022-01-25,143.81546133641706,144.57734368132793,141.52086964485085,142.9998016357422,9369600
2022-01-26,141.02789979032877,143.0267161957635,140.16743467098567,141.75392150878906,10707100
2022-01-27,142.2738161453518,144.62219946648818,142.13937272176616,142.63235473632812,9083000
2022-01-28,142.16622023769972,144.26361909935926,141.00996609914736,143.8602752685547,9494200
2022-01-31,142.82951011118843,143.99472261516306,142.39926391477036,143.81546020507812,8950100
2022-02-01,144.1202082242144,144.57734310006117,141.37745367651488,143.1790771484375,6284100
2022-02-02,143.53761668706144,145.95769367276222,142.93708002712862,145.74258422851562,7558800
2022-02-03,145.1868275658838,147.87580456419346,144.86414977901285,147.12289428710938,10474500
2022-02-04,146.21760426058805,147.43660766331212,144.67592308429457,144.78347778320312,8959900
2022-02-07,145.08825340423007,145.43781992044478,143.11633937233051,143.69895935058594,6430500
2022-02-08,144.4160246467766,144.55048173789962,143.09842447948856,143.3762969970703,5048700
2022-02-09,143.73479148350643,143.98576158829997,142.75779974149978,143.0535888671875,8077400
2022-02-10,142.59644718066556,142.9639439868361,140.40941036335556,140.87550354003906,7033000
2022-02-11,141.6284584618293,142.1393708183104,139.45039296781684,140.08677673339844,9341400
2022-02-14,139.95229614787104,140.77691416182674,137.46051176224444,140.49009704589844,9472200
2022-02-15,141.41330474660055,142.80261227008805,139.9254008523663,140.56179809570312,6659200
2022-02-16,140.57079050451674,142.31862324886043,140.0688501960742,141.62844848632812,9315700
2022-02-17,141.96008213893555,143.75273370810268,141.03686767496217,143.25079345703125,7925500
2022-02-18,142.96396964617358,144.36223575034222,142.35447464767822,143.32249450683594,8063200
2022-02-22,143.51069866593252,144.20087323776045,140.41837794548925,141.55670166015625,8179500
2022-02-23,141.88835333137243,142.15725376212217,139.46827680831288,139.79095458984375,6273000
2022-02-24,139.5041461657459,139.80889365355696,134.95080948660913,136.02639770507812,13145100
2022-02-25,136.53727676718765,142.46198937743105,136.4655690798162,141.83456420898438,8888800
2022-02-28,140.08675055032367,140.89345196080345,137.87283844991182,139.7282257080078,8669200
2022-03-01,138.3119902019178,139.2889817461579,136.54622781550992,137.41566467285156,8311900
2022-03-02,137.1020088413685,139.00221527796998,136.77933098639397,137.845947265625,6111300
2022-03-03,137.82804353676946,139.70136146774948,137.82804353676946,138.35687255859375,7451200
2022-03-04,137.24537242570338,139.24418837457915,136.73447394219883,139.0559539794922,8639100
2022-03-07,138.47336087895474,138.50024955552797,135.47066434439253,136.99441528320312,8374500
2022-03-08,136.40285068221783,137.09302536257104,131.3834345186068,131.5716552734375,9517200
2022-03-09,133.40018239381425,134.87015629029509,132.4859261664763,133.34640502929688,7044100
2022-03-10,132.47692869687032,132.9071611627636,129.01711127421203,129.91343688964844,9221000
2022-03-11,130.32577953865675,131.00699597139322,128.20149154611275,128.37179565429688,7086100
2022-03-14,129.4742383200407,130.89939283114677,128.4882883041953,130.0120391845703,7964600
2022-03-15,131.76884153953492,134.9328702937996,131.66128682779413,134.6908721923828,9868400
2022-03-16,135.0135621504582,136.05328970346028,132.6920678907271,134.23374938964844,6908900
2022-03-17,134.43990461055603,134.87013714246143,133.10437431497704,134.65501403808594,6003800
2022-03-18,135.2286686564582,135.2286686564582,132.87134110991235,134.58331298828125,15570300
2022-03-21,134.84325289752735,135.72164833479488,133.76766469397688,135.09422302246094,6937500
2022-03-22,137.52323544143067,137.6756228348129,134.91493824123913,136.13394165039062,7292100
2022-03-23,136.42077335643054,137.14679500935972,135.0673264279357,135.18385314941406,5531900
2022-03-24,135.246581308481,135.84711787286125,134.59226739159573,135.41688537597656,4203100
2022-03-25,135.90990054733717,137.9624808398256,135.80233213911725,136.98548889160156,5047700
2022-03-28,137.71148212961995,137.94452189155808,136.80619808229054,137.92660522460938,4234000
2022-03-29,139.26215474491224,140.24811873424363,138.05212295093088,139.34283447265625,5643400
2022-03-30,136.6896578834985,138.4195597757621,136.18771772153278,138.3837127685547,5779300
2022-03-31,138.12379855597024,138.3389079750182,136.6000338945403,136.9585723876953,7538600
2022-04-01,137.60394499507254,139.34281929033244,136.295303267895,139.01116943359375,5742600
2022-04-04,137.86385371003186,138.3478772469994,135.57822043997248,138.10586547851562,5992000
2022-04-05,137.68459024136115,141.05476992319487,137.62184087796908,138.58987426757812,7653000
2022-04-06,138.41062190452098,140.98307245330454,137.98038937021212,140.57077026367188,8884700
2022-04-07,141.502922014401,142.86534079364995,140.6962344227967,142.39028930664062,6889700
2022-04-08,143.14323148350746,143.8871835593043,142.44409843431941,143.50177001953125,6045400
2022-04-11,143.36727342019356,144.4966524012943,142.18413076956767,142.95497131347656,6158400
2022-04-12,142.7936654984707,143.97682215654984,142.24690619620927,142.52476501464844,7221500
2022-04-13,142.58749244705015,143.77960725631118,142.25585631824595,142.9281005859375,5247700
2022-04-14,143.39419531552136,143.68102613172897,142.02281795803816,142.13038635253906,7806500
2022-04-18,142.04969739511145,142.49786025864196,140.30186496271153,140.77691650390625,6034500
2022-04-19,140.51701619391272,143.43903372548718,140.09574192370272,142.88331604003906,7897000
2022-04-20,143.86026501156275,147.42763722407776,143.41210219221207,146.68368530273438,10196100
2022-04-21,147.65990466876573,148.63335545117644,146.40700867743385,146.5692596435547,9365700
2022-04-22,147.13711472751154,147.38949288927714,145.0369570750079,145.34341430664062,9394600
2022-04-25,145.74901045951873,147.18216072083874,144.03644252186837,146.51516723632812,6986800
2022-04-26,146.6323182929527,147.49762451602152,143.9913566629173,144.02740478515625,7769500
2022-04-27,144.40598825137647,145.5236588569135,143.41449295268131,143.63983154296875,6754900
2022-04-28,144.703417452508,147.56072276923325,143.55870736099877,147.29031372070312,9306800
2022-04-29,146.4430623164939,146.87570861249637,144.3969838119512,144.71246337890625,10637000
2022-05-02,145.65886222720508,146.01939845034372,140.78253210155466,142.75650024414062,10351600
2022-05-03,142.612300355789,143.3063471244163,139.71894655671048,140.8005828857422,10344000
2022-05-04,140.45804145554393,142.00837194339843,139.8451133830183,141.8371124267578,7771000
2022-05-05,140.88170978889352,141.7740419332945,138.0334262945566,139.2232208251953,8217100
2022-05-06,139.50262031957763,140.8276123496874,138.69139313080515,140.6112823486328,7304800
2022-05-09,138.7725362933642,141.29631773449435,137.6818913642079,140.259765625,8540800
2022-05-10,140.20568330565075,141.17012538679475,138.75450213388476,139.52064514160156,7447400
2022-05-11,138.8356469703082,140.52117565941796,137.3213778545779,137.55572509765625,7692200
2022-05-12,138.37592778575493,138.45704637881354,135.0949984041464,136.99685668945312,9600800
2022-05-13,137.52866188857843,138.5652139915116,135.58173300039257,138.466064453125,5675500
2022-05-16,138.33085551577372,140.52114002130702,137.03290302942384,139.81808471679688,5971000
2022-05-17,139.8271140176151,141.28730376059917,137.97032613367804,139.42149353027344,6509100
2022-05-18,139.41250074585497,139.49361935109084,130.28177513649652,130.73245239257812,9670700
2022-05-19,129.26325372289838,129.27226231672014,126.73044974757015,127.72193145751953,9694100
2022-05-20,128.1275353469592,128.3979444448751,125.45051140939039,127.80304718017578,7786900
2022-05-23,128.74945585424135,131.26424226698848,128.06443147930455,130.741455078125,7134500
2022-05-24,130.59720958765436,133.34634265046986,130.53412194546442,133.06692504882812,7207400
2022-05-25,132.59824904593717,132.62528857820402,129.34435904524813,130.88568115234375,8217800
2022-05-26,132.03041076660156,132.84163811456983,130.7324580127155,132.03041076660156,5702600
2022-05-27,132.47206814702724,134.0494384765625,132.16561092671907,134.0494384765625,6028800
2022-05-31,132.76047259953666,134.29278595630356,131.74195156378312,133.2922821044922,12416700
2022-06-01,133.4004513307594,133.5086094577209,130.43500140342638,131.27325439453125,7036000
2022-06-02,131.5707006215638,132.73344172613488,128.5601802778303,132.68838500976562,6479800
2022-06-03,131.92221856245902,132.68837523436247,130.8045342565991,131.4985809326172,4720700
2022-06-06,132.83259834787322,133.07596789570752,130.3268341252153,130.98483276367188,4751100
2022-06-07,129.4975897361537,132.6613388446342,129.28125972095015,132.4450225830078,4918600
2022-06-08,131.86817688745234,131.98534362960334,130.68740459643837,130.79556274414062,4369600
2022-06-09,131.065928044586,132.39992851667645,128.29876382672788,128.43397521972656,4625700
2022-06-10,126.99183964964541,129.02889594366565,125.6938869210886,127.94727325439453,6630800
2022-06-13,125.7389362729321,126.63128206228556,124.05340797995193,124.52210235595703,8549500
2022-06-14,123.94525269925501,124.00835411615355,119.46551972111841,120.63728332519531,9980200
2022-06-15,121.17809011105315,121.5927054411746,116.7253970872305,119.43846893310547,12178100
2022-06-16,118.10446975671019,121.74594935264808,117.71689395387475,120.1685791015625,9683300
2022-06-17,119.48352127929884,121.01582080616218,118.46498654070578,119.30325317382812,17113300
2022-06-21,121.34036156252218,123.48559008336443,120.26774730210104,122.91773223876953,9017000
2022-06-22,122.29575941813874,125.91019939480597,122.28675082535062,124.83758544921875,8374500
2022-06-23,125.33330930342633,128.42494773210123,125.19809791584201,128.26271057128906,6418300
2022-06-24,129.9752775046561,130.9126936079446,129.00181328365994,130.11048889160156,19440600
2022-06-27,129.90316178320694,130.48002791609193,128.6322628248769,129.11898803710938,5618500
2022-06-28,129.38040398020317,129.8761516488332,126.71240266942873,127.01885986328125,6077300
2022-06-29,127.63177258405783,128.76747403477728,127.22615215190986,128.17257690429688,5174600
2022-06-30,127.71290741620467,130.19163202163193,127.2982783397231,129.60574340820312,7410100
2022-07-01,130.01138605497374,131.82310376049622,129.25423777552672,131.69691467285156,5937200
2022-07-05,130.3178214868343,131.68788403303108,128.4790507991745,130.4259796142578,5760900
2022-07-06,131.15608315288512,132.94077489482783,130.6693577937229,131.642822265625,5485200
2022-07-07,130.95778010088682,131.76900734633767,130.33585709235822,131.59774780273438,6623400
2022-07-08,131.58873135590466,132.32783479827594,130.3088097821777,130.71441650390625,4294200
2022-07-11,130.83161453714973,132.12055876551943,130.40797677535366,131.63381958007812,5482900
2022-07-12,131.47155804715774,132.426991544836,130.12853499172522,130.47105407714844,5204400
2022-07-13,130.1645904343581,132.4630468738098,129.98432230752545,131.32733154296875,5075600
2022-07-14,129.57868924639237,131.17409020875883,129.31730255090557,130.9397430419922,4867000
2022-07-15,131.00284675511955,131.32733489312662,129.88517608809943,130.75949096679688,6264600
2022-07-18,130.64230776307227,130.7775054204272,129.04690663840157,129.173095703125,6047500
2022-07-19,130.30883101811196,130.7054154583494,129.4705641532591,129.8311004638672,5943600
2022-07-20,129.79503894791003,129.9933380243666,126.76648748898236,127.58672332763672,8635300
2022-07-21,127.55312837499925,128.24259973123353,126.05623064764379,127.70735168457031,8310200
2022-07-22,127.69831694457426,129.88468681876947,127.61667172342977,129.7486114501953,5292700
2022-07-25,129.54899341969002,131.01866241332712,129.30404397312978,130.62857055664062,5262100
2022-07-26,129.44921189591275,131.08218528208934,128.5601539912191,130.88259887695312,5375700
2022-07-27,130.52878047136358,132.64257173618404,130.21125289074777,132.12545776367188,5500000
2022-07-28,132.5790738707572,134.81987362214724,131.6174378011626,134.32090759277344,7115700
2022-07-29,128.30613817100667,129.27685523736417,125.40308173424937,126.01998901367188,18694700
2022-08-01,125.5028678138699,130.5832266715482,125.43937059565263,129.6397247314453,12590000
2022-08-02,129.83023999900195,130.38363616491426,128.6145873862974,128.7778778076172,7495000
2022-08-03,128.51478540429022,131.78979911144276,127.83438100953163,131.4359893798828,6811000
2022-08-04,131.40879297023247,132.8693951654194,130.64672941932182,131.2273406982422,6124700
2022-08-05,130.41084173223945,131.3996927924786,129.521783869823,131.29083251953125,4580300
2022-08-08,131.57206053904335,132.87843915030842,131.2998960212194,131.789794921875,4486800
2022-08-09,132.0619635398879,132.39762527800352,131.0821795510193,131.48133850097656,3977300
2022-08-10,132.3522853745011,132.90568159903762,131.89868236563066,132.7242431640625,4641300
2022-08-11,133.18688776943674,133.62234269864237,131.48133635265938,131.7807159423828,5954300
2022-08-12,132.37040405094692,133.11430562243103,131.50856129356345,133.05987548828125,5038700
2022-08-15,133.24129526662907,134.9649943834234,133.1324350135394,134.77447509765625,6008000
2022-08-16,134.59307363510467,136.62521992146318,134.59307363510467,136.0173797607422,7093000
2022-08-17,135.26441018009515,135.8540884995419,135.06482376735786,135.39141845703125,4834600
2022-08-18,135.05572933646414,136.0718092931596,134.73821559732266,135.87222290039062,3829000
2022-08-19,135.364185186226,136.6524157770457,134.91964935528722,135.83592224121094,6502500
2022-08-22,135.15552538979958,136.19882043639308,135.02851712288575,135.47305297851562,6380700
2022-08-23,134.6565696529668,134.66565057170698,132.29784253879964,132.8603057861328,5268200
2022-08-24,133.0054438203634,133.5951220573358,131.6537021854952,132.28875732421875,5903200
2022-08-25,131.75354364800467,132.2525097928654,131.08221996479853,132.179931640625,5097600
2022-08-26,132.4520745423355,132.93289260961478,128.84139857807398,129.08633422851562,6086600
2022-08-29,128.1882129123238,129.44922872166518,127.93419633510862,128.54202270507812,5272100
2022-08-30,129.19519830780789,129.19519830780789,126.92718350924177,127.172119140625,5203700
2022-08-31,127.37167183228237,127.80714052519096,125.06737549779649,125.13995361328125,8406900
2022-09-01,125.04016507464499,126.79106545603183,124.06944831723399,126.68220520019531,7446500
2022-09-02,127.38983606682339,128.05209242114123,123.87895407005271,124.4323501586914,7077800
2022-09-06,123.27112823167084,125.1399699602338,122.73586629040729,123.04432678222656,8217200
2022-09-07,123.40720681275629,124.9766690082238,123.39813973797013,124.90409088134766,6609400
2022-09-08,124.29625240287655,125.63892685358235,123.4344097257368,125.0673828125,7380500
2022-09-09,125.14904160020309,127.99766735542629,124.55936334728133,126.9725341796875,6434300
2022-09-12,126.47359451436564,128.64181634748888,126.20142993991335,128.00677490234375,5818700
2022-09-13,127.7164528041348,128.30613113573833,125.06741308566659,125.35771179199219,6350200
2022-09-14,125.79316315422545,126.70036898021664,124.89502440306373,125.65707397460938,6137800
2022-09-15,125.90201562949953,126.00180881789522,123.96059583577902,124.68636322021484,5320700
2022-09-16,124.68633019407847,126.15599872220984,124.38695070818915,125.44837951660156,9321500
2022-09-19,125.37586928185802,125.61175170665442,124.49587833442214,125.18536376953125,6056000
2022-09-20,124.65915374953299,125.1671867885813,123.86080820653588,124.74079895019531,5589800
2022-09-21,125.26697170487816,125.37583196523535,123.11689850565652,123.1350326538086,6413900
2022-09-22,123.14413062439002,124.35071610093418,122.69052768626949,123.57051849365234,5061600
2022-09-23,123.08968994547226,123.83360542851841,121.52022761347888,122.99897766113281,6523600
2022-09-26,122.998971650769,124.12391189594274,122.46372351787183,123.11691284179688,7396400
2022-09-27,123.34372171826297,124.23277963480936,119.48809659751817,119.7330322265625,7722200
2022-09-28,120.67653412576014,120.67653412576014,119.01634564791934,119.7330322265625,10455100
2022-09-29,119.63322601724809,119.63322601724809,116.3582124817065,116.75738525390625,7128500
2022-09-30,117.02956047435798,117.06584261930409,114.49845519631751,114.53474426269531,9431900
2022-10-03,115.4419399993897,117.1202762948754,114.9248329615149,116.58501434326172,8477700
2022-10-04,117.12027527170758,118.72601958393426,116.75738464303276,118.02748107910156,7211600
2022-10-05,117.21099853515625,118.01841122571663,116.20399944082918,117.21099853515625,5071100
2022-10-06,116.92974755442438,117.08397086944976,114.62544413874392,114.7433853149414,5530800
2022-10-07,114.76155191478652,114.83413005144945,112.27580956625378,112.73847961425781,6095400
2022-10-10,111.92198526442431,112.72032389972524,110.8424081164422,112.27579498291016,6923300
2022-10-11,112.21228699522032,114.03576565968827,112.13063487452857,112.70217895507812,5516200
2022-10-12,113.25557200536835,114.13556276409359,112.86548014472847,112.88362121582031,6823500
2022-10-13,112.04900751517245,114.98835282087673,111.51375241177281,114.58917999267578,6910500
2022-10-14,114.98833679506635,115.23327931914096,113.1920662399386,113.47330474853516,5516800
2022-10-17,114.31703421188674,116.37638886236714,114.18095192258406,115.52361297607422,6664600
2022-10-18,117.32893149900117,118.00026879573878,115.81389942605958,116.4580078125,7114200
2022-10-19,119.4245876450558,120.65838825916481,117.4922345913392,117.53759765625,9993700
2022-10-20,117.5129424443507,118.56364190636666,115.7404769853172,116.0237045288086,8168000
2022-10-21,115.61254428716698,117.81442330604055,115.55772786271736,117.47637939453125,6394600
2022-10-24,118.30780505977278,119.17576435386631,117.2662511186394,118.19815826416016,6946000
2022-10-25,118.40829210398965,119.85183764996579,117.37586971246503,119.55947875976562,6776000
2022-10-26,119.3676323240831,121.12184179676542,119.13922122974608,120.40005493164062,6612800
2022-10-27,120.60106506066028,121.62434236365688,120.14424284452141,120.4914321899414,6676700
2022-10-28,121.67001790948058,123.80794236884776,121.44160681917793,123.5429916381836,6996400
2022-10-31,123.52469663334556,123.95411053508462,122.6658688298674,123.04046630859375,8346300
2022-11-01,123.06788236043445,124.51144200318801,122.28214771795102,123.23234558105469,6428300
2022-11-02,123.08615504196449,124.74898033524542,121.34109117056522,121.45986938476562,7318100
2022-11-03,120.35436003681528,121.18577969776223,119.65086396165005,120.62845611572266,5204000
2022-11-04,121.80706040620817,123.34197608351701,121.07614220415888,122.83033752441406,5555400
2022-11-07,123.66178543705513,125.3428879274915,123.3968207319216,124.71247100830078,6746800
2022-11-08,125.00479660872683,125.64434471176406,124.07287569224226,124.99565124511719,5266200
2022-11-09,125.05051175784978,126.0555262320858,124.56628131329278,124.6941909790039,5690700
2022-11-10,127.41685620021083,129.39946290705342,126.26565531545182,128.98831176757812,8068700
2022-11-11,129.00658205516962,129.39945638303416,127.09706867070457,128.79644775390625,7175200
2022-11-14,128.37615856347816,131.1627765315865,128.14774748315952,128.80557250976562,8516200
2022-11-15,129.81971743752985,130.8338631853322,127.63610808122999,128.35789489746094,7732400
2022-11-16,129.28065932951546,130.568901047498,128.8055604235231,129.49993896484375,6193700
2022-11-17,128.92431193855424,129.45422715837134,127.78225688061265,128.7050323486328,5186300
2022-11-18,129.66440831273846,130.43186624356366,129.0705450441228,130.25828552246094,5671400
2022-11-21,130.70595484570472,132.65202171824185,130.495820554558,131.91197204589844,6377200
2022-11-22,132.87126621531584,133.2001786772888,132.332219495753,133.04486083984375,5372900
2022-11-23,133.30071543651974,133.9676859013924,132.99922504578907,133.80322265625,4296000
2022-11-25,134.1138440934952,134.48844161194262,133.75752336502487,134.04989624023438,2411100
2022-11-28,133.7483751641038,134.61633437421386,133.51996411191146,133.94024658203125,6628200
2022-11-29,133.16364952108609,133.44687700818707,132.04900242009802,132.91696166992188,5634200
2022-11-30,133.07231937867306,136.2792205810547,132.59723426366835,136.2792205810547,12396800
2022-12-01,136.61722369385663,137.37555009488116,135.74013302019068,136.3614044189453,6927400
2022-12-02,135.64874499204188,137.75012927764604,135.2924243392601,137.60394287109375,4938300
2022-12-05,135.86803464608926,136.7451252680369,135.46602896890323,136.2152099609375,5402500
2022-12-06,136.79081489489084,137.11972737452712,135.47516497634572,136.38880920410156,6866700
2022-12-07,136.1421073362208,137.4394803330698,136.1421073362208,137.26589965820312,6175500
2022-12-08,136.5533063038582,138.3075019835678,136.14215514644619,138.252685546875,5187100
2022-12-09,137.6861736809104,138.8282288938262,137.24762838265974,137.88717651367188,5868200
2022-12-12,138.16130450829,139.38558463383433,137.99684127021752,139.30335998535156,6142400
2022-12-13,140.16217812113555,140.91135921225796,137.76842052886224,139.0932159423828,7680600
2022-12-14,139.5957029373858,141.1032243589763,139.02924794684557,139.64138793945312,7385600
2022-12-15,138.61812991780536,138.8739492353187,136.80911790364476,138.06080627441406,7117200
2022-12-16,137.37557620671083,138.0242698821046,136.15129602391377,137.44866943359375,19966400
2022-12-19,137.24764483756465,138.30747554808073,136.3522773468002,137.41209411621094,5881800
2022-12-20,136.425380209042,137.86892600514213,136.37969520359687,137.46693420410156,5646100
2022-12-21,137.73183825703302,139.44949350374588,137.70443005127498,138.7277069091797,5024700
2022-12-22,138.07907038044505,139.2485339933819,137.85065930071355,139.0475311279297,5904900
2022-12-23,139.1571716460393,139.71449526891064,138.57243980737974,139.44039916992188,3401800
2022-12-27,139.51347749731406,140.99359069738722,139.47693786053316,140.65553283691406,4215100
2022-12-28,140.9570345065921,141.2950784196937,138.78255671914815,138.83738708496094,4197500
2022-12-29,139.6139972662298,140.00687160403967,139.0018571967187,139.41299438476562,3809100
2022-12-30,139.26678988472713,139.49520095304777,137.44864670320223,138.471923828125,4532000
2023-01-03,137.9145797389013,138.60895820556382,136.24260929468946,138.48104858398438,6447300
2023-01-04,138.86482544009704,140.14392209794437,138.17044673345876,139.08409118652344,7313400
2023-01-05,139.06580891448698,139.3124828447686,137.16542704456828,137.35728454589844,5373800
2023-01-06,138.73686150549477,141.12147315286447,138.64549151948574,140.6280975341797,7882200
2023-01-09,140.1895563023821,141.43211286587643,138.87390653619954,138.9104461669922,5727000
2023-01-10,138.965324224343,139.51350252101128,137.90549333323344,138.77345275878906,4716400
2023-01-11,139.16629571097272,139.3855614037171,136.45277123442418,137.64964294433594,8691300
2023-01-12,138.59984945177825,138.62725766784897,136.60811139806987,136.87306213378906,7801600
2023-01-13,136.69031488787965,138.00596482005082,136.5167202522314,137.85064697265625,5535800
2023-01-17,137.76843661746057,138.99273074136516,137.4121158495985,137.44866943359375,9611800
2023-01-18,136.7360221099757,136.98269605651814,133.42861995378297,133.7666778564453,10461200
2023-01-19,131.75598956869234,134.43138150701807,130.77226292147293,130.937744140625,12683700
2023-01-20,130.84578499599237,131.60885581524008,128.85072389571494,131.44337463378906,8603300
2023-01-23,131.80192078640005,132.11450567900286,129.34718525581332,129.67816162109375,7473100
2023-01-24,129.3471923196688,130.90094217407176,128.53813582066988,130.38609313964844,6822500
2023-01-25,129.071400494353,130.32175439573064,127.54523055044167,130.29417419433594,6902600
2023-01-26,130.3033669672839,130.31256972042584,129.39319223580517,129.77012634277344,5398600
2023-01-27,129.69656610437733,129.96317935632328,128.0600615579024,129.23687744140625,6870800
2023-01-30,129.59543029735008,130.66189730294113,128.97024643888773,129.64138793945312,6369300
2023-01-31,129.84366280132116,130.9836957971218,129.41155431259105,130.9009552001953,9373400
2023-02-01,130.6251357207913,132.48228189791863,129.95399418252768,131.64564514160156,7207900
2023-02-02,130.70787048339844,131.2043420868214,129.82527612177785,130.70787048339844,6444300
2023-02-03,131.26868869652412,131.82032068343955,129.78849069450467,131.11239624023438,5993100
2023-02-06,130.56077497925565,131.13998721024237,129.6413976112566,129.9999542236328,6108100
2023-02-07,128.68526001223128,129.43914221004167,127.59119862584828,128.73123168945312,6278300
2023-02-08,127.84862592572378,128.28992317362736,127.25103619478323,127.39813995361328,7123800
2023-02-09,127.6831413888178,128.09685842472535,125.9547073391044,126.00067901611328,6547400
2023-02-10,125.90874637635466,127.14991161828102,124.8790480609468,127.11312866210938,8108900
2023-02-13,127.73827513972768,129.1265297128124,127.55440249863973,128.7771759033203,5081600
2023-02-14,128.84153786398917,128.93348120799413,127.44408040090482,128.05087280273438,5253500
2023-02-15,127.89459197897543,128.0876674075215,126.93844564580567,127.7566909790039,5530300
2023-02-16,126.31324122668738,127.05793456292876,125.54096769492473,126.0833969116211,7595700
2023-02-17,125.57774658450573,128.74959557857068,125.57774658450573,128.72201538085938,8034700
2023-02-21,127.67393607584756,129.5310823667903,127.67393607584756,128.63009643554688,6899500
2023-02-22,128.69448133276484,130.16549120493255,128.60255198362302,129.1725616455078,6126300
2023-02-23,128.92430079365644,129.76093767186808,127.8854137750448,128.75881958007812,5835400
2023-02-24,127.7290897500189,128.18877842951122,126.94762741203304,128.03248596191406,5260700
2023-02-27,128.35428870748572,129.1449538901166,127.36135935986184,127.92218017578125,5820900
2023-02-28,127.28780407830837,127.41651635908447,126.2121341542681,126.46955871582031,6709900
2023-03-01,126.92006483735985,127.17748941133408,125.5042156519144,126.56150817871094,7101800
2023-03-02,126.87409148425836,129.108172013629,126.6718273175762,128.6484832763672,5924600
2023-03-03,129.80692887323488,129.85290056011593,128.68528705056553,129.58627319335938,5259400
2023-03-06,129.38396076075742,129.76090881263423,128.65765888171694,129.03460693359375,4943100
2023-03-07,129.10816748602372,129.28285144463123,126.26729455623122,126.46955871582031,5606800
2023-03-08,126.13860047719554,126.58910053921208,125.58698234937961,126.48796844482422,5518800
2023-03-09,127.01199125748025,127.38893938522602,125.12727867592497,125.55938720703125,4467200
2023-03-10,125.90873889309674,126.86489929650767,125.35712084059341,126.12939453125,5928000
2023-03-13,125.99147918449627,129.9264275645866,125.99147918449627,127.00279998779297,8337100
2023-03-14,127.14071046348327,128.8139842756465,126.32246503571872,128.574951171875,9219700
2023-03-15,127.61875566763526,130.68947236004163,127.61875566763526,130.39527893066406,8823500
2023-03-16,130.49642160509268,131.58128013025183,130.19302540011134,131.3698272705078,7063400
2023-03-17,131.0112754161925,131.82952071554317,130.1194782437042,131.40660095214844,16018800
2023-03-20,131.93065536144604,133.67746678964068,131.6824195383369,133.4292449951172,8379200
2023-03-21,133.22699797852175,133.5211914860559,131.3238798042771,132.4639129638672,7753200
2023-03-22,132.4271222005769,133.9992638182959,132.23406079139266,132.38116455078125,5729100
2023-03-23,132.6110119701774,133.4200546082861,131.64566281624954,132.19728088378906,5788400
2023-03-24,132.6661606380872,134.92782116924226,132.6661606380872,134.89105224609375,6144800
2023-03-27,135.04735303367363,135.53462195975794,134.10958410691717,134.18313598632812,5917200
2023-03-28,134.7347730778516,134.98300892652114,134.0452399648929,134.56008911132812,4213800
2023-03-29,135.22203649770782,135.41509790544018,134.46814025795075,134.9738006591797,4987700
2023-03-30,135.07494112844824,135.6449506914604,134.5049315654361,135.5622100830078,4117700
2023-03-31,135.82881902709093,136.7022247314453,135.67252655608735,136.7022247314453,7685900
2023-04-03,136.4632015546245,137.97099418795784,135.23123901764956,137.4561309814453,5721700
2023-04-04,137.9801410144708,139.47873043904934,137.9801410144708,138.1180419921875,6714300
2023-04-05,139.12938085063286,140.067149707934,138.96388562706886,139.0650177001953,6094800
2023-04-06,139.62587457527582,140.62800684219368,139.21215745224544,139.94766235351562,5399700
2023-04-10,139.42357369439,139.44196516994498,137.45610666757125,138.78921508789062,4891800
2023-04-11,139.06501521880116,139.23051043941214,138.38468494680401,138.51339721679688,6311800
2023-04-12,138.19161454055805,140.12231268907425,137.84224663993865,138.89035034179688,6137900
2023-04-13,138.73405236271256,139.62584961644365,137.74113705636398,139.53392028808594,5489500
2023-04-14,139.14776117998233,139.36840275561264,138.3754735795229,138.8259735107422,4478800
2023-04-17,138.9822995742553,139.2581156390673,138.2192145406635,138.87197875976562,4296400
2023-04-18,138.80759133195303,139.36841208854335,137.9985487861562,139.01905822753906,4158400
2023-04-19,138.98228296501168,139.6534245539313,138.5593772076159,139.04664611816406,3837600
2023-04-20,139.11232223303625,140.0282094954531,139.11232223303625,139.556396484375,5370900
2023-04-21,143.3401842456109,146.27285569543037,142.93312325409232,144.38558959960938,14876900
2023-04-24,143.59920232222157,145.47722192748898,143.59920232222157,144.6446075439453,8109800
2023-04-25,144.7926215968232,146.1155696833216,144.12652442758483,144.68161010742188,8341800
2023-04-26,143.6732230466569,144.32081361781263,142.78508875163203,143.0071258544922,4843700
2023-04-27,143.67324120697333,144.8851638825554,143.40494457588596,144.75564575195312,4805600
2023-04-28,144.5798747942345,145.58826700878117,144.09880137990052,144.67239379882812,5754700
2023-05-01,144.34856458551377,145.6159928377879,144.13578785417494,144.84814453125,3844600
2023-05-02,144.8666374045614,145.18117937628352,144.0155163606227,144.71861267089844,5262900
2023-05-03,144.91292326768158,145.77330483679455,143.79350542573025,144.5336151123047,5775000
2023-05-04,144.4133627539539,144.87592956083213,143.4789687695519,143.86752319335938,4892600
2023-05-05,143.76574838092984,144.60762330146355,143.1089114639904,144.3485870361328,3989200
2023-05-08,143.71950779345823,144.07104895590194,143.2754335097111,143.67324829101562,4950700
2023-05-09,144.18205554978329,144.30231330055548,142.08199864062397,142.2022705078125,4472100
2023-05-10,141.9617423728676,142.76661817157984,141.02736255645212,142.49832153320312,4754900
2023-05-11,143.21991423757817,143.29392661121807,141.90622636740756,142.83135986328125,3495300
2023-05-12,143.11815147578432,144.36708736348717,142.83136234570574,144.28382873535156,5252900
2023-05-15,144.88514857667627,145.01466669359604,143.06263457089483,144.33006286621094,5414900
2023-05-16,144.20056477154895,145.17195784153327,143.33093695873285,144.08030700683594,5591500
2023-05-17,144.56136210675425,144.838904992476,142.37804638425004,143.46971130371094,4286900
2023-05-18,141.8321986223878,142.14674058895562,140.25022842108677,141.110595703125,6997600
2023-05-19,141.0551223105193,141.8414915237164,140.47228362035162,141.7027130126953,4754100
2023-05-22,141.08287810666624,141.1753971159267,137.68763938980723,137.99293518066406,7876200
2023-05-23,137.650620359834,137.73389311123947,136.05940357543386,136.5034637451172,6116000
2023-05-24,136.54043411166276,137.10476604615988,135.1527340218911,135.37477111816406,5755400
2023-05-25,134.59767646621773,135.263773707956,133.54302485286829,134.50515747070312,6510300
2023-05-26,134.44965229287226,135.0787362925186,133.89456655025282,134.514404296875,4716400
2023-05-30,133.08968456767295,133.25620179513427,131.69273828822708,132.46058654785156,5561000
2023-05-31,132.44210389678022,133.20070596122625,131.2764267521796,131.83151245117188,19854800
2023-06-01,132.52536948452197,133.330231085604,131.7852598857579,133.18222045898438,6091100
2023-06-02,133.691025163338,135.6985629865793,133.58001367042266,135.55055236816406,6124400
2023-06-05,135.1157422942589,136.7809853164312,134.81969281635443,135.01397705078125,4753700
2023-06-06,135.1342436057096,135.35626658899758,132.80290346627697,133.6725311279297,4635900
2023-06-07,133.2284719476589,134.255370710377,132.72890606252824,133.95933532714844,6194400
2023-06-08,134.45892506872096,135.67084792553504,134.0703706188094,135.47657775878906,4863700
2023-06-09,134.7734481530125,135.79110069978398,133.89457410793764,135.5875701904297,5569500
2023-06-12,135.9946406928315,136.00388694702235,133.7280661712347,134.523681640625,5354000
2023-06-13,133.69104858556355,134.77345318036888,133.47827181472616,134.1998748779297,5321200
2023-06-14,134.43113963383635,135.89285218177432,133.98707952953123,135.45803833007812,5693300
2023-06-15,136.15190499583466,137.81714823524683,135.5690663329359,137.33607482910156,5863000
2023-06-16,137.77088886977347,138.8532934473557,137.75238224586786,138.34446716308594,11244900
2023-06-20,138.53873838366007,139.0290579978749,137.02152004381455,137.06777954101562,5340700
2023-06-21,137.16025797291195,138.39994732335776,136.79945655057688,138.25192260742188,4649700
2023-06-22,139.09381672433548,139.78766679622325,138.2889410417829,138.7237548828125,6666800
2023-06-23,139.00131980399766,139.26035607598283,136.88277012602924,137.3453369140625,13843300
2023-06-26,137.0122568903662,137.8171184000014,135.73556833046356,137.48406982421875,4353100
2023-06-27,137.3268007538222,138.92727754359117,137.2805412616847,138.78851318359375,5445400
2023-06-28,138.15015085043296,139.04753123831273,136.88272280661673,138.7607421875,6733300
2023-06-29,137.36381306124886,138.49247701893566,136.0871384774978,138.19644165039062,7343000
2023-06-30,138.61273732303988,140.6850411956396,138.5757240822993,140.37974548339844,7058300
2023-07-03,140.1392151255924,141.11060809960253,139.20483539585086,141.08285522460938,3996100
2023-07-05,140.2779837280557,141.04584615370774,140.10220612121282,140.84231567382812,8279800
2023-07-06,139.88019005647723,140.79607735367176,139.4731290355019,140.61105346679688,7958300
2023-07-07,140.35197706632025,140.54624715123848,137.6135763278351,137.6598358154297,9169500
2023-07-10,137.78937491698002,139.06606356387275,137.60435105480818,137.71536254882812,5529200
2023-07-11,137.59509023446245,137.89113970609847,135.95761423737886,136.99375915527344,5150300
2023-07-12,136.94749953957216,138.2149278124047,136.58669806909492,137.70611572265625,6764600
2023-07-13,137.84493505000773,138.32600857459232,137.10482519289792,137.79867553710938,5561400
2023-07-14,138.09466600118708,139.3528479846558,137.59508606205438,138.81626892089844,6128900
2023-07-17,138.4462096484976,138.91803672376858,137.81712570335708,137.83563232421875,4625300
2023-07-18,137.5118421668822,139.21408441017218,137.2713125400315,138.0946807861328,5351200
2023-07-19,138.3537250278228,139.52864858723862,137.71538062060932,139.03831481933594,6203600
2023-07-20,139.2254282902919,140.34258031741848,137.91276791087273,140.1656951904297,6445400
2023-07-21,140.714973489553,143.06100292198389,140.29604321367322,142.37208557128906,9938400
2023-07-24,142.28831758583053,143.32168661979074,141.78560404204308,142.82827758789062,5549500
2023-07-25,142.88409956317778,143.2378698069994,141.92520946526386,143.16339111328125,5883800
2023-07-26,142.54898181633303,144.15023854669298,142.33486440627362,143.3123779296875,7013800
2023-07-27,143.517179541214,143.92680530588567,141.43181846895848,141.60870361328125,7191600
2023-07-28,143.982677649318,146.6079847676177,143.92682216674848,145.6118621826172,9397300
2023-07-31,145.60253291951608,146.79416381256374,144.35504654794445,145.5094451904297,7955200
2023-08-01,145.11843904571535,146.31937442035675,145.10912032928468,145.462890625,5718800
2023-08-02,145.20222672329152,146.84071565971024,145.20222672329152,145.7794189453125,5636000
2023-08-03,145.9376814320556,146.8127884851712,145.42566340364024,146.16111755371094,5792700
2023-08-04,146.56139304267623,146.84068458322298,144.43880006309365,144.55982971191406,4785900
2023-08-07,144.92293623461694,146.3007568100169,144.7553697967563,146.08663940429688,4107400
2023-08-08,146.42178872180395,146.7476312964356,145.72356680933146,146.24490356445312,4625500
2023-08-09,146.44970309216924,147.17585267842003,145.94698961144175,146.05870056152344,4293200
2023-08-10,146.31935262015486,147.44582332767996,145.04393873089484,145.33253479003906,4307800
2023-08-11,145.63043941305025,146.58934374080894,145.0346240534487,146.17971801757812,3862300
2023-08-14,146.28212257131216,146.65450183927527,144.7646493539133,145.0346221923828,4297600
2023-08-15,145.03463064239673,145.2022112664947,143.79646311186983,144.10366821289062,6921100
2023-08-16,144.0757471923425,144.97878192748598,142.31622868677263,142.6327667236328,6356800
2023-08-17,142.63276802496034,142.95859637023267,141.31078880066184,141.60870361328125,6419500
2023-08-18,141.152518955412,142.33484521787787,140.73358870338595,142.00900268554688,5448200
2023-08-21,141.5900758907699,142.23244225539574,140.8173753511011,141.29217529296875,4504700
2023-08-22,140.9663092512439,141.6459077502846,140.51013261196601,141.34800720214844,4195600
2023-08-23,141.94383339947288,142.88410027731715,141.94383339947288,142.66998291015625,4522500
2023-08-24,142.0183214012679,144.00126171562042,141.95314721265797,142.00900268554688,4088900
2023-08-25,142.80965299063485,143.44271492695015,141.9345601046743,142.9399871826172,3541500
2023-08-28,143.09823113462681,143.7126554984245,142.48379256547082,143.16339111328125,3614700
2023-08-29,143.3216558192012,143.4054390242667,141.5342097510107,143.24717712402344,4034600
2023-08-30,143.4613109604624,144.17814177779746,143.0982361940983,143.4054412841797,3712200
2023-08-31,143.47992528797667,144.44813417100178,143.20995243340505,143.6847381591797,5451400
2023-09-01,144.2060771048137,144.55984737976726,142.9585908373116,143.84300231933594,4126300
2023-09-05,143.18203362530812,144.15954707966657,141.8786776177101,141.91592407226562,5097000
2023-09-06,141.77626588323548,141.92522328517643,141.07804404266685,141.63662719726562,3877400
2023-09-07,141.96247626588638,143.5451096695407,141.8507511066136,142.9865264892578,4824800
2023-09-08,142.8282623014551,142.8655087557414,141.83213983237923,142.37208557128906,3384700
2023-09-11,142.74447181496785,144.3922793018618,142.5117312062965,144.06643676757812,4288500
2023-09-12,144.2898651140616,144.43880829953636,141.1059754631304,141.53421020507812,4537800
2023-09-13,141.4876426584797,142.9864924903071,141.18974211709377,142.52101135253906,4040600
2023-09-14,143.2285687995701,144.22469116602144,142.7816966263341,144.08505249023438,4606800
2023-09-15,143.39615362489593,144.59710321232077,142.65138077922046,142.87481689453125,10262400
2023-09-18,143.78715899054114,143.81508672983225,142.91205194512455,143.41477966308594,3536500
2023-09-19,143.13547303237624,143.42406911164906,141.26424366958963,142.99583435058594,4704200
2023-09-20,143.1541084873296,144.09437550421163,142.77241045068388,142.87481689453125,5446400
2023-09-21,142.85618573926794,143.09824506876194,141.57146721226627,141.63662719726562,5096400
2023-09-22,141.91592371677112,142.75378427248796,140.92910575392585,141.11529541015625,6327000
2023-09-25,140.74290987265368,140.836011808728,139.66300412314118,140.25881958007812,5527000
2023-09-26,139.62573112576524,139.97950136916788,138.5178836417272,139.0113067626953,6366500
2023-09-27,139.1044028017847,139.36507114241257,136.50702390575714,137.16799926757812,5403700
2023-09-28,137.6148799800159,137.763823180058,135.62260664482204,136.23704528808594,6237100
2023-09-29,136.42325466562204,136.63738629385585,134.82201204480842,135.7902069091797,6683300
2023-10-02,134.7847296345968,135.54812559001257,133.9654782103181,135.1664276123047,5153800
2023-10-03,135.14782492640524,136.37670224957967,134.99886751656098,135.44573974609375,4670600
2023-10-04,135.53882309816842,136.20911721547068,134.92438445641469,135.89259338378906,4727800
2023-10-05,135.6226057895373,136.0043038114632,133.7699995659612,133.87240600585938,5205700
2023-10-06,133.68623244582201,134.57994856946246,131.68465437147754,134.14239501953125,7406700
2023-10-09,133.46279907226562,134.03068682719515,131.82431000813278,133.46279907226562,5062200
2023-10-10,134.03995627671588,135.19435471412888,133.79791117765626,134.78472900390625,5988900
2023-10-11,135.11988349913432,135.51088600634384,132.71799877882526,133.12762451171875,5469100
2023-10-12,132.9321139716888,133.99341053249702,131.880136126249,133.425537109375,5965600
2023-10-13,133.30452968700297,135.01749736816973,133.30452968700297,134.7009735107422,7078900
2023-10-16,135.7901484239612,136.90730023410964,135.4177692223637,135.98565673828125,6509800
2023-10-17,136.02294369203068,136.68393337691114,135.21301078981188,136.16258239746094,6160100
2023-10-18,139.70022998456645,140.85462859442583,138.49929461415945,139.67230224609375,10508500
2023-10-19,140.16037688904848,140.78805682682832,137.88385241499412,138.8862762451172,8146000
2023-10-20,139.63576723877617,140.41334483096625,138.57713526585164,138.6989288330078,7284200
2023-10-23,138.52089523640495,140.05730929499757,138.2398409206224,138.79257202148438,5981800
2023-10-24,138.76449669322363,140.59134297579507,138.7176662100966,140.43206787109375,6322000
2023-10-25,140.18850417027804,141.6406066172948,139.70134417685523,141.08787536621094,6172900
2023-10-26,141.50945754269347,141.81861596147644,140.28220140132595,140.33840942382812,7582100
2023-10-27,139.57016583488826,140.47890012886134,137.04070528564085,137.86512756347656,8131800
2023-10-30,138.55838826729362,140.10418014434387,138.2211258845753,139.83248901367188,5412800
2023-10-31,140.0198882734539,140.76934763622546,139.25167384308565,140.5538787841797,6762100
2023-11-01,141.16277935797456,141.16277935797456,139.7856402944793,140.16036987304688,5896900
2023-11-02,140.09481526578955,142.07154496345842,139.50461676398774,141.87481689453125,5859200
2023-11-03,142.20268793411958,142.67110711266866,140.16975041461887,140.59133911132812,6587700
2023-11-06,140.8630193534349,141.696804939626,140.6194465209026,141.40638732910156,6480800
2023-11-07,141.38763430608154,141.69679266001464,140.63816080821505,141.07847595214844,6003800
2023-11-08,141.4251183088131,141.64995035558013,140.06669131617718,140.5351104736328,4832600
2023-11-09,140.28219618035234,140.85366821289062,139.70134661439872,140.85366821289062,6581500
2023-11-10,141.31270543803734,141.87481421439395,140.4508157973052,141.84671020507812,5387200
2023-11-13,141.88418256179708,143.24259547605254,141.88418256179708,142.8303985595703,6297500
2023-11-14,142.91470403368604,143.80469767495046,142.0996448865109,142.51185607910156,7982600
2023-11-15,142.45565514924957,142.7648135590755,140.8817733847037,141.8560791015625,7672600
2023-11-16,142.39009154611693,143.2332404945991,141.75303392024622,143.17703247070312,7590500
2023-11-17,143.07394518939134,143.18636121009754,141.35952939853217,141.52816772460938,8495600
2023-11-20,140.72249376885873,141.49069377658358,140.20722982128913,140.77870178222656,6856500
2023-11-21,140.38521619719768,140.53509945161446,139.42963718832814,140.16036987304688,7310400
2023-11-22,140.61944889245822,141.912276157726,140.61944889245822,141.48133850097656,4372700
2023-11-24,141.63122439703395,142.1558659160613,141.4907043531104,141.818603515625,2132500
2023-11-27,141.9497678495477,142.0621838906482,141.2190349923533,141.6874542236328,6021300
2023-11-28,141.6031017236512,143.12078947307901,141.6031017236512,142.6710968017578,6110400
2023-11-29,142.67111807583026,142.82101565528896,141.45323955403333,141.5843963623047,5342700
2023-11-30,141.36891413130846,143.9264933514143,140.60071404797642,143.8234405517578,9771300
2023-12-01,143.64542595090856,143.79532351774438,142.61489804768578,143.0177459716797,5685400
2023-12-04,142.18396585804047,142.8959578852547,142.08091306377085,142.4556427001953,6578300
2023-12-05,142.53059752679766,142.97091273051717,136.94703421932326,137.4904022216797,11895800
2023-12-06,137.7246220492529,137.86515640056194,136.44115788508552,137.38735961914062,7610000
2023-12-07,137.31242698783836,137.80895025350802,136.7971629494016,137.24684143066406,6119600
2023-12-08,136.70345574237714,137.00325088788506,135.39188771832832,135.98208618164062,6385300
2023-12-11,135.6542229363133,136.65663273689873,135.5136885788335,136.60980224609375,8471200
2023-12-12,136.64724969886925,136.99387533272446,135.91651688991965,136.72219848632812,6069200
2023-12-13,136.64724826236593,139.26102108305153,136.26314109130945,139.19544982910156,9055500
2023-12-14,139.08301374368264,139.16732575589916,135.26071194467684,135.5230255126953,10565200
2023-12-15,134.13648633049863,135.13891006398495,133.4994432174548,134.8672332763672,14550000
2023-12-18,135.06399103800373,138.17430140201523,135.0452502673115,136.9376678466797,8421800
2023-12-19,136.4692486445107,137.09692866001478,136.20693503489764,136.9376678466797,5233600
2023-12-20,136.3755745063612,136.84399371239525,134.75483376106922,134.82041931152344,7663800
2023-12-21,135.39193315849826,135.64486931551411,134.08972793506888,135.14834594726562,6104700
2023-12-22,135.3731338494518,136.43176569894322,135.17639151737134,136.10386657714844,4413800
2023-12-26,135.9258801277197,136.9376673158852,135.81346409404114,136.72219848632812,3634900
2023-12-27,136.45050282298635,137.0688195777666,136.1788259855933,136.83460998535156,4569400
2023-12-28,136.77841730972662,136.78778054826643,135.87904608418233,136.5254669189453,5023000
2023-12-29,136.77838487365995,137.6777558859245,136.5254345428641,137.28427124023438,5300900
2024-01-02,137.11568716650277,139.9730475283346,137.0688423812226,139.34536743164062,7238400
2024-01-03,138.97061650499333,139.7762981685077,137.88388043885382,138.502197265625,7697500
2024-01-04,138.6989072081024,139.84185102854204,138.43659363898684,139.26100158691406,7067400
2024-01-05,139.32659628999818,139.46711632018852,137.29365884814055,138.10870361328125,5294200
2024-01-08,138.56777486258386,139.5139765255586,138.32418772328865,139.2985076904297,8255300
2024-01-09,139.18609181003578,139.96365512398486,138.69893182591858,139.86997985839844,9786800
2024-01-10,139.91681226538543,140.52575147041642,139.832485950289,140.46954345703125,8591100
2024-01-11,140.57261759975935,141.27524646384177,139.86061120200915,141.00355529785156,6659400
2024-01-12,141.41576024455654,141.74365941792232,140.42271378124784,141.08787536621094,5684700
2024-01-16,140.6662570917517,141.93099444341274,139.47648281028202,140.32899475097656,8120100
2024-01-17,139.7388106929866,141.08786019430556,139.59827636450498,140.46954345703125,6541400
2024-01-18,139.7445276996143,139.90479427529937,138.5095213217566,139.65968322753906,6526200
2024-01-19,139.76341138611465,140.11222608948282,138.87721949456517,139.12234497070312,7848100
2024-01-22,138.55670059612683,139.7257219503274,137.906197358116,139.395751953125,11084100
2024-01-23,144.34519788579013,147.44685506060992,144.13779066476656,145.16539001464844,19101600
2024-01-24,145.11826467603234,145.40109404223847,143.38359899507336,143.41188049316406,11592700
2024-01-25,143.67584531413308,146.74923558688235,143.35531209099318,146.71151733398438,10352500
2024-01-26,146.8906560876419,147.2206260958935,146.4475600812697,147.20176696777344,8356600
2024-01-29,147.71081846302818,148.32361772791316,146.5040934428601,147.22059631347656,8987400
2024-01-30,147.39028014939356,148.87983444113345,146.90005801689418,148.47445678710938,7794700
2024-01-31,148.94584813164508,149.42664794000035,147.72968628507329,148.14450073242188,8870000
2024-02-01,147.7956901231939,150.18085887618543,147.65426825661092,150.06771850585938,7601100
2024-02-02,149.86975959691955,150.46369983474412,148.51219013063445,149.04013061523438,7937700
2024-02-05,149.1155562804518,149.89804465488623,148.54047515636387,149.1532745361328,6931900
2024-02-06,149.24752174587078,149.96402465643527,148.83270729981717,149.86032104492188,6185400
2024-02-07,149.99230943433366,150.68051647927584,149.65291709698033,150.0111541748047,7209300
2024-02-08,149.7094990398073,149.99232842095307,148.7384625266034,149.55865478515625,6121600
2024-02-09,149.20041914396825,149.27584127931485,147.97484900416518,148.40850830078125,5978000
2024-02-12,148.3519149265113,148.5876036567336,146.58896782774434,148.11622619628906,5482000
2024-02-13,148.71959891170184,149.86976114444195,146.57954106746575,147.32432556152344,6046800
2024-02-14,147.22060620354392,147.22060620354392,146.04216259801856,146.720947265625,5727300
2024-02-15,147.35259421332086,148.40847510136652,147.21117234669447,148.02194213867188,6249200
2024-02-16,148.05025113045218,149.37953924300191,147.70143635486286,148.49334716796875,6617600
2024-02-20,149.61520667355055,150.64280610961168,149.0778438360493,149.4360809326172,6622100
2024-02-21,150.07717001914799,151.2178955078125,150.07717001914799,151.2178955078125,7121000
2024-02-22,150.33170685013206,151.86838759772004,149.5492185352088,151.3687286376953,6619500
2024-02-23,151.40646610732657,152.4812062841104,150.99165158553274,151.8118438720703,5486500
2024-02-26,151.8118317390566,151.94381685950614,150.9067950232022,151.04820251464844,4531900
2024-02-27,150.2845660439178,150.65223988924902,149.86032920473545,150.1808624267578,3868200
2024-02-28,149.96401325747982,150.95389429133192,149.55862121226988,150.88790893554688,3802900
2024-02-29,150.77481000303024,150.9445133943691,149.12498864625567,149.84149169921875,8348100
2024-03-01,149.00240033194913,149.9262960162191,148.5875859146411,149.75660705566406,4819800
2024-03-04,148.71015797698703,150.61451245190773,148.6441582313197,150.42596435546875,3841600
2024-03-05,150.33172267696963,150.83138168959815,149.69064177935374,150.19973754882812,4481600
2024-03-06,150.5391293158636,150.83139548411376,149.81321823734606,150.43544006347656,5405700
2024-03-07,150.79364888890146,151.698699955509,150.34113054824704,151.42529296875,4783900
2024-03-08,150.69939884734632,152.0192501487815,149.22868890178958,151.1707763671875,5080200
2024-03-11,152.1040781219293,153.31080329077338,151.61385591197924,152.30206298828125,5170900
2024-03-12,152.55660435030904,153.2165299012049,152.0003680282057,152.66029357910156,4229100
2024-03-13,153.0845621411987,153.4145177613938,152.09466651001384,153.00914001464844,5410500
2024-03-14,152.95257244965396,153.31080955844777,151.90611385112345,152.2549285888672,5848100
2024-03-15,151.50070387962057,152.25491064843706,151.12360768786115,152.14178466796875,10956900
2024-03-18,152.2360550684264,153.40507630658018,151.78353675071764,151.9815216064453,6086300
2024-03-19,152.53774328454458,152.88655798873236,151.94380310364284,152.56602478027344,6148100
2024-03-20,152.73571790974526,153.10339174952063,152.2266365874787,152.7168731689453,4870300
2024-03-21,152.81114418267526,153.15997329113284,151.89667074357885,152.5943145751953,5211500
2024-03-22,152.91482772924292,153.11281256942289,152.2266207439164,152.40574645996094,6393200
2024-03-25,151.94382386425502,152.4057789997747,150.58625434258903,151.01992797851562,7145600
2024-03-26,151.18018821812157,151.91553594707634,150.97278097300108,151.35931396484375,5842700
2024-03-27,152.12293270640913,153.42393908425078,152.10407358034377,153.30137634277344,6599700
2024-03-28,153.49935226950606,153.8010263425027,152.4434570507742,152.96197509765625,7191500
2024-04-01,152.5189069135951,152.79231392682811,150.65225599051146,151.38760375976562,5971900
2024-04-02,150.50141938802847,151.51017422181826,150.50141938802847,151.37818908691406,6771200
2024-04-03,151.43473423005096,151.67042297067655,146.76808565742496,147.211181640625,9601800
2024-04-04,147.89941673205578,148.08796486484877,146.5135656588116,146.55126953125,6801700
2024-04-05,146.40043403949355,148.06911460452247,145.8347896072355,147.16407775878906,5121200
2024-04-08,147.04148228899814,147.72968933523703,146.72094907680994,147.1074676513672,5476800
2024-04-09,147.32432746920534,147.77684584006616,146.7869502157522,147.69200134277344,4608100
2024-04-10,146.73982378394024,148.55934858526342,146.73982378394024,148.2388153076172,7784900
2024-04-11,148.53106279698673,148.5782034271157,146.85295993855993,146.9189453125,8209800
2024-04-12,146.33443724019278,147.04150351430067,145.8819188526478,146.43814086914062,6770500
2024-04-15,147.46574307986148,147.84285373074792,146.4381435286343,146.55126953125,5754000
2024-04-16,146.92837717115427,147.955976701323,146.75867378540795,147.02264404296875,6103300
2024-04-17,147.3526164743943,148.12566813127302,146.82467595061365,147.97483825683594,6621900
2024-04-18,148.3420108581565,149.56602560844684,147.98146060708035,149.243408203125,7819300
2024-04-19,147.05161140262197,150.08790460622845,145.66630941512716,150.04995727539062,12034200
2024-04-22,150.32509044810303,153.0387802184015,149.20546339568045,152.3271484375,8926300
2024-04-23,153.4088370559489,153.80736361715321,152.21330080689552,153.23805236816406,7707300
2024-04-24,152.9533959760382,154.52847787590827,151.26445761821628,154.2817840576172,7217600
2024-04-25,154.63287187571478,155.9138151123394,153.7884025834639,154.23435974121094,7094600
2024-04-26,154.18689354257745,154.9649512779833,152.2797254869056,153.03878784179688,5659800
2024-04-29,152.924939296451,153.5132169953848,152.20382423071962,153.38987731933594,4621000
2024-04-30,153.56067826026754,154.99343980893246,153.33296530920245,154.85110473632812,8106100
2024-05-01,154.92697607178368,155.8378710883196,153.9212055081865,155.04083251953125,7543000
2024-05-02,155.17368787527215,156.07509978516285,154.31973546169723,155.45834350585938,5647500
2024-05-03,155.17368309163527,156.28384146452058,153.86429039639833,156.046630859375,5581500
2024-05-06,156.35023658154407,156.54000215021077,154.90799219894438,156.0276336669922,5472400
2024-05-07,156.5400248895718,157.54579557997226,156.16997690955301,157.28012084960938,6433000
2024-05-08,157.48884751314054,157.85889544655166,156.49256016066906,156.6254119873047,4579400
2024-05-09,156.60644688083545,157.82096404006646,156.60644688083545,157.54579162597656,4671100
2024-05-10,157.59324726540282,158.79828129364668,157.22319926972952,158.3143768310547,4879400
2024-05-13,158.3143669827463,159.07342935256844,156.90058653430728,157.38449096679688,5725500
2024-05-14,157.06189113785135,157.57427417368473,155.56271831469687,157.28012084960938,6009800
2024-05-15,156.85316729266552,158.1530770166989,156.67288488284123,157.9917755126953,5102700
2024-05-16,158.39024366239988,159.72811482639224,158.06764074401713,159.27267456054688,6793600
2024-05-17,159.09241370053635,159.40553345005281,158.34283452673895,159.06394958496094,4700800
2024-05-20,158.97855136899227,159.29167110694885,158.25742185920632,158.75082397460938,3804600
2024-05-21,159.17779709812513,159.91789301785076,158.73184000826657,159.7376251220703,5147100
2024-05-22,159.41501583972624,159.8135279339121,159.05446555156965,159.22525024414062,4536700
2024-05-23,158.73183042943708,159.509888106301,156.8626243190628,157.02392578125,4729800
2024-05-24,157.36551819188995,157.80197758910595,156.70131692781905,156.8721160888672,3820100
2024-05-28,156.07509319364527,156.33127021998655,153.9591641955854,154.76568603515625,6466200
2024-05-29,154.32922886502786,154.41463569457454,153.16215662855922,153.38038635253906,4360400
2024-05-30,153.3803408032283,154.37662804111199,153.21903936138938,154.2627716064453,4748200
2024-05-31,154.1299676471375,156.34077226078415,153.68401054388508,156.12252807617188,10341400
2024-06-03,155.5437304947526,157.73556864005803,155.25908935215503,156.22689819335938,5828400
2024-06-04,156.35975493794456,158.57055978139212,155.98970692850327,158.4661865234375,6277000
2024-06-05,158.4661785312373,158.4661785312373,156.54002944100975,157.5552978515625,5243300
2024-06-06,157.34652773673915,159.95584418429527,156.63489597831477,159.85147094726562,6302000
2024-06-07,159.78505619561608,160.32590331932911,158.30486435120218,158.51361083984375,4558200
2024-06-10,158.24794070243283,159.1398549109504,157.5837538912559,158.78878784179688,4110600
2024-06-11,158.4282202111695,158.93110553610344,157.52682280675126,158.91212463378906,3947700
2024-06-12,158.93110344199425,159.06394080007206,155.8189015000119,156.7297821044922,5474500
2024-06-13,156.0561092887016,158.45667938094851,156.0561092887016,157.89686584472656,4902200
2024-06-14,157.49836862804875,158.39026839848148,156.7962199799849,158.25743103027344,3695000
2024-06-17,157.3655072451861,160.07919690576173,156.93851661136122,158.93109130859375,6759400
2024-06-18,158.48516178019528,160.02228199876055,158.39976942987224,159.9368896484375,5112600
2024-06-20,159.756609349098,160.1456382543594,158.323862366003,159.09242248535156,8483600
2024-06-21,158.91211055624956,160.240498515039,158.62745495949574,159.65220642089844,14682000
2024-06-24,160.12661253520727,160.74336868322072,158.91209561621255,159.8324737548828,7565200
2024-06-25,160.00331532189054,160.2689900634925,157.41296487398986,158.3143768310547,7968200
2024-06-26,157.5552933397898,159.22525085683074,157.18524535960853,158.8836669921875,5164000
2024-06-27,158.9216025020858,159.5003968858992,157.033401107439,158.09609985351562,5007000
2024-06-28,157.5078294742407,158.68439919571304,156.1604750799758,156.4830780029297,9253100
2024-07-01,157.11878729340597,157.70707934327103,153.9022125919965,154.39561462402344,7638600
2024-07-02,154.26279438821294,155.6480961418524,153.43730615860335,155.5152587890625,5449200
2024-07-03,154.86059008357563,155.80943257921422,154.64234588528376,155.44886779785156,2980500
2024-07-05,155.61964772130187,157.15678236222655,155.13574327552556,156.75827026367188,6509200
2024-07-08,157.46040406648274,158.14357179908373,157.14728431585834,158.00125122070312,5144500
2024-07-09,158.1056353701488,158.22897505385225,156.6918547886299,157.1852569580078,4393100
2024-07-10,157.41293993711122,158.38076318716315,157.07135611228026,158.26690673828125,5037100
2024-07-11,157.79252550798608,158.1056452998611,156.3502807182497,157.07139587402344,5831500
2024-07-12,157.71657620899458,159.06393060548342,157.5268106350723,158.0866241455078,4684600
2024-07-15,157.95380359226263,158.09612416829194,156.04663548253592,156.16049194335938,5752500
2024-07-16,156.47360853671617,158.5231116593726,156.18895291220502,158.40924072265625,6378300
2024-07-17,159.16831979968336,161.46451677416525,158.76980771103973,160.77186584472656,7982300
2024-07-18,160.16461243406542,162.17615384501156,159.6712102939172,159.82302856445312,5926300
2024-07-19,160.3356053104949,161.35696522143925,159.53378760307388,160.32606506347656,6597100
2024-07-22,160.29741207406167,161.03241890753281,160.07786987480856,160.60287475585938,6383000
2024-07-23,160.46923456152254,160.76514242401063,158.7605982433194,159.0469512939453,4863400
2024-07-24,158.76060711949998,160.63151512607942,158.0542355695188,160.36424255371094,5907000
2024-07-25,160.66971204596277,162.35925347167932,159.28560419407748,159.31423950195312,7338300
2024-07-26,159.64832062188657,161.62424404781498,159.43831867617644,161.4237823486328,5581600
2024-07-29,161.1756122985688,162.78878795204238,160.46924076079165,162.20651245117188,6797800
2024-07-30,154.43650712777358,154.99970221978984,150.85694766327123,154.35060119628906,15746300
2024-07-31,153.50100794646133,155.45783612577577,151.97373842902257,153.45327758789062,9660900
2024-08-01,153.56787675559985,158.7510718122235,153.3769552673679,158.1592559814453,12532700
2024-08-02,159.82970709064065,162.60744852737045,157.64378144782415,162.34971618652344,11899000
2024-08-05,163.11335957890677,163.11335957890677,159.09470134314907,160.42152404785156,10338800
2024-08-06,160.2687828825541,162.58834469450176,160.22106708130738,160.4501495361328,7454900
2024-08-07,160.9083566019279,163.91518058701877,160.37379684511558,162.29244995117188,8385500
2024-08-08,161.7196970841884,163.76243145318057,161.31878823404182,163.10379028320312,6386900
2024-08-09,162.3878942116526,163.4760796431185,161.9392549529087,162.78880310058594,5377300
2024-08-12,161.70061118477824,161.93924845899738,158.64605698782603,159.22833251953125,7208100
2024-08-13,159.734223282113,160.17332222290517,158.89423008164778,159.68649291992188,3770000
2024-08-14,158.9324181645756,161.76743003219175,158.2833317964308,161.1278839111328,5476600
2024-08-15,161.75790138459251,161.9678887923788,159.17106684307447,160.2878875732422,9491400
2024-08-16,160.19246646837723,160.69837641936877,159.21882212871202,160.25927734375,5640800
2024-08-19,160.5360549581622,161.5478892031296,160.52651471099506,160.76515197753906,3885300
2024-08-20,161.0992586576565,162.80789516946604,160.46925274436927,162.6647186279297,4513600
2024-08-21,162.45472173498362,164.07745237259607,161.89154123365142,162.42608642578125,4082000
2024-08-22,163.11338112477375,163.45701943869875,161.4524601799253,162.4165496826172,4097300
2024-08-23,162.32108702039744,162.37835763936087,160.60289562517335,161.4810791015625,4771300
2024-08-26,161.03242245593069,163.199252886235,161.03242245593069,162.60743713378906,6472400
2024-08-27,163.065607996425,163.32334030561282,161.39514724049783,161.5574188232422,4456400
2024-08-28,161.71970637299245,163.41880260155645,160.91788862664473,161.37606811523438,5644800
2024-08-29,162.0347293379949,162.84610199731034,161.2615468038495,162.302001953125,4413200
2024-08-30,162.4260641705668,164.06788964444337,161.97742496751553,163.7433319091797,7301600
2024-09-03,163.2565543311034,167.04611595542775,163.21837877045894,166.5879364013672,10101400
2024-09-04,165.73838096345534,168.00065788891567,165.73838096345534,167.9051971435547,7517500
2024-09-05,167.99109003582032,168.5256351653687,166.73107831737425,167.49472045898438,6061900
2024-09-06,167.77155505657439,168.99337681570515,167.37064615735315,167.60928344726562,5785700
2024-09-09,167.5615375093143,168.80245421462755,166.7215442312397,168.0579071044922,6450200
2024-09-10,167.91471683099013,169.8524501212903,167.91471683099013,169.70925903320312,6396300
2024-09-11,168.57338173057175,168.95519555543896,165.738369656878,166.0151824951172,6828200
2024-09-12,165.9960814428732,166.67381770760383,164.60244792367186,165.58563232421875,4838900
2024-09-13,165.49018664723303,166.60700743980908,164.94610118866427,166.1679229736328,3918000
2024-09-16,166.7692874833674,169.2511065204902,166.39701389953578,169.18429565429688,6892300
2024-09-17,168.6020202576777,168.92656347153655,167.3897387644237,167.8861083984375,4757100
2024-09-18,167.0938276699996,167.9051856891584,164.72654991224246,166.0151824951172,5102900
2024-09-19,165.0224386611036,165.28971122054747,162.636066119453,163.7433319091797,8692000
2024-09-20,163.71470973805754,166.60699232535296,163.7051694906199,166.30154418945312,28647500
2024-09-23,166.10107647088833,167.22745193415872,164.74561855528427,165.8719940185547,10265000
2024-09-24,165.0224658407702,166.56883084156658,164.77427373379285,165.36610412597656,5422400
2024-09-25,166.1583643453391,166.74062529797675,164.2397113843362,164.4306182861328,8916500
2024-09-26,163.70517793653715,166.6738263522826,163.57154163919952,165.33746337890625,4957200
2024-09-27,165.1465530938303,166.52110628263782,164.73610392606236,165.66201782226562,4599500
2024-09-30,165.8338059603711,166.09153828771187,164.860176395329,165.32789611816406,6296600
2024-10-01,165.36609237185394,166.09154444894068,164.37335314503687,165.1751708984375,7130600
2024-10-02,164.19200029145478,164.6120042638678,163.30427653952557,164.10609436035156,6212700
2024-10-03,163.58104934995725,163.58104934995725,162.05377976491863,162.3878631591797,4794300
2024-10-04,161.17561884305906,162.35925038679864,160.6124238132577,161.20425415039062,6002800
2024-10-07,161.4715346008774,161.87244348832706,159.28560893291476,159.5242462158203,6325300
2024-10-08,159.26652601922856,160.92743216126587,158.71288578346162,160.51698303222656,7473000
2024-10-09,160.72698992827029,162.09198821626626,160.36425659176155,161.5765380859375,8758800
2024-10-10,161.12789584448973,162.0728901601742,160.717432145194,161.2710723876953,6932300
2024-10-11,161.75786168950063,163.61922911633727,161.2901274888042,163.3137664794922,7036500
2024-10-14,163.24699686017917,164.98426870890052,162.97972426806817,164.6692657470703,5909000
2024-10-15,165.03200555730012,166.96019896059366,164.96519468928153,165.6811065673828,7172200
2024-10-16,164.06790671642148,164.74562843222333,163.12289784810122,164.54518127441406,6117000
2024-10-17,164.35424630138576,165.78606985777483,163.95333745342833,164.44970703125,7045600
2024-10-18,163.5154821290329,165.34939383826003,161.74878874726943,164.45643615722656,8372500
2024-10-21,164.1683860522377,164.64846673464058,161.7391789713511,162.78575134277344,5522500
2024-10-22,161.85440447704755,163.92834184138738,161.85440447704755,162.9393768310547,7511400
2024-10-23,162.79533879134775,163.39063406315444,162.00799955363138,162.8241424560547,4837800
2024-10-24,162.6705195056028,163.1890147924007,162.20003521216,162.862548828125,5861200
2024-10-25,162.19045106926714,162.65132440815398,161.3455044055585,161.51834106445312,4877900
2024-10-28,162.53612103883904,162.90098706006754,161.671981636972,162.55532836914062,5753800
2024-10-29,162.13283729052085,162.13283729052085,160.18371102856395,160.51016235351562,5681000
2024-10-30,160.43336359503337,160.65421126400935,159.3483911838606,159.54042053222656,5518100
2024-10-31,159.15633685807876,160.38534218895973,158.51303052479724,158.5994415283203,6056500
2024-11-01,158.72428499926843,159.72286109946674,158.41704095752337,158.5226593017578,5454800
2024-11-04,159.1179358892644,159.6460275479891,158.02335256522554,158.50343322753906,5130200
2024-11-05,157.78331784214802,159.6940442203923,157.78331784214802,159.15634155273438,4397400
2024-11-06,159.01232081253875,159.4251831581482,153.44338208552463,154.6339874267578,11473700
2024-11-07,155.5077475312427,157.41845934976925,155.04685950839882,156.8999786376953,9056700
2024-11-08,157.485673433179,161.06707127339962,157.39924777441394,161.02867126464844,7506200
2024-11-11,160.3469614119807,161.80641091151566,159.17556327630012,159.4156036376953,6364400
2024-11-12,159.52120563120303,160.4045523124827,158.97392128178927,159.233154296875,6507500
2024-11-13,159.44439180416825,160.1549164791289,159.07952580203985,159.9436798095703,5412300
2024-11-14,160.06849683818962,161.34549847494756,159.87645285738807,160.4237518310547,7444300
2024-11-15,161.24950194962406,163.77473102735112,160.2317332470739,162.78575134277344,9939400
2024-11-18,162.3728914657215,164.6196655774309,162.10404745154602,163.9475555419922,6681000
2024-11-19,163.88994964162885,164.35082300555993,162.90098458418296,163.9571533203125,5683700
2024-11-20,163.23703873061635,164.2548221487501,162.75695801770257,164.0819854736328,7081100
2024-11-21,164.82130178433673,166.59759150128866,163.43866708841546,165.8678741455078,6240400
2024-11-22,167.21209948466537,170.33262398866384,166.95286645913507,169.2572479248047,10609800
2024-11-25,170.4094395734276,171.69606697205924,169.8525442085363,170.32302856445312,19357000
2024-11-26,170.14059332928494,172.310567421134,170.14059332928494,172.16653442382812,6276700
2024-11-27,172.82904124594614,173.2419035898242,171.60963224157015,172.21453857421875,5522900
2024-11-29,171.58084222426044,172.47379996020845,171.17757618737767,172.1185302734375,3823700
2024-12-02,171.98410499701828,172.98268105588105,170.91832525873411,172.54100036621094,5728200
2024-12-03,171.648049698562,172.46417806054708,168.22026662552594,168.43150329589844,8127300
2024-12-04,167.2312961085982,168.1722501042357,166.54958977279418,168.13385009765625,6823500
2024-12-05,167.89382482191334,169.4300889390355,167.50015512740197,169.0172119140625,5022200
2024-12-06,168.3835021398046,169.69893323690107,166.82804534060054,166.895263671875,5741200
2024-12-09,166.7224278120555,166.83764249377293,163.6403032180097,163.9859619140625,7164300
2024-12-10,163.6306947700127,166.04069447330644,163.16021043631335,165.41659545898438,6219900
2024-12-11,166.11749501273468,166.48236098134743,163.61147352762228,163.8323211669922,5237500
2024-12-12,164.60045981415468,164.97493682057024,163.24664339092186,164.0435791015625,4072800
2024-12-13,163.9667683772393,164.94612246851887,163.34265466909793,164.24520874023438,3884500
2024-12-16,164.61966917436575,165.89668559505205,164.28362147475374,164.322021484375,5943600
2024-12-17,163.87073234166164,165.09973767130472,163.24663333786913,163.54428100585938,6069200
2024-12-18,162.99697307034344,163.76510502194003,162.28646310210777,162.3440704345703,7517100
2024-12-19,162.27688560608027,163.3234727484551,160.68302869235714,162.44972229003906,8585200
2024-12-20,162.14244393246503,163.1026052910293,160.82702755951982,161.36471557617188,21999300
2024-12-23,161.36470873049117,161.96000405925855,159.7324374203587,161.4127197265625,6983900
2024-12-24,160.94223578675613,162.44008510196718,160.75020645291607,162.20965576171875,2460800
2024-12-26,161.60475339328082,163.5154797413226,161.374324047398,163.3810577392578,3629400
2024-12-27,162.6705504781105,163.9571632999685,162.51692113048244,162.7761688232422,4367900
2024-12-30,161.9504062357481,162.24805389740314,160.06849827455537,160.433349609375,4354500
2024-12-31,160.69261371542126,161.38393110076504,159.95328532953133,160.97105407714844,3957600
2025-01-02,161.39352535785758,161.98883538532738,159.3003805493385,159.36758422851562,5401700
2025-01-03,159.62682868907297,159.86686903296632,157.7065059379262,158.55145263671875,5256600
2025-01-06,156.32386794684288,156.9863816262904,154.04829022256615,154.20191955566406,8731700
2025-01-07,155.02765276451038,156.13183241923707,154.3363354438627,154.8740234375,8447400
2025-01-08,154.57637126158968,155.93018754501998,154.17310527813189,155.64215087890625,4974800
2025-01-10,153.76984774341236,154.7876311698693,151.19662213358365,152.24319458007812,8501500
2025-01-13,153.00173089417004,153.71224098119575,152.09917679896355,152.5120391845703,6772200
2025-01-14,152.52164710956345,153.69304521159475,152.00315173933947,153.37619018554688,5982200
2025-01-15,154.19233382929127,154.73002193233222,152.9921319382527,153.28977966308594,8059200
2025-01-16,153.2609341484016,154.18269539546841,152.80006085031715,154.1058807373047,5774400
2025-01-17,153.3761765049588,155.30609550867175,153.24175450446486,154.71080017089844,7262700
2025-01-21,154.54755023238212,155.8821736887327,154.54755023238212,155.2772674560547,13914700
2025-01-22,160.44295259788782,161.44151386308468,157.8889201270234,158.17697143554688,14356700
2025-01-23,157.3512667605487,159.8476777978568,156.81357868023315,159.53082275390625,7614300
2025-01-24,160.2717492521424,160.2717492521424,157.65383889755577,158.54257202148438,6199800
2025-01-27,161.05421254914805,164.1647857090002,160.46494211227576,163.89430236816406,9170800
2025-01-28,163.16980159903153,163.82668554663937,160.46495326248217,160.542236328125,6716300
2025-01-29,161.05420953095296,161.60483105725183,160.24275952365133,160.5808563232422,4850300
2025-01-30,161.788392889627,161.9043248597407,160.29106479603263,161.7207794189453,4136500
2025-01-31,160.35868439624093,160.95760970542335,159.59553810680646,160.34902954101562,5464700
2025-02-03,159.84668534099134,163.6238118318874,159.61483617036896,163.02487182617188,8668600
2025-02-04,163.5368731115355,163.5368731115355,160.62916970759682,162.4163055419922,6410900
2025-02-05,162.3776548299533,163.39197475870145,160.94795502251762,163.26638793945312,7536800
2025-02-06,163.6141618766048,164.1551285994229,162.31970368411328,163.1408233642578,4957900
2025-02-07,163.34366738067393,163.37264668597538,162.1651264976265,162.26173400878906,4535600
2025-02-10,161.99123602967518,162.75438223405618,160.74506705335978,161.836669921875,7062900
2025-02-11,161.99126037148656,163.80737556045113,160.84169872486484,163.672119140625,5438100
2025-02-12,162.62880574438788,164.3000093613309,162.26171493340902,163.81700134277344,6037400
2025-02-13,163.86533739853016,165.55586579676688,163.39198414053826,165.20809936523438,6328300
2025-02-14,164.01985975235442,164.222729609929,156.7844089227028,157.35435485839844,13179500
2025-02-18,157.79872874839845,160.12681624232442,156.6878014391202,159.8080291748047,7075300
2025-02-19,160.45528554783235,161.19910735708874,159.62451108404773,160.83203125,7910700
2025-02-20,157.60553454252343,162.07819419185904,157.26743772222494,161.52757263183594,6162600
2025-02-21,161.7497523600738,164.75406328475907,160.28140363174143,164.44493103027344,9813700
2025-02-24,164.43526726812019,167.10146648757427,164.019872666185,164.744384765625,8564100
2025-02-25,165.45926203998343,168.03852365739533,164.99557836747653,166.78269958496094,7314900
2025-02-26,166.425253055095,166.78267429634985,164.85064209023986,165.4785614013672,5519000
2025-02-27,165.04387527812872,167.2077421535119,164.83135053283394,166.1258087158203,5467000
2025-02-28,167.6810920735812,168.71472173223245,166.0098881917036,167.9322509765625,10240100
2025-03-03,167.68110014617767,170.29899589327255,167.61347193429,169.62278747558594,7615300
2025-03-04,170.74336262912877,173.87326041039992,167.0338639744471,167.294677734375,12117600
2025-03-05,167.48787549579203,169.89324614186287,167.14010911150956,168.6760711669922,6989100
2025-03-06,168.94656007538927,169.8642724491543,166.96622406448395,168.72438049316406,6702500
2025-03-07,168.17374468529488,172.81062506151244,168.1351105257641,169.9705352783203,9566700
2025-03-10,170.75302765798816,173.8732707696882,169.85463961756952,170.27001953125,11047000
2025-03-11,169.85461982225388,170.0091859424537,166.46390847420042,167.23670959472656,11032300
2025-03-12,163.9329509350094,165.99057021741828,162.0685466903807,162.6481475830078,10158800
2025-03-13,162.000902967338,163.53686508505072,161.5951779592763,162.86065673828125,6609000
2025-03-14,162.08784343674375,162.8606593053344,160.9576063092776,162.26173400878906,6790500
2025-03-17,162.64812869164913,165.27569370570313,162.4162942576207,163.9908905029297,9931700
2025-03-18,164.29038850863225,164.47391921186986,161.88500277191807,162.01058959960938,6099900
2025-03-19,162.16514644804894,163.01524548210602,161.43097938969686,162.84136962890625,7569200
2025-03-20,163.15047624321417,163.45960850407204,160.3876693078064,161.85601806640625,8789200
2025-03-21,161.45994236637557,162.42595853818355,158.5425694002491,161.02523803710938,16027300
2025-03-24,160.7740602630653,161.1991097261651,159.74043065074227,160.02056884765625,6102100
2025-03-25,159.68247146678203,159.75008493190325,156.68781552587143,157.31573486328125,8366700
2025-03-26,157.79873275635342,161.15080973725637,157.45096637752027,160.91896057128906,7756000
2025-03-27,162.16514342252566,163.2857258119235,160.95762310814993,162.9766082763672,6211700
2025-03-28,163.62381454312532,163.94260163042495,161.92361674419413,162.31968688964844,5479100
2025-03-31,162.38731403418996,165.32399652373778,162.38731403418996,164.6284637451172,11520100
2025-04-01,164.773402506624,165.23708618968158,163.31470850289259,164.76373291015625,7021100
2025-04-02,164.29036709361307,165.07283778518305,162.59016930428953,163.73973083496094,6274500
2025-04-03,168.30899084881347,168.85962713342727,164.9279343004792,166.53152465820312,9393300
2025-04-04,165.93258806411745,167.70039927932427,157.91465156145736,158.1851348876953,13454200
2025-04-07,158.09820249387286,159.10285277777945,153.7801092375778,154.78475952148438,15708000
2025-04-08,156.79407514858104,157.73111197059342,151.38439368381208,153.00729370117188,11541100
2025-04-09,152.01230987449574,159.0835407960324,151.36508078909904,156.8037567138672,10670200
2025-04-10,157.36401276672237,159.4602806214833,155.28708410096849,158.0015869140625,10581600
2025-04-11,157.81805695528848,162.31004098934048,157.09354482788368,161.23776245117188,8602800
2025-04-14,161.36333916316352,164.32901596514188,160.14616406065966,163.38232421875,9877300
2025-04-15,163.39196474458132,164.37730530699508,162.56119029788658,162.74473571777344,8765000
2025-04-16,163.53688434182706,163.9136300894066,160.15582746961746,160.73544311523438,5897500
2025-04-17,161.8366885668536,165.8166704897069,161.66281273072292,164.8313446044922,7227100
2025-04-21,165.13946950004112,165.19778938368975,159.68633789714104,161.115234375,8062400
2025-04-22,161.22216401283848,164.050797112827,159.93906720504756,163.18568420410156,7907400
2025-04-23,161.7470581197266,161.95119255121304,158.54906079529954,161.09579467773438,9309200
2025-04-24,156.012045815966,156.45918966967002,152.20165993476974,155.0691680908203,20077700
2025-04-25,155.40937953679128,157.27568998859715,153.35837956392203,156.5175018310547,12892800
2025-04-28,156.53693211119506,158.01443344953765,155.90511358978043,157.3242950439453,8127000
2025-04-29,156.77996155510544,157.8492090087501,154.74840622529953,157.72283935546875,8266200
2025-04-30,157.90753056405265,158.59768389724346,155.47743617300193,158.02418518066406,12475500
2025-05-01,156.16756984192287,156.83827818253783,154.60258865786037,155.50657653808594,6792800
2025-05-02,156.43000302332482,157.2854008530894,155.42880548717605,156.03147888183594,5750200
2025-05-05,156.3911434383269,156.41058834513083,153.60140001274362,154.3887481689453,7576200
2025-05-06,153.6208098348935,155.24412561635657,153.2417157788438,154.79698181152344,7703800
2025-05-07,154.57343696876902,155.5746345987022,154.1068482004001,154.83587646484375,6430000
2025-05-08,153.95133613410349,155.52603246654945,153.59167209818418,154.21377563476562,7230800
2025-05-09,153.6013990033309,154.6803614260288,153.008455422711,153.25146484375,6453200
2025-05-12,153.02789156316823,156.5466782051351,152.30859314093587,156.40086364746094,7378400
2025-05-13,155.54547131775647,156.22589471688306,152.95984756895766,154.29153442382812,7780800
2025-05-14,153.69857425126816,154.7095016197212,153.16396545892502,153.60137939453125,5988900
2025-05-15,155.12748381357605,158.35465590623195,154.26237090499833,157.86863708496094,8727300
2025-05-16,158.10190601362285,158.86009413734095,157.32428781748268,158.71429443359375,7100800
2025-05-19,158.89899155520567,160.53200764383564,158.84067167091416,160.1626434326172,8119900
2025-05-20,160.00710328141642,161.35823489599582,159.99738824538207,161.00830078125,5576600
2025-05-21,160.21127042508553,161.7179170845922,160.01685100775126,160.80419921875,6424200
2025-05-22,159.84187609290487,161.55265704467544,159.43362205323638,160.41537475585938,6245600
2025-05-23,160.2209703587637,161.57210212199593,158.90871357606207,161.22216796875,5349800
2025-05-27,160.64868153901418,163.2828955100054,160.64868153901418,163.0690460205078,11423800
2025-05-28,162.96210594974352,164.1188331253892,162.38860729644406,162.6802215576172,5385900
2025-05-29,162.07754851878522,164.26463303451783,161.78593428359764,163.84664916992188,4842500
2025-05-30,164.03134307432492,166.20871261232531,163.88554336888325,165.13946533203125,12587500
2025-06-02,164.29380244558718,164.31323251883458,161.58180918376013,163.08847045898438,7574400
2025-06-03,162.11644426104394,162.72883275016855,161.26104635015471,162.1844940185547,6223000
2025-06-04,162.02894448711214,163.35091617209397,161.2804714072028,161.30963134765625,4939000
2025-06-05,160.8041752780339,160.8139051467235,157.965827226536,158.2477264404297,10351800
2025-06-06,158.72402608276096,160.61951142256478,158.7143110455331,159.43362426757812,5697700
2025-06-09,158.82122782748692,159.43361628087678,157.53814586814295,158.01443481445312,6544200
2025-06-10,158.14080612171847,158.93786927430625,157.39233298546662,158.28660583496094,7680000
2025-06-11,158.0824901056621,158.21857478539167,157.16877232799877,157.5770263671875,5960100
2025-06-12,157.4409387016477,158.74346558751714,157.15903947833547,158.61709594726562,6509900
2025-06-13,158.20885187537516,158.4713062092975,155.4385533092826,155.79820251464844,7104500
2025-06-16,156.3814239501953,157.4214965367743,155.53574109765088,156.3814239501953,6332000
2025-06-17,155.58436451467347,155.88569385298769,153.8832984016304,154.08743286132812,6809700
2025-06-18,154.11655811479665,154.21375297153352,153.25144527962306,153.60137939453125,7211200
2025-06-20,153.61111708851595,154.88448410688727,153.43615742131303,154.6317596435547,16173400
2025-06-23,154.6220361906173,156.6827512634819,154.5539864356632,156.5272216796875,6588200
2025-06-24,156.67302448015008,157.2173780341517,155.18580803210392,155.87596130371094,7470100
2025-06-25,155.35107932361856,155.8565282712367,154.27211683478467,154.52484130859375,5933700
2025-06-26,155.088624135807,155.09833917362872,152.77516957202266,154.19435119628906,7410400
2025-06-27,154.24292622193488,155.65239267135047,153.86383213408064,155.3899383544922,19257000
2025-06-30,154.80671654938587,155.42882007520782,153.70832404992842,154.86505126953125,11238200
2025-07-01,155.40937201478363,157.9852656519993,154.92335322797945,156.71189880371094,10664900
2025-07-02,156.63413922322934,156.83827364660206,155.38993227423248,156.6924591064453,8848700
2025-07-03,157.26595724100488,157.48953656878732,155.3218820352797,156.3328094482422,6999600
2025-07-07,156.39114856180615,156.67303297516668,154.8358822731371,156.01205444335938,7225700
2025-07-08,155.05944745121067,155.31217189636223,153.03760739364665,153.4750213623047,12034800
2025-07-09,153.67915530962628,153.77635017340265,151.58926550485268,153.11537170410156,18770900
2025-07-10,153.34865986736696,155.1469355177143,152.64879154750017,154.05825805664062,7200500
2025-07-11,153.6305612583487,153.6305612583487,152.06557997003077,152.6585235595703,8053800
2025-07-14,151.22962597360984,151.44347545252165,148.5856822635347,149.46051025390625,11491700
2025-07-15,149.26611881611106,149.74242266689268,147.65253254492706,148.4107208251953,9142600
2025-07-16,148.46904288245773,149.46051065229005,148.0121839792118,149.4313507080078,8479000
2025-07-17,149.73267239253965,151.39486329254126,149.57715764166278,151.26849365234375,8320000
2025-07-18,150.50218073336194,152.25403527673942,150.35538395421779,151.79405212402344,7337300
2025-07-21,151.76469592541798,152.61614712926362,151.5885248532318,151.7255401611328,6328400
2025-07-22,151.61789621928125,154.99435687922127,151.59831833558792,154.9454345703125,8187000
2025-07-23,154.84754654639278,155.49348224984857,154.31904826772953,154.90626525878906,4804800
2025-07-24,155.48369124861773,155.63050296826182,154.6811772620494,155.4249725341797,7027400
2025-07-25,153.98631325761204,155.06287286345747,153.67314178453415,154.9258575439453,5799900
2025-07-28,154.27013563856093,154.7203224175326,152.89996755133777,153.76121520996094,7885000
2025-07-29,155.26837677032339,155.26837677032339,151.53958912972797,153.27186584472656,11466100
2025-07-30,153.65354585182126,153.65354585182126,148.8090580616741,149.62136840820312,8162900
2025-07-31,148.56439400111145,148.76012802496086,146.71467984866936,147.2627410888672,11845400
2025-08-01,148.54482274633173,150.21838083204366,147.3116849008673,147.43890380859375,8594200
2025-08-04,147.04741535273502,148.23163072600374,146.82232199315573,147.54653930664062,7679400
2025-08-05,147.49762883750319,148.83842256255264,147.11594226953406,147.3018798828125,6670100
2025-08-06,147.64443641894132,150.20858663061105,147.008297070314,149.601806640625,7376200
2025-08-07,149.85626014142957,150.7272892970849,149.44521418485007,150.2183837890625,6719000
2025-08-08,149.51372813417484,150.5119761922033,149.31799409928004,150.23794555664062,5811000
2025-08-11,150.26729635992447,152.07786968010555,150.0422029792883,151.67660522460938,7331700
2025-08-12,151.7549118814028,152.22467655625786,151.02089804351374,151.78427124023438,6938000
2025-08-13,151.90172384870633,153.6633451155789,151.6472561603649,152.0974578857422,5812400
2025-08-14,151.34385377422552,151.40257248717472,150.00306005005726,150.46304321289062,6343700
2025-08-15,151.17749544075838,152.2834144325977,150.92304267930825,151.06983947753906,7121700
2025-08-18,151.12855474339406,153.57526754833222,150.88388346290026,152.40084838867188,8274500
2025-08-19,152.41062476202555,155.31732067167744,152.35190604604057,155.02371215820312,7868100
2025-08-20,155.19987646160288,157.59765183875027,155.03350179572843,156.11004638671875,7840400
2025-08-21,154.56372863114285,155.66964755825543,153.82971481584852,155.3466796875,6417500
2025-08-22,155.9828215356498,157.2551001006948,154.9356214077657,155.28794860839844,5797300
2025-08-25,155.01391502795184,155.31730498560006,152.56720255201753,152.8216552734375,4692500
2025-08-26,152.59657057349244,153.35994371465452,152.02893145481193,152.6455078125,6338000
2025-08-27,152.82167815410557,153.78080034042733,152.4693509074782,153.6144256591797,4551200
2025-08-28,153.6535673413081,153.66334881665304,151.72555641629046,152.33233642578125,5857400
2025-08-29,152.76294021192993,154.20160837682388,152.33231641651295,153.69268798828125,5318200
2025-09-02,154.00589063844964,155.4739183142355,153.6339855151813,154.62246704101562,6432800
2025-09-03,154.28970929682018,155.25861298001874,153.1642273377267,154.7986297607422,6592500
2025-09-04,155.14117300519342,156.34495154934362,154.44629998310094,155.79689025878906,6934900
2025-09-05,155.1705236211177,157.137675271058,155.0335083061997,156.60919189453125,6436200
2025-09-08,156.2079293133361,156.8538650629951,154.87691698080363,155.62071228027344,7178400
2025-09-09,155.2292536095078,156.46239153331825,154.8279891104126,156.06114196777344,4984900
2025-09-10,155.21946540404937,155.55221475950825,152.56722216836312,153.99610900878906,6205500
2025-09-11,154.35821803166013,155.95347955300494,154.03525015063974,155.2488250732422,5819500
2025-09-12,154.56373741135346,155.7381715293792,154.4169406133753,154.5343780517578,5957000
2025-09-15,154.51480493608133,155.1411627888325,152.87060623914135,153.4871826171875,5995000
2025-09-16,153.79059100824844,155.01394750250188,153.54591970939774,154.6811981201172,6559600
2025-09-17,155.0530717648413,158.22401683505996,155.0530717648413,156.91258239746094,6764200
2025-09-18,154.77904661120462,155.63051282513092,153.8101578945142,153.9667510986328,7651500
2025-09-19,154.25054717180527,154.26032864596417,152.64550433039255,152.71400451660156,17224800
2025-09-22,152.7531794439171,152.7531794439171,149.7877646449746,149.80734252929688,8712900
2025-09-23,149.93454247147426,150.02262053945424,147.75207905252998,149.2494659423828,8853400
2025-09-24,148.80907962873928,150.35540395344802,148.55461193297756,149.1711883544922,6483300
2025-09-25,149.9639183785686,150.6000726735806,148.54482792592634,148.9069366455078,7511400
2025-09-26,148.98521680489458,149.42562207834277,148.30014027580313,149.2494659423828,5721100
2025-09-29,149.17119667042698,150.44349041951216,148.5546202145397,150.25753784179688,8139700
2025-09-30,150.18901660551364,151.0894050730471,149.58222171056255,150.3749542236328,7762600
2025-10-01,150.42389846609262,150.60985102641718,148.18271613427206,149.91497802734375,7566000
2025-10-02,149.46478397245383,149.54308056949685,148.3980208381467,148.80906677246094,6892100
2025-10-03,148.76013438797045,150.15964690522725,148.76013438797045,149.02438354492188,5212600
2025-10-06,148.270788413019,149.07331734018973,147.19422886036295,147.2040252685547,6737000
2025-10-07,147.54656169532586,149.90519639268422,146.85170363054203,149.2886199951172,6844400
2025-10-08,149.53328757988405,149.53328757988405,147.4193391455907,147.47805786132812,5254700
2025-10-09,147.52698503268064,147.65420393024516,146.391706827416,147.37039184570312,6134500
2025-10-10,147.7227153732728,148.2805580543684,146.26446935623875,146.49935913085938,7374000
2025-10-13,145.824076793637,146.24490420956874,143.83734727764255,144.3462677001953,7511100
2025-10-14,144.4245614531163,146.0687451855944,143.9450003977024,145.9806671142578,8585300
2025-10-15,145.3640967963042,146.22534446356136,144.13095894563563,144.2777557373047,10003100
2025-10-16,144.85517996108314,147.19423681226363,144.76710188389367,146.4113006591797,8809700
2025-10-17,147.36061713670907,148.7894889662187,147.2235868916517,148.17291259765625,8612900
2025-10-20,148.35886940340424,149.1418204631398,148.07505729769414,148.7209930419922,5601300
2025-10-21,148.72099365201555,149.03416511706473,147.65421554864483,148.3882293701172,6013400
2025-10-22,148.0750609515624,150.18902438494732,147.57592198522028,148.95587158203125,6394400
2025-10-23,149.1026677703594,150.03241554641374,147.3703911151846,148.9656524658203,8205400
2025-10-24,154.13671657234877,155.1222454891489,149.33719555968506,150.28330993652344,11968500
2025-10-27,149.41605061362142,149.56387394676975,147.95747192063496,149.54417419433594,7775300
2025-10-28,148.9331374037572,150.95347485777054,148.44037290463098,149.1795196533203,5819300
2025-10-29,148.47979078198844,148.78530234128826,146.32148003986663,146.6171417236328,7405500
2025-10-30,147.30701174739386,148.61776704110622,147.17888817314298,147.41542053222656,6760700
2025-10-31,146.55801833970665,148.91343195389567,146.3806153070593,148.19398498535156,7930300
2025-11-03,147.92790809463196,148.04616676182263,145.631623732812,145.8780059814453,8946400
2025-11-04,146.44959731872822,147.3365672939356,144.13359843971958,145.040283203125,9295400
2025-11-05,144.74462509442617,145.28666899838325,143.54227863036783,143.6802520751953,11199900
2025-11-06,143.76896810418373,144.55737923416314,142.3695187990984,144.01535034179688,10024500
2025-11-07,144.82347793672176,145.79915702262863,143.887228430557,144.85304260253906,8500100
2025-11-10,144.26172520024414,144.49824251194846,142.0048555978814,143.3944549560547,10208100
2025-11-11,143.8478058079964,146.49886593455332,143.56199400384676,146.3904571533203,7332500
2025-11-12,146.38061280628526,146.99163593923274,145.37536907306662,145.86813354492188,7851100
2025-11-13,146.03566543847782,146.84380635611657,145.50348644825976,145.81886291503906,7566800
2025-11-14,146.942364680746,147.21831156909852,145.47392120931636,145.53305053710938,9150800
2025-11-17,145.611902524575,145.83856997269334,142.91154778489712,143.7098388671875,9902300
2025-11-18,144.21246228134717,145.25712062908306,143.40432127243187,144.8629150390625,10735200
2025-11-19,144.83335037170994,145.40494396584594,143.74926244218437,144.8629150390625,6367000
2025-11-20,144.51795940169347,146.50873201935462,144.0153450690368,146.0455322265625,9021300
2025-11-21,146.2327861066487,149.30763152794248,146.1539419884132,148.73602294921875,12018000
2025-11-24,147.92790318934624,148.23341476144415,144.41940745324712,144.85304260253906,13846900
2025-11-25,145.18813469493128,146.49887498814607,145.0895757830003,146.34120178222656,10477700
2025-11-26,145.77943369126635,146.81424204817648,145.47392213706894,146.1046600341797,9238500
2025-11-28,145.6611849210701,146.55801989379296,145.05014673322594,146.01597595214844,4707200
2025-12-01,145.95684922596197,146.7354105102405,145.21770248451648,145.306396484375,8240700
2025-12-02,143.18749360323747,144.0744786752911,140.4477243429854,143.74925231933594,16376800
2025-12-03,143.80838354188865,146.14408235686736,143.74925421056946,144.5869598388672,9125300
2025-12-04,144.54752546963573,145.28667216259026,142.40892950924456,143.25648498535156,10479300
2025-12-05,143.05937599367348,143.52257577084188,141.1770122216042,141.37411499023438,12791700
2025-12-08,140.84194832936856,140.84194832936856,136.1409709445997,136.33807373046875,17507500
2025-12-09,137.1757703942462,138.84131664614492,136.98851749662762,137.60940551757812,10375700
2025-12-10,137.6291082264464,139.23552518477814,137.5206994432833,137.79666137695312,13650400
2025-12-11,138.95958534596835,139.78742607508474,138.32884740407317,138.72305297851562,11798000
2025-12-12,138.9595795906534,141.03904624136598,138.8018913522159,140.77294921875,10268800
2025-12-15,141.19673129774333,143.21706857300535,141.12773705574003,143.02981567382812,13877700
2025-12-16,143.98577795425717,144.41939803729915,142.55674902235805,143.10865783691406,10251700
2025-12-17,144.5672481238911,146.30177371071878,144.3307157556051,145.67103576660156,9833300
2025-12-18,144.4982574496391,145.36552778348374,143.24664644454327,143.4141845703125,12239900
2025-12-19,143.40431548627296,143.9365095531047,141.85704281799417,142.36952209472656,19345600
2025-12-22,141.6303657655459,142.31036807910905,140.35902505493178,140.6251220703125,11731400
2025-12-23,140.42802986183875,141.6500761734978,140.02395937067072,141.1080322265625,9541600
2025-12-24,140.8320910560058,142.64547588312772,140.76311184429966,142.3990936279297,3259200
2025-12-26,142.2216767785809,143.5324320535533,142.2216767785809,142.6454620361328,4711500
2025-12-29,142.70460325204044,142.97070029462213,141.86689758071768,142.47793579101562,7662100
2025-12-30,142.2019714349967,142.36952459681788,141.49240439671516,141.9654541015625,6006400
2025-12-31,141.91617770255507,142.05415116269117,141.15731615281692,141.2361602783203,5293200
2026-01-02,141.03904935980404,141.2657168088333,139.19611502599955,139.73814392089844,8946100
2026-01-05,139.05813099181955,139.30451321183483,137.57983767172783,138.33868408203125,12297300
2026-01-06,138.35841040902034,139.3735040371015,137.49114011008558,137.88536071777344,10421800
2026-01-07,137.77696013475176,137.77696013475176,135.62849904935726,136.04241943359375,14369100
2026-01-08,135.89457850580993,139.72828529951533,135.82559930302205,139.48190307617188,9297100
2026-01-09,139.64944796852805,140.27033601367305,138.79204260178747,139.81698608398438,9528500
2026-01-12,140.22107059867608,141.7979230777613,139.65932686566353,141.38400268554688,12812000
2026-01-13,141.91616235122444,142.25123856988353,140.9010687818893,142.15269470214844,15549200
2026-01-14,142.58631595696656,144.77419134751472,142.28080439992226,144.23216247558594,13475000
2026-01-15,143.57185701473924,144.2321746759209,142.26111668260722,142.5370635986328,10102800
2026-01-16,141.6796303517559,142.63559459522585,141.58108648377637,142.43849182128906,11729300
2026-01-20,142.3695200191174,144.8727569580078,142.03442874422842,144.8727569580078,12901400
2026-01-21,144.93187900703413,145.23739056286485,142.872127195549,143.94635009765625,14126800
2026-01-22,145.93712595877486,148.72617463905098,145.36551737403482,147.76034545898438,18501900
2026-01-23,149.712647008589,150.51659080010117,148.68042643368705,149.02780151367188,14562600
2026-01-26,148.9980382071651,149.75236786197235,147.41000526839778,148.3727569580078,12655700
2026-01-27,146.96336732095224,148.5216256392456,146.82439910868234,147.23133850097656,9546000
2026-01-28,146.89388627303396,147.59858658033056,145.69292283643657,146.2388153076172,7465800
2026-01-29,146.1891842346614,149.0079702857208,146.01053677970796,148.77967834472656,11035600
2026-01-30,149.30571499844902,150.83421388895187,148.03528262295887,150.63571166992188,12651400
2026-02-02,151.28084031358154,152.58104720148043,150.1195864867234,152.0450897216797,10554900
2026-02-03,151.44957220395347,155.36012793207712,151.0624875841251,154.1591796875,12424700
2026-02-04,154.9631263363213,157.18637541610013,154.5958813299483,155.6975860595703,12178500
2026-02-05,157.65286786424556,158.45681171352453,154.95319521929093,157.42459106445312,13077700
2026-02-06,157.05735036526295,158.794271204482,156.82905843646145,157.9803924560547,10441700
2026-02-09,157.57346483951432,158.08958273935144,154.85395255811076,156.15415954589844,11439900
2026-02-10,156.35264888745172,158.95306264875933,155.54870509985648,157.8910675048828,9910100
2026-02-11,157.45436291960067,159.93567853239364,157.00772913824767,158.80419921875,10217300
2026-02-12,158.8240488540049,161.92072579242517,158.45680385674487,160.00515747070312,13512900
2026-02-13,160.531204802217,161.35500342594642,158.51637768017062,158.87368774414062,13998900
2026-02-17,158.75456362862204,160.95797301763113,157.69256846341835,158.35755920410156,13319100
2026-02-18,157.79181864584456,157.79181864584456,154.60581787124107,155.6876678466797,14434300
2026-02-19,155.65788811225167,158.76450001144985,155.65788811225167,157.3749542236328,10724600
2026-02-20,157.94070688728465,159.85627527883125,156.9779552139456,159.578369140625,11508100
2026-02-23,159.12181881303948,164.12414454817443,159.1019640471176,163.93556213378906,14772400
2026-02-24,163.66757394503628,165.6228518855779,162.7147572180737,164.04473876953125,9709500
2026-02-25,163.31025282164364,163.76682153324356,160.88850163692203,162.16885375976562,7878500
2026-02-26,162.99265735907807,163.27056348960818,161.64282109161113,162.5261688232422,7028600
2026-02-27,162.81399197597887,166.00000775715966,162.46661689113853,165.95037841796875,14878500
2026-03-02,164.05465940435903,165.30525218881115,162.22841471454672,162.2879638671875,9095500
2026-03-03,160.97783189673535,160.97783189673535,157.43450598109627,158.5262908935547,10161000
2026-03-04,158.24839219296612,158.4171198428621,156.13430637443312,157.11691284179688,8752700
2026-03-05,155.76707607012526,155.92588390891444,152.62076959476622,152.83912658691406,10060300
2026-03-06,152.5115860991408,153.27582040185652,150.7548104089041,152.4818115234375,8187900
2026-03-09,152.00538471730655,155.0623672959407,151.75725316200914,154.05992126464844,12494900
2026-03-10,154.32790667166816,155.97548867908492,152.45203273050996,154.84400939941406,7756800
2026-03-11,154.06984694547987,154.21873497118054,150.29824413229485,152.17413330078125,8855100
2026-03-12,151.0724248897603,151.9061432924026,149.20647072168128,149.3751983642578,8489300
2026-03-13,150.2386985039696,151.40988739234177,149.05758980488423,149.52407836914062,7298900
2026-03-16,150.7250418803543,151.49921116919685,149.52407841472717,150.98309326171875,6944000
2026-03-17,151.86643380137835,152.3130827230334,150.06996373876063,150.34786987304688,6147700
2026-03-18,148.19408442244597,148.50176512112768,145.36539384075292,145.613525390625,10059300
2026-03-19,145.12718307624942,146.27851711013417,143.7078627261721,143.7574920654297,10340300
2026-03-20,143.90639099733644,144.7301896282972,143.17191609696502,143.20169067382812,60620900
2026-03-23,145.05770938492896,145.05770938492896,142.4076660416259,142.9138641357422,10315600
2026-03-24,142.25878501317578,144.14457877437948,141.1670001126379,142.09005737304688,8567600
2026-03-25,142.6657281554216,143.0230382100302,141.16700383023758,142.84437561035156,8418100
2026-03-26,142.61610343501624,143.48953140674783,141.1769433595942,141.3555908203125,6443200
2026-03-27,141.65335242791525,143.0031887796008,140.9486521027654,141.6434326171875,11558300
2026-03-30,141.97094527513215,144.48205057019396,141.50447188020192,143.63839721679688,11616300
2026-03-31,143.73765369955214,143.83689723418516,141.21662863285317,143.36048889160156,10407500
2026-04-01,142.8443796504602,143.8865352679399,142.13969447641853,143.0131072998047,8061700
2026-04-02,143.0131056912039,143.1322191412683,141.51439648523746,142.05035400390625,5941700
2026-04-06,141.9411690118371,142.59623995058482,140.85931906874507,141.70297241210938,6823100
2026-04-07,141.454840716097,141.70297227039742,139.68814526105808,140.24395751953125,7207500
2026-04-08,142.08012618705075,144.0254842946808,140.8096938025878,143.81704711914062,10849700
2026-04-09,143.31086497516455,145.84180994767988,141.93125409014817,145.56390380859375,6794800
2026-04-10,145.79218524932554,145.79218524932554,143.67809941810964,144.0751190185547,9790300
2026-04-13,143.9162976044084,144.0056213268027,141.5640153795384,142.5069122314453,7121400
2026-04-14,142.16946974371214,143.63840439700792,141.70298118071463,143.3009490966797,6621600
2026-04-15,143.2810820748224,143.32077645892193,141.1967710080221,142.30841064453125,7698200
2026-04-16,142.12975952100697,143.2116095257885,141.59380199630985,142.04043579101562,6947100
2026-04-17,142.33819707004346,146.48694963990266,142.09006550070504,145.83187866210938,10886000
2026-04-20,144.9683840959239,145.56390591386355,142.51684300551244,143.41012573242188,8084700
2026-04-21,143.5391459879603,143.5391459879603,141.25634765625,141.25634765625,11197200
2026-04-22,141.43498890920546,142.22901292852262,141.15708277415672,141.78237915039062,7236300
2026-04-23,142.32825390720163,145.13710492750891,142.32825390720163,144.62100219726562,11288800
2026-04-24,152.00999450683594,152.4199981689453,147.6199951171875,148.17999267578125,13786200
2026-04-27,147.4199981689453,149.6999969482422,147.4199981689453,148.39999389648438,9166400
2026-04-28,150.02999877929688,151.19000244140625,148.42999267578125,149.1699981689453,7965700
2026-04-29,148.3000030517578,148.75,145.88999938964844,146.4600067138672,9002400
2026-04-30,147.08999633789062,147.72000122070312,145.9499969482422,147.08999633789062,9491700
2026-05-01,147.8699951171875,149.27999877929688,146.4600067138672,147.25999450683594,6814800
2026-05-04,146.05999755859375,146.05999755859375,143.27000427246094,143.4199981689453,9642800
2026-05-05,143.3800048828125,145.89999389648438,142.17999267578125,144.89999389648438,7664300
2026-05-06,146.39999389648438,148.9499969482422,145.94000244140625,147.89999389648438,9399500
2026-05-07,147.99000549316406,147.99000549316406,146.02000427246094,146.05999755859375,9545800
2026-05-08,146.5500030517578,147.52000427246094,146.2100067138672,146.4199981689453,5741000
2026-05-11,145.7899932861328,145.9499969482422,141.97000122070312,143.36000061035156,7489500
2026-05-12,144.35000610351562,145.86000061035156,142.86000061035156,143.91000366210938,9051200
2026-05-13,143.14999389648438,144.6699981689453,141.66000366210938,142.24000549316406,6685900
2026-05-14,143.17999267578125,144.27999877929688,142.6300048828125,142.7100067138672,9636200
2026-05-15,143.39999389648438,143.39999389648438,141.1999969482422,141.57000732421875,6989400
2026-05-18,142.10000610351562,144.42999267578125,141.6300048828125,142.38999938964844,7731200
2026-05-19,142.47000122070312,143.7100067138672,140.85000610351562,141.3000030517578,8355800
2026-05-20,141.4499969482422,143.22000122070312,140.6199951171875,142.44000244140625,8375600
2026-05-21,141.8800048828125,143.72000122070312,140.08999633789062,143.39999389648438,6297300
2026-05-22,143.8699951171875,144.63999938964844,143.52999877929688,144.44000244140625,4616700
2026-05-26,144.50999450683594,145.61000061035156,142.52999877929688,142.9600067138672,8157200
2026-05-27,143.4600067138672,148.5399932861328,143.4600067138672,147.49000549316406,10048900
2026-05-28,146.6999969482422,146.6999969482422,145.00999450683594,145.91000366210938,10196700
2026-05-29,145.52000427246094,145.63999938964844,143.1999969482422,143.55999755859375,12355800
2026-06-01,141.52000427246094,141.82000732421875,138.86000061035156,140.27999877929688,11093800
2026-06-02,140.1199951171875,141.1199951171875,139.02999877929688,140.82000732421875,9599500
2026-06-03,140.92999267578125,142.4499969482422,140.0,140.19000244140625,9351000
2026-06-04,142.6999969482422,143.13999938964844,139.88999938964844,140.77999877929688,8194000
2026-06-05,142.22000122070312,148.22999572753906,141.8000030517578,146.5399932861328,10963200
2026-06-08,145.7899932861328,146.5500030517578,145.02000427246094,145.10000610351562,7200700
2026-06-09,144.6699981689453,149.47999572753906,144.52999877929688,148.6699981689453,8259300
2026-06-10,149.91000366210938,150.42999267578125,148.3800048828125,149.0500030517578,7345900
2026-06-11,148.6999969482422,149.6199951171875,147.77000427246094,148.33999633789062,6684700
2026-06-12,149.3800048828125,150.1999969482422,148.3000030517578,149.61000061035156,6832000
2026-06-15,148.75999450683594,151.5,148.75999450683594,150.4600067138672,9158900
2026-06-16,151.50999450683594,153.02000427246094,150.5500030517578,152.49000549316406,8518900
2026-06-17,152.3800048828125,152.94000244140625,149.77000427246094,150.55999755859375,7055800
2026-06-18,150.8699951171875,152.2899932861328,150.17999267578125,150.3800048828125,17076100
2026-06-22,150.11000061035156,150.88999938964844,147.57000732421875,147.67999267578125,10533000
2026-06-23,149.66000366210938,151.3699951171875,149.3699951171875,150.86000061035156,7259600
2026-06-24,151.99000549316406,153.35000610351562,150.9199981689453,152.0399932861328,8618500
2026-06-25,151.57000732421875,152.2899932861328,147.82000732421875,148.5,11197200
2026-06-26,150.33999633789062,150.8800048828125,148.4199981689453,149.02000427246094,16724600
2026-06-29,148.72999572753906,149.0500030517578,147.0399932861328,148.4499969482422,10387700
2026-06-30,147.52999877929688,147.52999877929688,144.1699981689453,146.63999938964844,9353800
2026-07-01,146.52999877929688,147.5,145.5500030517578,147.42999267578125,9571700
2026-07-02,148.5800018310547,151.6699981689453,147.74000549316406,151.41000366210938,9256000
2026-07-06,150.67999267578125,151.22000122070312,146.9600067138672,149.30999755859375,8323100
2026-07-07,152.66000366210938,153.49000549316406,150.61000061035156,152.75,8061400
2026-07-08,150.9600067138672,151.07000732421875,148.35000610351562,148.39999389648438,14272300
2026-07-09,146.77000427246094,147.66000366210938,145.60000610351562,146.85000610351562,7748000
2026-07-10,147.10000610351562,148.58999633789062,146.7100067138672,147.0399932861328,12473000
2026-07-13,148.0800018310547,150.0500030517578,147.11000061035156,148.3699951171875,7816100
2026-07-14,148.3699951171875,148.75,145.58999633789062,146.0800018310547,7668100
2026-07-15,145.27999877929688,148.58999633789062,144.66000366210938,148.0500030517578,6180000
2026-07-16,149.49000549316406,151.52000427246094,148.17999267578125,151.5,6485400
2026-07-17,152.86000061035156,154.32000732421875,149.30999755859375,149.97999572753906,8917400
2026-07-20,149.55999755859375,150.10000610351562,148.42999267578125,149.1300048828125,5788300
2026-07-21,147.86000061035156,148.41000366210938,146.8800048828125,148.10000610351562,7027600
2026-07-22,149.5,150.4600067138672,148.82000732421875,149.1300048828125,5371200
