Date,Open,High,Low,Close,Volume
2021-07-23,47.66914126649485,47.66914126649485,46.986846264463104,47.461124420166016,14088200
2021-07-26,47.56097303049638,48.800754868042375,47.42784237185458,48.6593017578125,18387600
2021-07-27,48.268219348310275,48.268219348310275,47.60256618902402,48.11845016479492,16861400
2021-07-28,48.259903011553384,48.7841062950778,47.943716551354626,48.44295883178711,16855300
2021-07-29,49.091974014227986,49.36655776532603,48.72586552018233,49.033729553222656,18607800
2021-07-30,48.992128090378124,48.992128090378124,47.69410183842504,47.90211868286133,28652800
2021-08-02,47.885466733821175,49.14188998353513,47.76065855824935,47.910430908203125,20873800
2021-08-03,47.90212336376159,48.60106015632963,47.36960069782126,48.426326751708984,18208200
2021-08-04,47.585930554517326,48.1600590568368,47.26974724718621,47.294708251953125,20868300
2021-08-05,47.53600526884311,48.01028337123799,47.28638571612236,47.5942497253418,15180200
2021-08-06,47.97700705516339,48.318154568586245,47.8688374023946,48.1434211730957,14888500
2021-08-09,47.53600526884311,47.86051100478858,47.28638571612236,47.5942497253418,17828200
2021-08-10,47.777306439740954,48.55945179204541,47.677459244966904,48.4096794128418,16340200
2021-08-11,48.41799773900526,48.67593975903142,48.02692824461821,48.55112838745117,18278600
2021-08-12,48.48355414964758,48.81297150197682,48.03588152277869,48.44131851196289,19225500
2021-08-13,48.171030338874104,48.204817562382686,47.55442800941384,47.951419830322266,20063000
2021-08-16,47.3179330416308,47.377059083143855,46.684436977881575,47.25035858154297,16959500
2021-08-17,46.878705297547405,47.55443373849199,46.45637461919112,46.929386138916016,16243700
2021-08-18,46.81112400159717,47.14054458916184,45.87355273924616,45.941123962402344,21890500
2021-08-19,45.1640446695395,45.36676159477653,44.00685626797901,44.53899383544922,30923500
2021-08-20,44.15044016105717,44.885294483727385,44.015294501461184,44.54743194580078,16918300
2021-08-23,45.569481690673776,46.50705632968656,45.569481690673776,46.38035583496094,21632600
2021-08-24,46.701322424638896,47.17433067401212,46.46481507782525,46.76044845581055,17915600
2021-08-25,46.659082594302234,47.10675196553131,46.346555653890874,46.844905853271484,13270300
2021-08-26,46.62530744830875,46.912492437942404,46.14385073364754,46.211421966552734,11842600
2021-08-27,46.79423435857533,47.47840790627829,46.79423435857533,47.10675811767578,15822500
2021-08-30,47.50375806605289,47.58822291633474,46.55773498783313,46.591522216796875,14086100
2021-08-31,46.397244837307206,46.718217029148235,46.00025300061243,46.050933837890625,27104100
2021-09-01,46.02559954019842,46.2536552749789,45.273848213149066,45.417442321777344,21644100
2021-09-02,45.85666167014386,46.99695310943311,45.83976805788653,46.52394485473633,23293300
2021-09-03,46.557734406474644,46.72666732705641,46.11851010181302,46.3465690612793,13840000
2021-09-07,46.17762950606417,46.684428194994496,46.00869983188106,46.076271057128906,14354400
2021-09-08,46.27899674779918,46.608414163086515,45.620158695097125,45.65394592285156,18756700
2021-09-09,45.290740829682534,46.456374398606876,45.0204494545881,45.6877326965332,19110800
2021-09-10,46.61684974875987,46.65063696954898,45.56947168131138,45.594810485839844,15123700
2021-09-13,46.16074026468899,47.24190567256666,46.135398235229495,46.76889419555664,22052300
2021-09-14,47.03919114675869,47.10676560385819,45.95802561018626,46.101619720458984,19940300
2021-09-15,46.768898455512605,47.748705501179465,46.71822083623178,47.655792236328125,23240900
2021-09-16,47.689581031444426,47.689581031444426,46.87870687502486,47.14899826049805,17907200
2021-09-17,46.74356152500621,47.934533957894345,46.54084137335126,46.591522216796875,30000400
2021-09-20,45.42588460714857,45.75530200531051,44.73326258482675,45.3498649597168,27555100
2021-09-21,45.92423095331476,46.04248301198397,44.97821126183417,45.3076286315918,19696800
2021-09-22,45.97492363562563,47.2250222127628,45.92424278793832,46.633758544921875,25690600
2021-09-23,46.81112743665659,48.34841395838572,46.69287537086061,48.2132682800293,23069400
2021-09-24,47.89229119360068,48.838310845462956,47.875397582765856,48.644039154052734,22328600
2021-09-27,49.70831880400897,50.51074772520957,49.68297999477049,50.088417053222656,32972200
2021-09-28,50.59521593178838,51.08511783713198,50.26579530014724,50.61210632324219,37619300
2021-09-29,50.544536136396765,50.840166324862466,49.87725288571429,50.57832336425781,23422800
2021-09-30,50.78103087938227,50.823263295320835,49.67452676000871,49.6829719543457,31289600
2021-10-01,50.18132820028503,51.515894614101654,50.18132820028503,51.465213775634766,24407300
2021-10-04,51.794626285105515,52.428122206618184,51.482102532688124,52.13249206542969,33946700
2021-10-05,52.80822734789846,52.960266646823854,51.541235338271704,52.048030853271484,29641600
2021-10-06,51.07666565386671,51.62569352057092,50.46850853665404,51.09355926513672,25284900
2021-10-07,51.194923492425474,51.591915346788426,50.79793163806252,51.23715591430664,19513600
2021-10-08,51.73549905847284,52.72375112651995,51.73549905847284,52.521034240722656,22186900
2021-10-11,53.239002563323275,53.26434459425292,51.94667176036563,51.997352600097656,22121500
2021-10-12,52.00579495864693,52.35210595593906,51.397637803547745,51.72705841064453,20198600
2021-10-13,51.33850922812516,51.85375310098886,50.85705257823248,51.58346176147461,14991700
2021-10-14,52.124050732978034,52.55482982254527,51.66793283418707,52.36900329589844,18594500
2021-10-15,52.98559595340516,53.27278088630139,52.740643435496985,52.86734390258789,16092600
2021-10-18,53.28967609548184,53.33190851173693,52.59705415809254,52.84200668334961,18282800
2021-10-19,53.10384886865834,53.72889957588723,52.93491598382944,53.635986328125,18933200
2021-10-20,53.120751251677184,53.94851897969631,52.97716037024253,53.93162536621094,14305200
2021-10-21,53.61065843626997,53.75424932322186,52.66463537750394,52.951820373535156,16564600
2021-10-22,53.019391342305234,53.3994895800084,52.66463191307321,53.31502151489258,14266800
2021-10-25,53.82180867477365,54.4130688929071,53.70355663114696,54.35394287109375,17939800
2021-10-26,54.472215195925976,55.69697816699872,54.36241152717689,55.61250686645508,25585100
2021-10-27,55.03813555347993,55.11415198021045,54.04143170060702,54.168128967285156,21764500
2021-10-28,53.906285298223004,54.45531644623084,53.74580080705063,54.320167541503906,16626400
2021-10-29,54.945212035168204,55.20705493737016,54.33705495782516,54.45530700683594,23966300
2021-11-01,54.96211135598691,55.81522108614877,54.919875712652946,55.43511962890625,19656400
2021-11-02,54.928324147322016,55.28308035212229,54.615803585868896,54.750946044921875,16300000
2021-11-03,54.092115996381175,54.43842381403597,53.77114376712791,53.999202728271484,17372800
2021-11-04,54.632688263523995,54.810066347375084,53.9147275114828,54.404632568359375,17720100
2021-11-05,54.94521753490623,55.181721656600644,54.53132887768701,54.91987228393555,18565100
2021-11-08,55.36755185358262,56.06861584838222,55.22395453219792,55.51114273071289,17696000
2021-11-09,55.553373751024665,56.0601757127519,55.16483030615386,56.051727294921875,18781300
2021-11-10,55.91477163425937,56.197257505485915,54.58795207243405,54.947479248046875,20177200
2021-11-11,54.94747640665849,55.49532420266198,54.801949233609996,55.050193786621094,13319300
2021-11-12,54.75058239875374,55.10155081037712,54.42529985916079,54.630741119384766,18158900
2021-11-15,54.57937941481809,55.44395098085393,54.11713494453941,55.1015510559082,18849200
2021-11-16,55.07587369352219,55.95757257598231,55.07587369352219,55.657962799072266,17028700
2021-11-17,55.11011443521957,55.84628613563569,54.93891444804132,55.050193786621094,15497000
2021-11-18,54.92179469558258,55.23851531130381,54.02297847446639,54.450984954833984,16948200
2021-11-19,52.97864011103124,53.098481399657736,51.71174135701794,51.934303283691406,32035500
2021-11-22,51.63469293718688,53.535042438697594,51.63469293718688,52.65334701538086,21994400
2021-11-23,53.23544205231829,54.254099511885954,53.00431817322555,54.040096282958984,21185900
2021-11-24,53.56928161540362,54.656414978018525,53.56928161540362,54.339691162109375,15869700
2021-11-26,51.805904693709095,52.576314397895594,50.96701238536542,52.43079376220703,24979600
2021-11-29,53.56072448788841,54.04865155775518,52.46502907000231,52.721832275390625,18946400
2021-11-30,51.75453533310971,52.37942431216903,51.06972571670427,51.22380828857422,34979800
2021-12-01,52.13118213966315,53.09847427692556,51.14676608868805,51.181007385253906,30630600
2021-12-02,51.138209360702376,52.713273143478936,50.62459968878378,52.45646667480469,29216000
2021-12-03,53.0043234184911,53.269688624175714,51.66038326906889,52.12263107299805,22014700
2021-12-06,52.83311719286412,53.209761693023616,52.57631071071485,52.71327590942383,19210500
2021-12-07,53.3638452033081,53.954492938567455,53.15840066710522,53.303924560546875,19800400
2021-12-08,53.59496592539458,54.0914516883788,53.36384206031523,53.458003997802734,18214400
2021-12-09,53.115594719950124,53.731924994034884,52.91015347220838,53.59496307373047,16910300
2021-12-10,54.15993547842816,54.22841481101821,53.26968129674741,53.93737030029297,17942400
2021-12-13,53.47512779123861,53.68913101977351,52.51639097629257,52.75607681274414,17793700
2021-12-14,52.43935314917219,53.47513132546362,52.405115112070675,52.679039001464844,22551100
2021-12-15,52.37942771003994,52.64479288223693,51.369332235780504,52.44791030883789,19961900
2021-12-16,52.593428939743326,53.45800375693309,52.47358766181918,52.53350830078125,21187800
2021-12-17,52.173981389213864,52.45646391830972,51.09540342066311,51.38644790649414,44338100
2021-12-20,50.32499977038396,50.71876492534162,49.61450748756766,50.6417236328125,21819300
2021-12-21,51.14676300553251,51.94285514283625,51.12108366737096,51.78877258300781,19798900
2021-12-22,51.65181181655009,52.533503944242874,51.335087998954656,52.208221435546875,14058300
2021-12-23,52.36230193958332,52.93583221942274,52.216781329513886,52.23390197753906,13543300
2021-12-27,52.156862342021405,53.02999582631353,51.72029396716043,52.978633880615234,12593700
2021-12-28,52.995754134729545,53.338160572643325,52.559189028547785,52.807430267333984,12781000
2021-12-29,52.62767835961762,52.73039900434356,52.14830990851252,52.34519577026367,12733600
2021-12-30,52.405115104949,52.73039768266641,52.01990861509382,52.03702926635742,11940300
2021-12-31,51.99422945245286,52.6191185313196,51.95998814980611,52.379432678222656,14072000
2022-01-03,52.42223455597369,54.44242237737013,52.39655194695114,54.39106369018555,24282400
2022-01-04,54.89610946505519,56.65950062584865,54.87043012086948,56.43693542480469,38584000
2022-01-05,56.92485557870472,57.87503038226166,56.907738194966164,57.138858795166016,34033300
2022-01-06,58.20888706095107,58.61977619613673,57.41279466785361,58.482810974121094,30668500
2022-01-07,58.65398928369664,59.21896081932326,58.191748157458825,58.962154388427734,23985400
2022-01-10,59.03922020255103,59.21042019759415,58.16608324759202,58.61121368408203,22760300
2022-01-11,58.97073174865172,61.11932608709834,58.70536982337181,61.07652282714844,32936100
2022-01-12,60.896751403808594,61.4702784249686,60.468744994430764,60.896751403808594,23045100
2022-01-13,60.879644690956546,61.273409872893446,60.18626974525707,60.4601936340332,21043200
2022-01-14,60.477322891986475,61.76134245856427,60.43451962742272,61.52165985107422,23012900
2022-01-18,62.334849858958876,63.242221308323224,61.64148160281133,62.55741500854492,32841200
2022-01-19,63.13093936515006,63.22510128870578,62.10372669290813,62.583091735839844,26431600
2022-01-20,62.06093142239223,63.66167779777585,61.85549016770366,62.72005844116211,26774600
2022-01-21,62.6430326142235,62.6430326142235,60.81116528706958,61.77845764160156,35995200
2022-01-24,60.67419340181531,62.557425743813916,59.758259838901445,62.309181213378906,41507000
2022-01-25,62.13797849578794,64.40641417750895,61.11076554184593,64.14105224609375,39278400
2022-01-26,64.56906441315991,65.05699158884177,62.908397011674396,63.49048614501953,35252400
2022-01-27,64.59472162141674,65.06553124837492,63.33638182832761,64.30368041992188,29174700
2022-01-28,64.17529662519944,64.73170638978394,63.30215969471644,64.44065856933594,30595700
2022-01-31,64.17529222897936,65.41650840037344,63.576079242451435,65.02274322509766,36085500
2022-02-01,65.44218741932302,69.77361738758398,65.28810482707878,69.1915283203125,61033100
2022-02-02,68.53240042265756,69.17441018888788,67.75343196901251,69.01177215576172,30299300
2022-02-03,68.558061765214,68.74638562545935,67.64212833381474,68.20709991455078,28529400
2022-02-04,69.2257634340206,70.64674140804432,69.2257634340206,69.6880111694336,32197500
2022-02-07,69.45688513625103,71.11755222708652,69.02887869270457,70.52690124511719,34949200
2022-02-08,70.42417927027371,70.62106511325887,68.41255023685595,68.70359802246094,34356300
2022-02-09,68.8767032101721,69.26617676554295,68.12371351942568,68.37471008300781,40106100
2022-02-10,68.13236308261355,68.96324475395511,67.32744543174195,67.7169189453125,28527700
2022-02-11,68.04581303483214,69.51716473234785,67.70826756771665,69.42195892333984,42002100
2022-02-14,68.87668385702798,69.10170973086397,66.68696380084803,68.35738372802734,34652800
2022-02-15,66.55714708180868,67.6736461580997,66.14170295445793,67.50054168701172,25075100
2022-02-16,68.19294940980572,69.00652395209612,67.54382247157675,67.81212615966797,21733800
2022-02-17,67.92464284883877,68.47856395110519,67.46592095181965,67.70826721191406,23738800
2022-02-18,66.78219384328183,67.65634684658566,66.54850440826104,66.95529174804688,23394800
2022-02-22,68.95460117730548,69.05846388247585,65.1810087318523,66.17633819580078,35947800
2022-02-23,66.17632978371297,67.05048928214036,65.89071233324744,66.44463348388672,25385000
2022-02-24,68.37470833671355,68.40067235930698,64.07315917343904,65.6051025390625,46199900
2022-02-25,66.37539719200537,67.50054662165988,66.00323080603435,67.37071990966797,28310300
2022-02-28,66.2196121203239,68.31412702824557,65.95130179839606,67.87271881103516,32204600
2022-03-01,68.17563298635271,69.8027820071145,67.79481635441178,68.52183532714844,40002300
2022-03-02,69.75951375566821,71.10104553305582,69.08442273080628,69.69892883300781,44321400
2022-03-03,69.11902666204348,70.77213291925159,68.91995819173606,70.14031982421875,30196600
2022-03-04,70.14898367387909,72.94455318685178,69.8114382107432,72.78010559082031,42802200
2022-03-07,73.4984707971518,75.4977860645974,72.61566115160208,75.40258026123047,55207900
2022-03-08,77.0729924201052,79.20212756096338,73.93987131189014,75.97380065917969,72082300
2022-03-09,72.72817425754468,74.92655140716222,70.6250029115009,71.65495300292969,65466700
2022-03-10,72.71087578103466,74.15626354831304,71.75016736008655,73.87930297851562,44644200
2022-03-11,72.76281338871267,74.6323024330272,72.6762644373859,73.49848937988281,35303400
2022-03-14,71.88864100915693,72.22618648159026,69.6729565535411,70.86734771728516,37462600
2022-03-15,68.21891696059583,68.52184156012447,66.09843816063433,66.83411407470703,47957900
2022-03-16,67.3447545273215,68.04581611660956,65.99457259771015,66.58311462402344,37812300
2022-03-17,67.66497915385355,68.50451755397997,66.70427094373565,68.35738372802734,34041900
2022-03-18,68.42662626085703,68.71224367366106,67.59574464445816,68.08908081054688,41461500
2022-03-21,69.34406219905415,71.42126290212406,69.01516702523541,71.14430236816406,33089300
2022-03-22,70.65098600142271,71.14432229708399,69.92396687234793,70.8327407836914,23132200
2022-03-23,72.13100407299002,72.93592198453565,71.88001405832313,71.94924926757812,27716300
2022-03-24,72.2348454297361,73.2647956257454,71.62033938271078,72.16560363769531,19871600
2022-03-25,71.76749173815335,73.9918337055707,71.65497874952969,73.74083709716797,22398300
2022-03-28,71.98385320814666,72.10502304986304,70.98852384839537,71.67227172851562,21552400
2022-03-29,69.9412619739426,71.39530658488823,69.03248821913952,71.29145050048828,27036300
2022-03-30,71.88863221620943,72.71086351518417,71.58570767585442,72.51179504394531,22079000
2022-03-31,71.7242112322975,73.04842930873498,71.44725063201818,71.48186492919922,27861500
2022-04-01,70.96256005983062,72.82339206841796,70.96256005983062,71.94058227539062,18671100
2022-04-04,72.32139258351847,72.40794812306393,71.0144884581173,71.9751968383789,20869400
2022-04-05,72.26946908804254,73.62830794329207,71.45589450861867,71.60303497314453,21753100
2022-04-06,72.20020827691916,73.30805028708406,71.78477082473695,72.39927673339844,24768200
2022-04-07,72.5550782940583,73.94853788830903,71.5857130883699,73.61099243164062,26122000
2022-04-08,73.71484498039096,75.48047084021145,73.71484498039096,75.16023254394531,24866500
2022-04-11,74.24280788551104,74.37263458901816,72.26946312263618,72.5723876953125,21800100
2022-04-12,74.18221904861613,75.14292735920709,73.89660163665447,74.0870132446289,22444200
2022-04-13,74.96115663247959,75.39390779345533,73.73214492009055,75.1342544555664,19306800
2022-04-14,75.01311125415991,76.56236175212072,74.63229458770111,76.01709747314453,24566400
2022-04-18,76.59697339215361,76.9345188483328,75.94784649899978,76.64025115966797,19032300
2022-04-19,76.1728881080835,76.73546613670594,75.53241140927715,75.95651245117188,20382600
2022-04-20,76.13825739897632,76.59697267599455,75.55837229796309,76.12960052490234,20689400
2022-04-21,76.98646301160427,77.72214559387598,75.11698060145227,75.32469940185547,29010900
2022-04-22,75.00446139246749,76.26809444505005,73.56772385121954,73.68023681640625,23591600
2022-04-25,71.29144909713246,71.54244563492604,68.62569959566335,71.19624328613281,37698300
2022-04-26,71.60303702354172,73.32538544532885,71.12700792551105,71.22221374511719,28941500
2022-04-27,72.17424834774661,73.98315189117726,71.21354010570279,73.2561264038086,32773000
2022-04-28,73.46385886303321,76.28539920915496,72.76280386480704,75.4718246459961,33683800
2022-04-29,76.28539771986907,76.28539771986907,73.30806669857097,73.78409576416016,34656500
2022-05-02,73.57638092659077,75.33335022094167,73.24748569886249,74.7880859375,36335200
2022-05-03,74.6582466176,76.83930998641894,74.53707679729118,76.32866668701172,33908100
2022-05-04,77.46248172314831,79.52237550799785,76.95183836515305,79.36658477783203,46188400
2022-05-05,79.66086621970166,79.66952309528011,76.5017801662193,78.16354370117188,41013400
2022-05-06,78.74341943957752,79.47043836155682,77.33264615489966,79.35792541503906,29619300
2022-05-09,77.41055531641815,77.51441140321587,72.71952616598227,73.10034942626953,45851600
2022-05-10,74.12165128687009,75.20352967043985,72.28678317116162,73.58503723144531,34483200
2022-05-11,74.80538480486223,76.9777980294229,74.67555810319536,75.1169662475586,33020600
2022-05-12,75.15194309239321,75.52792168007998,72.92230821546926,75.45797729492188,29491500
2022-05-13,76.38480544492081,77.77504766194663,75.50169170710134,77.69635772705078,25798400
2022-05-16,77.80129609370543,80.42440105521956,77.79255054264814,79.52379608154297,26101200
2022-05-17,80.20579030759117,80.83532974827561,79.67242522254932,80.53804779052734,23120700
2022-05-18,80.88780769778668,81.24629520708602,78.54450054927058,79.26148223876953,25451200
2022-05-19,77.81877107312617,80.704188848692,77.81877107312617,79.6899185180664,24387400
2022-05-20,80.38067114608675,81.83211892990612,79.04288882992971,80.31946563720703,28795000
2022-05-23,81.01895987561917,82.86387062357655,80.92277884082377,82.09442901611328,27239300
2022-05-24,81.15885613866696,82.88136256174077,80.72167203822792,82.54035949707031,24293300
2022-05-25,82.697753281107,84.40276875375098,82.60157223691677,84.20166778564453,29947800
2022-05-26,84.4639639868112,85.18969116977767,84.11421538422135,84.49893951416016,24314800
2022-05-27,83.89561902138662,85.62687084606331,83.32728507620583,85.32958221435547,25588800
2022-05-31,86.17773457999283,87.24446493702757,83.68578634399395,83.9393539428711,44888100
2022-06-01,84.83119798488539,86.30888234545395,84.48145604920747,85.54817962646484,25815400
2022-06-02,85.06728623501171,85.77552236943606,84.63010211827564,85.39954376220703,19089100
2022-06-03,85.60065015226674,87.13954008875854,85.60065015226674,86.64114379882812,21038200
2022-06-06,86.71982737659829,87.24444689607704,86.27389778313675,86.42253875732422,20682100
2022-06-07,87.17450928695325,90.4359056985116,86.99089276037385,90.3834457397461,37810200
2022-06-08,90.48836113056805,92.30704854699336,90.04243816156843,91.45016479492188,31613200
2022-06-09,90.42715632767167,91.43268107722575,89.32545721474446,89.4740982055664,26607000
2022-06-10,89.1331030005857,90.36595878442411,87.25320989809406,87.83903503417969,30950500
2022-06-13,85.26837490108252,85.48696692793928,82.12065104852529,83.80818176269531,33421000
2022-06-14,85.17222147194771,86.27392075492816,83.30106712511393,84.02679443359375,31264000
2022-06-15,83.93061487249793,84.43775010940753,81.55233192648149,82.96881103515625,29620800
2022-06-16,80.8003521606386,81.42989153327895,78.93794400335273,79.90849304199219,35696700
2022-06-17,79.5325293297082,79.87353238828318,74.89838195043033,75.30059051513672,64610200
2022-06-21,77.4515364027881,80.90528810863223,77.39906977481608,79.9872055053711,35951500
2022-06-22,76.54218580663766,78.48328409483611,76.53344025761082,76.82198333740234,29727200
2022-06-23,77.5214876148681,77.86249067832,73.02722894118652,74.50491333007812,35757200
2022-06-24,76.02631175821027,77.29414964135432,75.02953255126938,75.98259735107422,26639000
2022-06-27,76.77825587990448,78.72809955502183,76.65584488730326,77.84498596191406,25478700
2022-06-28,79.67243455577822,81.52609091158892,78.99916729111482,80.00469207763672,33096900
2022-06-29,81.29876184261352,81.49111725174424,76.73455856515204,77.04933166503906,25400900
2022-06-30,75.3180586317308,76.59463510521287,74.03273661043835,74.88087463378906,39948100
2022-07-01,75.84269866234509,76.83947791429014,74.06773221670434,76.55094146728516,26327900
2022-07-05,75.49293340157544,75.80770642977245,72.58129289710116,74.1551513671875,34591100
2022-07-06,73.2370824847556,74.52240480934469,70.83256992868488,72.8173828125,33375700
2022-07-07,74.65356059664136,75.86019308032394,74.58361620482682,75.1432113647461,23817400
2022-07-08,76.02631344648434,76.33234765773223,74.26009259154827,75.26561737060547,17673800
2022-07-11,74.46992060838008,75.30057420700842,73.76168466640196,74.88087463378906,15603800
2022-07-12,73.25456335472175,74.36501465328094,72.45014624878732,73.88410949707031,21013000
2022-07-13,72.90481968537624,75.46671883341419,72.8348752977531,74.181396484375,19928600
2022-07-14,71.56704094756867,72.84361781024147,70.55277723199183,72.69497680664062,26343000
2022-07-15,74.14641257079728,74.21635694421842,72.48511195814311,73.91907501220703,17243700
2022-07-18,75.70279596029694,76.89193717690517,74.97706879543023,75.28309631347656,19395800
2022-07-19,75.56288612189903,77.39905771317773,75.4142451527586,77.18046569824219,18248900
2022-07-20,76.57717008675985,78.38711203008016,76.28862697397977,78.02861785888672,16584400
2022-07-21,76.00884067103136,76.7695435344406,74.50492604685738,76.72582244873047,21375700
2022-07-22,76.55093057986994,77.35534763880375,75.74650685003688,76.13997650146484,15479500
2022-07-25,77.0843017340052,78.80680144020421,76.43726447957735,78.67565155029297,17536400
2022-07-26,79.68116585178402,79.81232240639622,77.81876412316906,78.36961364746094,15141200
2022-07-27,78.9379517903797,80.44186600476927,78.16851025620564,80.06588745117188,18047000
2022-07-28,80.59926388696068,81.53483762829926,79.57625465660826,81.00147247314453,20353100
2022-07-29,82.58406656085889,85.26837643201868,82.27803905194477,84.75250244140625,29825800
2022-08-01,82.88136543249998,83.3710095072635,81.51735312657293,82.61031341552734,20793200
2022-08-02,82.79392647805274,83.23984945423297,82.03322374725717,82.25181579589844,16722500
2022-08-03,82.55785261450946,82.55785261450946,79.38389811281026,79.58499908447266,23580800
2022-08-04,78.96418460635412,78.99041458321605,75.57163862391998,76.23616027832031,31821500
2022-08-05,75.5104338781209,78.42208141518375,75.44048282518796,77.33786010742188,17408000
2022-08-08,77.47776532170346,78.34338795605387,77.13676226359877,77.7750473022461,14458500
2022-08-09,78.73685433402541,80.10086650914808,78.64941218257431,79.2090072631836,19083400
2022-08-10,79.28770744891214,80.2582566699695,77.98490071838195,79.96096801757812,18302000
2022-08-11,81.08220686952028,83.2540577104147,80.72906674370876,82.27407836914062,18797900
2022-08-12,81.64724677189332,83.00685108953869,81.32058474269914,82.98919677734375,15058200
2022-08-15,79.92565451842405,81.86795881735392,79.15756736381618,81.5059814453125,20755200
2022-08-16,81.24995143835484,82.00921481719712,80.59663413646125,80.74671936035156,14038200
2022-08-17,80.5789760693509,82.2917339969303,80.26997508646706,81.40003967285156,13678000
2022-08-18,82.23875036648933,84.14573234842406,82.185773967189,83.32466888427734,17770400
2022-08-19,83.13046043400925,84.04863287838107,82.81262892029731,83.05982971191406,16128600
2022-08-22,82.47711570267306,83.42177948303672,81.09985064532054,82.99800872802734,16019900
2022-08-23,84.3576391460077,86.88263016369203,84.2693473770561,86.5206527709961,23764700
2022-08-24,86.52948274820105,87.37703118619316,85.95561993222371,87.03271484375,17050300
2022-08-25,87.33288596115028,88.16278009315712,86.6089379105857,87.48297119140625,15305700
2022-08-26,87.20044813250672,88.20691898715293,86.00858343753283,86.40587615966797,15531400
2022-08-29,86.67956094067816,89.66363791151029,86.64424558333086,88.39231872558594,23059200
2022-08-30,86.83846812608944,87.06801455837554,84.59599367331838,85.02859497070312,17086800
2022-08-31,83.01567901351572,85.49652404575392,82.62721680023122,84.3929443359375,18340900
2022-09-01,83.35998349851018,83.93384621321093,81.47948636506294,82.8744125366211,16423000
2022-09-02,85.06392268550636,85.45238489879085,83.96917349936895,84.3929443359375,18206800
2022-09-06,84.89617472811743,85.27579964434776,83.43944830852526,83.8279037475586,19201500
2022-09-07,82.27408265210659,83.51008662822218,81.4883343805546,83.11280059814453,16274700
2022-09-08,83.57189420877071,84.2428658765012,82.74200004492087,83.79261016845703,18759200
2022-09-09,85.21401203954845,85.63778963237229,84.15457816106337,85.19635772705078,17158000
2022-09-12,86.2116459244422,87.57125689810485,85.53183706975295,86.17633056640625,16118900
2022-09-13,85.2934709409207,86.3264199544121,83.79260519836306,84.16340637207031,18229100
2022-09-14,84.92267437923027,87.01505735572391,84.88735901757126,86.22930908203125,22655700
2022-09-15,84.94914965725371,85.23166578301789,83.03333696892422,83.72196960449219,21092300
2022-09-16,83.93384440768742,84.17221462229222,81.22345335326257,82.29171752929688,37874700
2022-09-19,80.34943838725184,82.53893689547373,80.34060786302453,82.28290557861328,15342100
2022-09-20,81.86795450104934,82.04452454813557,80.90562955799744,81.61192321777344,14712500
2022-09-21,82.60957653194315,82.88326219107415,80.22584664779991,80.29647064208984,17332400
2022-09-22,81.40003347731603,81.80615672187102,79.9168221366478,79.96096801757812,16139400
2022-09-23,77.25057018046476,77.25057018046476,74.91098013642765,75.70555877685547,27738800
2022-09-26,74.95512385669949,76.1205035838859,74.06342970056205,74.14289093017578,22043400
2022-09-27,75.58196932934729,76.77383409442415,74.87567560559708,75.69673919677734,17307300
2022-09-28,76.0322337333995,78.83974091830842,75.8556569299898,78.45127868652344,19543300
2022-09-29,77.85091134628905,78.89269064804579,76.92390188594851,78.29234313964844,17896000
2022-09-30,77.84209570500468,78.61018959713893,77.08283233642578,77.08283233642578,21357600
2022-10-03,79.49304317881642,81.54128655998345,79.21052708264563,81.15282440185547,23881300
2022-10-04,82.31821549273103,84.18988909780018,81.85029877539273,84.11042785644531,22133700
2022-10-05,84.53420708063521,88.27754762828371,84.45475257344205,87.50946044921875,34857700
2022-10-06,86.93560175836488,90.21102573453318,86.81200136195977,90.1050796508789,29124700
2022-10-07,90.21984968081082,91.21748330354758,88.44529163935466,89.19572448730469,24507600
2022-10-10,89.6018353384993,90.07858254644256,87.15630584471226,87.26224517822266,16786100
2022-10-11,85.83202008175788,88.07449495165943,85.417073016264,86.5206527709961,17804100
2022-10-12,86.07922021278748,87.32406139977773,85.84084995129798,86.90028381347656,12635800
2022-10-13,86.1233537374206,90.44938033358811,85.99092283972429,89.93732452392578,22019100
2022-10-14,89.27520142752195,90.26400470055326,87.43884286943936,87.57127380371094,15222000
2022-10-17,89.23103383423697,90.02561251088733,88.72780179497765,88.83374786376953,14283200
2022-10-18,89.6459854368729,90.36110291458503,87.60657234223268,88.99266815185547,14065400
2022-10-19,89.38994881491517,91.80899344499257,89.37229450478998,91.6324234008789,20921700
2022-10-20,92.1003511936452,92.70069884607702,91.29694863955164,91.75603485107422,17649000
2022-10-21,92.21512729370204,93.93671585860335,91.7383867377099,93.45996856689453,22814100
2022-10-24,93.28339384490894,95.06677578594261,92.80664657693764,94.11328125,17024200
2022-10-25,93.94553882162568,94.75777188921322,92.76249784429935,93.47761535644531,15719800
2022-10-26,93.8130940039968,95.19918967495266,93.58354756735963,94.59001159667969,17383800
2022-10-27,95.7112668786223,96.74421589820216,94.83722687523979,94.9520034790039,18214000
2022-10-28,96.63826023142077,98.18327171341863,95.45522610120585,97.7330093383789,28169400
2022-10-31,96.67357461618244,99.68414304970194,96.62060494990388,97.83012390136719,26401800
2022-11-01,99.20739364309813,99.38396368391612,97.68886704348839,98.80127716064453,22213100
2022-11-02,98.5099334886752,98.96901965001409,96.50582911307464,96.77069091796875,20654200
2022-11-03,95.86134512343845,98.72182171378958,95.62296814507505,98.0861587524414,17103700
2022-11-04,99.76359704731352,100.20502889265562,97.82129962209447,99.1544189453125,17541500
2022-11-07,99.24272507403809,100.63764478817015,98.99551754684808,100.32864379882812,16008000
2022-11-08,100.18738292255378,101.22916243371162,99.41045849921954,100.64646911621094,14661000
2022-11-09,99.85190061745026,100.01081638072176,95.85252843345307,96.14387512207031,19522800
2022-11-10,97.28276426759358,97.73301995583236,94.9696586869696,97.55644989013672,20146700
2022-11-11,99.39281390453742,101.08791088090284,99.31335265542083,100.60233306884766,20518900
2022-11-14,100.23743552532106,102.02627921216617,100.11284012324629,100.8960189819336,20858300
2022-11-15,101.27869481859295,101.92836979685002,100.45102157990017,101.57238006591797,19373800
2022-11-16,100.95830919998596,101.68808512516472,99.55215343514845,100.48662567138672,13591000
2022-11-17,99.04487904476787,100.74472022079425,98.5642938626088,100.62012481689453,12425900
2022-11-18,98.69778922842174,100.10394509457443,97.54972577744444,99.74795532226562,15415000
2022-11-21,97.88790390257435,98.96476794842845,95.65408168370804,98.76007843017578,20973000
2022-11-22,99.863638483899,101.87497471192495,99.16946223624618,101.61688232421875,17719100
2022-11-23,99.96154049942723,101.41219075676518,99.7657457968543,101.10960388183594,11546700
2022-11-25,101.34989527482959,101.99957709393654,100.62011932470476,100.75361633300781,7136000
2022-11-28,98.48420301827683,99.19617580864728,97.55863227984878,97.72772216796875,23015500
2022-11-29,98.43969332858607,99.49876099648135,97.70991737665939,98.37739562988281,14453200
2022-11-30,99.26736900661666,99.58775911901624,97.70101810043424,99.08937072753906,23158100
2022-12-01,99.35635990244408,99.73904769636006,98.05700308331859,98.6087875366211,14398300
2022-12-02,97.46072829787423,99.41866182582771,97.18483266452493,97.772216796875,15248400
2022-12-05,98.51978600584377,99.10717011918292,94.28352897666132,95.09339904785156,19287700
2022-12-06,94.24794073470595,95.26250724429123,91.80052021264764,92.4501953125,21197000
2022-12-07,92.36119244679797,93.3134611777106,91.10633682472624,92.24549865722656,20061700
2022-12-08,94.58611748939555,95.0489062151662,92.29889227416805,92.93077087402344,21128800
2022-12-09,93.08208686406333,94.29244826936402,91.93402996265608,92.14762115478516,21298200
2022-12-12,92.40569307899659,94.55051971670585,92.1920951444162,94.41702270507812,20413200
2022-12-13,95.93888868352438,96.59746540586589,95.24470551193438,95.44940185546875,24305300
2022-12-14,96.10796959142547,96.38386522777827,94.11443638617808,94.7463150024414,17597300
2022-12-15,93.74065701872827,94.4882294789803,92.28999978904683,93.83855438232422,15365100
2022-12-16,92.2811038814302,93.96314868715334,91.78271545718371,93.17996978759766,54596600
2022-12-19,93.67835990194973,94.51492811892196,92.89518098826427,93.59825897216797,13611100
2022-12-20,93.5982594062556,95.68079532101132,93.50926365381694,94.95101928710938,14680000
2022-12-21,96.37497680895827,96.64196408043874,95.36931185216051,96.17028045654297,13565400
2022-12-22,96.01897678212546,96.28597081516152,92.6459856618088,94.23013305664062,13213000
2022-12-23,95.18239312309781,96.77544198419204,95.13789864828226,96.7220458984375,11539400
2022-12-27,97.24713182830445,98.31510114230746,96.85554919078281,98.06591033935547,11962100
2022-12-28,97.81670884316559,97.89680296824143,96.02786536047196,96.45504760742188,10702100
2022-12-29,96.10796562526227,97.64761843060364,96.10796562526227,97.18482971191406,10534000
2022-12-30,96.6597349268348,98.34177929649375,96.6597349268348,98.16378784179688,11799600
2023-01-03,97.70101170693859,97.91460283791434,93.88303544230634,94.79080963134766,15146200
2023-01-04,93.26895784389384,95.36928981935891,93.23335819126602,95.06669616699219,18058400
2023-01-05,94.63952140041373,97.85231754282941,94.6128233544007,97.19374084472656,15946600
2023-01-06,97.96800029987712,99.6678412227811,97.60310896426351,98.36848449707031,16348100
2023-01-09,99.35637056596835,99.35637056596835,95.94777970897223,96.53516387939453,17964600
2023-01-10,97.70992620071176,98.19051140122642,96.12577875638965,97.97691345214844,15104600
2023-01-11,98.77788027978643,99.18726612868629,97.08693400654624,99.11607360839844,16710400
2023-01-12,99.51654398198998,101.22528644976545,99.44534468168125,100.76250457763672,15357300
2023-01-13,100.6646261732271,101.00281272840137,99.81915639032133,100.70022583007812,12011400
2023-01-17,100.93161411532729,101.52789305424207,100.27303068822692,100.50442504882812,16542200
2023-01-18,100.7981140671462,101.56348964532926,98.25279654713084,98.43968963623047,16399700
2023-01-19,97.95910760120151,99.7924456866016,97.52302371281739,99.07157135009766,12928000
2023-01-20,99.10718656870202,100.95832816715507,98.43970821454316,100.87822723388672,16515600
2023-01-23,101.13629851986298,101.98176820893737,100.24632756717855,100.3531265258789,16584400
2023-01-24,97.14923060749068,101.47448310857379,93.33125447825776,101.28759002685547,13583000
2023-01-25,100.77141955541617,101.14520574671282,99.13386938078246,100.75361633300781,11914700
2023-01-26,102.09748094115467,104.82079020801444,101.75928759328454,104.80299377441406,21019700
2023-01-27,104.08211487027636,104.72289513291396,102.69376216118852,102.88955688476562,15179200
2023-01-30,102.42677159158632,102.78276139288234,100.70023225870281,101.06511688232422,18672100
2023-01-31,99.76574696222669,103.59262494829113,98.27949703342902,103.24553680419922,27861800
2023-02-01,103.0853367587589,104.46478765717039,100.86930420470296,102.11526489257812,19464900
2023-02-02,102.21317840543958,102.40897313177742,97.74552651785098,98.9202880859375,24562100
2023-02-03,99.58775624091643,101.5545913357865,99.28516257019957,99.60555267333984,20226600
2023-02-06,99.9971340132107,100.64680898828426,98.18159250529915,99.43645477294922,13855200
2023-02-07,100.02385627115137,102.62257038049154,99.69456450368953,102.27548217773438,16013300
2023-02-08,102.39116195065753,103.08533821501081,101.32319272170362,101.38549041748047,18459700
2023-02-09,102.00846916824136,103.4502177112918,101.61687979114654,101.76817321777344,17439300
2023-02-10,103.69053411820211,106.46723958739506,103.37904559312476,106.05785369873047,24918600
2023-02-13,105.5735546425414,105.98609064302143,103.94134401360418,105.64530181884766,14536200
2023-02-14,104.93683418944975,105.65428556502631,104.04897810547287,104.40770721435547,12079000
2023-02-15,103.77992566319499,104.1117444097592,102.36294959298361,104.09381103515625,13663400
2023-02-16,103.41223297054329,104.7305584576728,102.9548600465016,103.78890228271484,11360600
2023-02-17,102.40778952725545,102.40778952725545,99.52900063508393,99.79804229736328,20758300
2023-02-21,99.37653114451051,100.78453698339766,99.37653114451051,99.69938659667969,14469400
2023-02-22,99.08059632755264,99.52003585566943,97.43044530669613,98.4079818725586,13973800
2023-02-23,99.30480321294776,100.29130306570242,98.56044155846841,99.31376647949219,11289400
2023-02-24,98.04925686855323,99.51106988162151,97.77123822958333,99.32273864746094,14351000
2023-02-27,99.36757639624463,99.7801124333347,98.61424466254995,99.14337158203125,11710500
2023-02-28,99.76216897484477,99.86978974535776,97.9505971454296,98.56940460205078,18107000
2023-03-01,98.0312968385969,100.31818835528732,97.96851977323062,99.44827270507812,13200000
2023-03-02,99.20614463934973,100.17470419747058,98.80257188479402,99.9056625366211,10339900
2023-03-03,98.69496497607183,101.67240472632008,98.60527757388951,101.17018127441406,13006700
2023-03-06,100.43477549168696,102.09388956394847,100.3271615718306,102.06698608398438,14347400
2023-03-07,101.17018989542494,101.49304541266594,99.69940669118867,100.09400939941406,11525300
2023-03-08,99.75321098356422,100.82042126828415,97.81607806502748,98.63218688964844,13509800
2023-03-09,99.43035882296607,100.65003362531813,97.7802077435887,97.86988830566406,12961200
2023-03-10,98.25550913567021,99.58280455916855,96.0941784265973,96.65917205810547,15795700
2023-03-13,94.47094707377028,96.73093566809017,93.01810410532471,95.54713439941406,20745600
2023-03-14,95.37672635335991,97.76226885472325,94.13014813690516,95.90585327148438,18263500
2023-03-15,92.2109690400356,93.44857733013427,89.87924000373033,91.1347885131836,25733800
2023-03-16,88.88376045924471,91.18858576293086,87.90622387432735,90.60565185546875,27465200
2023-03-17,90.22000610812495,91.12579537534221,88.91065095586951,89.53842163085938,43199500
2023-03-20,89.35009754406575,91.90603782681595,89.23351350719368,91.8791275024414,32042100
2023-03-21,93.42165557582456,96.21076386965078,93.38578198631895,95.99552917480469,31592300
2023-03-22,95.7802934110541,96.12108224427286,93.77141347428433,93.7983169555664,14952700
2023-03-23,94.48887658510102,95.36775561715245,91.87016602116917,92.74008178710938,14385900
2023-03-24,91.00024148295076,93.13466862579389,90.49802494161996,92.84768676757812,13401600
2023-03-27,93.93284323099128,95.49331360089741,93.18848847810519,94.88347625732422,14805900
2023-03-28,94.56062696795253,96.54259675349448,94.3364221482009,96.0672836303711,11047600
2023-03-29,96.91028380986765,97.89679043667451,96.39909712242579,97.71742248535156,14219100
2023-03-30,98.24654757014291,98.26448094384932,97.3228180328535,98.19273376464844,11578200
2023-03-31,98.36313295891425,98.80257246374138,97.7981393098508,98.34519958496094,14418000
2023-04-03,101.69032332972667,104.79331678165805,101.44818516869701,104.1476058959961,28087700
2023-04-04,104.26420616337298,104.65880197403405,102.38985040452873,103.15214538574219,16365500
2023-04-05,103.44808617989356,104.92783912574534,102.51539345549116,104.91886901855469,16479500
2023-04-06,104.80229486308167,105.08927674052394,102.9279391305777,103.1790542602539,15778000
2023-04-10,102.93692204119873,104.19247047698552,102.38986170019297,102.72168731689453,13006600
2023-04-11,103.09834587886871,104.21039989475325,102.57818904288516,103.44810485839844,11758500
2023-04-12,104.17452679073648,104.56015249761312,103.07143610874667,103.34048461914062,10919000
2023-04-13,102.77549112029568,103.93238884633617,102.35398495163888,103.82476806640625,12399700
2023-04-14,103.94135007574006,104.62293460602673,103.24183217142456,104.07587432861328,11530800
2023-04-17,103.57366142420722,104.4884209628794,102.61406502481638,102.86517333984375,13260400
2023-04-18,102.58716194163166,105.11619216203451,102.50645148670901,104.87405395507812,17436100
2023-04-19,104.10276635223832,104.83815776585521,103.82474776898488,104.54220581054688,10682600
2023-04-20,103.2508035298323,103.74405688163127,101.54685233384663,103.70818328857422,17038700
2023-04-21,104.47047797579083,104.82023695419245,103.36739407227441,104.04000854492188,14315300
2023-04-24,103.95927412563942,106.6228280933212,103.92340053861156,106.00402069091797,15831300
2023-04-25,105.42110505870058,105.59149606267934,103.69920690706057,104.49737548828125,12179800
2023-04-26,104.05792223885348,105.00854832422758,102.8472177855175,103.53776550292969,15566100
2023-04-27,103.69024019493457,104.93681835753299,103.0265890488614,104.775390625,16279200
2023-04-28,105.1520706998748,107.54657676579782,104.77540820814981,106.12960052490234,24381900
2023-05-01,104.02206563283961,105.19690353398629,102.64096313038276,102.83826446533203,17355000
2023-05-02,102.18358902777577,102.18358902777577,98.01337808589618,98.73979949951172,24324100
2023-05-03,97.82504466977532,98.47971888554824,96.6412435426882,96.793701171875,16212300
2023-05-04,96.7668088978241,97.52910397424252,94.98214031332664,95.09872436523438,17177200
2023-05-05,97.34973980426894,98.13893834171958,96.43498026735791,97.46632385253906,14968200
2023-05-08,99.09852984344182,99.52003599725452,97.78917452358652,97.8519515991211,11187800
2023-05-09,97.16139470408943,98.8563893891364,97.0448106642451,97.87885284423828,11370800
2023-05-10,98.41696035720565,98.6591054300719,95.69959863359209,96.62332153320312,14884800
2023-05-11,95.50229015289833,95.79824217893452,94.10325416391066,94.87451934814453,17165900
2023-05-12,95.3408526604378,95.96863024326872,93.96872029718386,94.86553955078125,12613300
2023-05-15,95.44448981286742,95.8244207212714,94.60321028622401,95.04646301269531,13715600
2023-05-16,94.64843252057801,94.81126103233693,92.28742255085389,92.7397232055664,14795200
2023-05-17,93.52672477809836,95.19119470415309,93.03823926398098,94.82030487060547,14064700
2023-05-18,94.5760720426265,95.80633040654975,94.19613423791458,95.67967987060547,12005600
2023-05-19,96.40335661797424,96.8375682622344,95.72490566864022,96.12293243408203,13359600
2023-05-22,95.74300770259329,96.82853351037045,94.8745911973081,94.95600891113281,12882000
2023-05-23,95.87869053492004,97.89595448492108,95.66158815381634,96.24958038330078,14394400
2023-05-24,97.13608436133777,98.15828823946372,96.54809904211434,97.3260498046875,16340300
2023-05-25,95.83345691895326,96.27670959108633,94.72079436467347,95.58016967773438,14316500
2023-05-26,96.31291099468359,96.74711579654574,94.82936526879294,94.95600891113281,12370300
2023-05-30,93.43627220803629,94.18709296834413,92.82114302754655,94.1147232055664,11938000
2023-05-31,92.53168902996123,93.21014016058328,92.03415544021367,92.43218231201172,24926100
2023-06-01,92.04318692341272,95.50781173375945,91.5999341964642,93.49959564208984,13551900
2023-06-02,95.1278720317629,96.00532945865801,94.55796881966207,95.6706314086914,14112000
2023-06-05,96.96421969268897,96.96421969268897,95.06455136038731,95.24547576904297,10628000
2023-06-06,94.2142197756264,96.1319699721478,94.06043922242606,96.02342224121094,12209800
2023-06-07,96.60236453245824,98.50202570275003,96.5480906680829,98.1763687133789,16027100
2023-06-08,98.39346837653243,98.72817330131528,95.79726737883945,97.86880493164062,13517100
2023-06-09,98.1130493908338,98.24874095677042,96.93707192302237,97.14512634277344,12251600
2023-06-12,95.71586232694571,96.84661396355195,95.48971199962446,96.26766967773438,14112000
2023-06-13,97.13607945157862,98.00449582080898,96.14101945984967,96.28575897216797,13533800
2023-06-14,97.19939939551435,97.79643952001777,94.4313218404231,95.12786865234375,16627700
2023-06-15,95.43542173930022,96.81946040055911,95.38114787856351,95.78821563720703,16224100
2023-06-16,96.21339351660804,96.58427645577193,94.946950333454,95.1007308959961,43128900
2023-06-20,94.69367216278374,94.77508297374307,92.37789485246387,92.920654296875,17514100
2023-06-21,92.7216387897887,94.6484371893464,92.5678582159753,93.96094512939453,13285700
2023-06-22,93.02918984889146,93.97902392826028,92.85732030332215,93.4453125,12455300
2023-06-23,92.80305701691051,93.01111838165886,91.9255994306585,92.63118743896484,17933600
2023-06-26,92.45025334605538,94.90172902851958,92.45025334605538,94.34087371826172,14283400
2023-06-27,94.12377202365901,94.63034656467718,93.41817718237733,94.5760726928711,13227500
2023-06-28,94.35897442839818,95.72492454146726,93.35486627329219,95.3449935913086,13084100
2023-06-29,95.58017109365022,96.54809415210956,95.10072663531521,96.52095031738281,11364400
2023-06-30,97.08180783566637,97.58838233740356,96.62045925640716,97.01848602294922,13544700
2023-07-03,97.23559488238668,98.11305927541092,96.85566398073507,97.20845794677734,7397000
2023-07-05,97.36222165835034,97.62455682641894,95.97818296943197,96.7109146118164,12491200
2023-07-06,95.06454563005515,95.63444885601704,92.65830980324304,93.1015625,17961400
2023-07-07,92.19696161396439,94.07853394932532,91.87130459816883,93.31867218017578,21929200
2023-07-10,93.14679015677919,94.75697924883441,92.94777678107624,94.70270538330078,14877600
2023-07-11,95.21834479945362,96.03248743551647,94.81127003064172,95.86061096191406,12576500
2023-07-12,96.79234226285597,97.38033450738166,96.00533662157753,96.33099365234375,13238200
2023-07-13,95.86061214766323,96.09581044578199,93.46341704021084,94.56703186035156,26826800
2023-07-14,94.12376585243494,94.12376585243494,90.93956548508007,91.31045532226562,28181900
2023-07-17,91.11143238336817,91.97080074779569,90.65913179123592,91.70846557617188,18051300
2023-07-18,91.2923583984375,92.45024691834723,90.76768800611592,91.2923583984375,24617800
2023-07-19,91.40997561478595,92.63118614296576,91.1838252613615,91.92559814453125,15556500
2023-07-20,92.75780195575268,93.77095771964758,92.59497347408313,93.54480743408203,15740200
2023-07-21,94.22327300586197,94.42227949092943,93.40913047036751,93.9790267944336,17121500
2023-07-24,94.40418785781544,96.03247288319834,94.04234597422371,95.45352172851562,15090900
2023-07-25,95.03741889011168,95.96915720839736,94.56702920862524,95.59827423095703,14116100
2023-07-26,95.08264819895494,95.63445557311924,94.6574844613306,95.0645523071289,15159600
2023-07-27,95.88775338137347,96.78330688146045,94.74795362572375,95.36308288574219,17677900
2023-07-28,95.08264270086578,95.12787552625473,92.55880425879798,94.22327423095703,17566400
2023-07-31,95.15501659542905,97.57030050244556,95.15501659542905,97.00944519042969,24197000
2023-08-01,96.7471063236146,97.08181128934662,95.4625741333353,96.44859313964844,14177400
2023-08-02,96.12294017173153,96.23148791536443,94.5941617010036,95.24547576904297,13484100
2023-08-03,95.78823906626867,97.58839387045082,95.2545275676584,96.9009017944336,16280400
2023-08-04,97.66074959969673,98.81863808925682,97.09085329980506,97.1722640991211,14279600
2023-08-07,97.60648403859817,98.07687368942142,96.34908875295639,96.97325897216797,12410800
2023-08-08,95.92391940067392,97.47078674260132,94.83839373685049,97.45269775390625,14065600
2023-08-09,98.33920642575434,99.88607381948084,97.9773645256964,99.10811614990234,19919600
2023-08-10,99.67801449977769,100.98063561395394,98.99956355850844,99.61469268798828,15837200
2023-08-11,99.84085058354424,101.37867007324418,99.55137843601625,101.16156768798828,14047000
2023-08-14,101.02587095346021,101.29725409735087,100.21172842334825,101.24297332763672,12973400
2023-08-15,101.00585790196736,101.10618030393846,98.47045237899397,98.64373779296875,14909600
2023-08-16,98.75316312402151,99.7107834031121,96.92912979861842,96.98384857177734,13695100
2023-08-17,97.96883801247039,100.45864681165027,97.96883801247039,98.86261749267578,16709500
2023-08-18,98.1694955185165,100.50425648359274,98.15125824266157,100.35833740234375,16224000
2023-08-21,100.650161248362,101.21561409425529,98.62548310773528,99.14533233642578,11092400
2023-08-22,99.56485440868138,100.06646634136506,98.45219300028106,98.58899688720703,10518800
2023-08-23,97.62228043821933,97.85940675773102,96.41841852412811,97.72260284423828,11435600
2023-08-24,97.05682185185492,98.28804308524602,96.73761737773658,96.99298095703125,10818500
2023-08-25,97.97795377869866,99.34597882059161,97.23922248267972,98.7258071899414,13579300
2023-08-28,98.90821757456396,100.35832788130482,98.89910241656953,99.55575561523438,10382100
2023-08-29,100.01174738298778,100.34006696960807,98.88084174743844,100.14854431152344,9665000
2023-08-30,100.72313750599672,101.3615464820286,100.30361061344206,101.12442016601562,11922100
2023-08-31,101.34330937084869,101.61691023610186,100.88730097062407,101.40715026855469,17479800
2023-09-01,102.32828075817466,103.80575045862153,102.32828075817466,103.53214263916016,14843500
2023-09-05,104.0611013633418,105.63889327475555,103.51389274924593,103.54125213623047,18304000
2023-09-06,103.49566716568226,104.50799938911405,103.26766297088119,104.43504333496094,13325500
2023-09-07,104.56271701827454,105.6571342851903,103.6962969703422,103.92430114746094,13248500
2023-09-08,104.4532755661187,105.83954490013829,104.26175288670854,105.4382553100586,14283200
2023-09-11,105.95809236971238,106.41410068478979,103.57772840835753,104.1158218383789,14383600
2023-09-12,105.19200986247371,107.31701058532677,105.12816896753603,107.15284729003906,20145800
2023-09-13,107.0799012898759,107.58150638058038,105.7027539033518,106.19524383544922,13472800
2023-09-14,107.20757370228287,108.21991286990881,107.00692890031942,108.09222412109375,15210700
2023-09-15,107.52675899954556,108.08308968461728,106.24993436236238,106.43233489990234,34568400
2023-09-18,107.1893199419207,107.83685095370028,106.4323444229439,107.28964233398438,14045300
2023-09-19,108.1834376519553,108.38407550744421,106.35028189617825,107.0069351196289,12562900
2023-09-20,106.28641895423736,107.63619967083199,106.08577418222431,106.15873718261719,11879900
2023-09-21,106.68773393569013,107.04341994974278,104.51712938434316,104.66305541992188,14400600
2023-09-22,105.52944396097239,106.41410120988945,104.7086275981558,104.82719421386719,13197300
2023-09-25,104.96400996371567,106.38676090042364,104.72689060604432,106.00371551513672,11316000
2023-09-26,105.33792344416327,106.45970698917395,105.21936378417631,106.16786193847656,11805400
2023-09-27,107.51764855009432,109.89801270135541,107.07076231394343,109.62440490722656,23976200
2023-09-28,109.42376387600818,110.08041003806247,107.791253190575,108.95863342285156,16808100
2023-09-29,108.62119435470322,108.69415736520747,106.45971909406619,107.23493194580078,18813600
2023-10-02,107.18931494705926,107.42644122253597,104.47150924725743,105.45648193359375,14395000
2023-10-03,105.28320718086835,106.19522385580134,104.909277004241,105.6388931274414,13297100
2023-10-04,104.01551835447228,104.05199290314823,100.77785594580953,101.68987274169922,19622200
2023-10-05,100.13942635550035,101.14264323281215,99.136202520054,99.40068817138672,20128800
2023-10-06,96.42753013251134,98.74404646050299,95.86207726549071,97.74082946777344,25367500
2023-10-09,100.72313975393959,102.20972466452632,99.88407899196811,101.16090393066406,22369900
2023-10-10,101.25208799491874,101.64425544271175,100.4312785555643,100.73223876953125,13892000
2023-10-11,97.54930784758155,97.74083052441661,95.60671473270992,97.12065887451172,57939000
2023-10-12,98.12388663945435,98.3518908451876,96.75586140505489,97.10243225097656,31183000
2023-10-13,98.52517073903148,100.50424546378002,98.35188532579522,100.20328521728516,30276500
2023-10-16,100.77784180902768,100.94200508758497,99.52837646900073,100.27622985839844,18452000
2023-10-17,100.07559448657558,101.96346875714056,100.02999086880726,101.58953857421875,19775400
2023-10-18,101.98171451375718,103.41358055830396,101.87226999688905,103.01229095458984,23380300
2023-10-19,102.80253286807536,103.94255384654826,101.53483009666434,103.07613372802734,20972500
2023-10-20,102.98493123492217,103.34973933184466,101.04233803415335,101.30682373046875,22445300
2023-10-23,100.89641631085235,101.19738352549638,99.1179863300213,99.82023620605469,18185000
2023-10-24,100.04822470404903,100.15766920805214,98.60724367108354,98.85348510742188,16786100
2023-10-25,98.97205540660589,99.86583489003245,98.61636942803197,99.03589630126953,22047300
2023-10-26,97.99619170873423,98.8078860157211,97.12977862630764,98.13299560546875,18768300
2023-10-27,99.30949917626616,100.19415649988032,95.72527322110759,96.26336669921875,23092000
2023-10-30,96.4366492662463,97.05682093501882,95.95328150169952,96.5643310546875,19379900
2023-10-31,96.29071536396246,96.81968666777084,95.34221725448575,96.53695678710938,22185200
2023-11-01,97.15713033905814,97.74082042475703,96.18127282470518,96.3454360961914,28984900
2023-11-02,96.56432255832104,99.5831024689174,96.21775872849298,99.51013946533203,25212700
2023-11-03,98.86261013775321,99.20917397344752,97.16625854542164,98.29715728759766,30555600
2023-11-06,98.65284823708159,98.74404851866058,96.46400668850818,96.55521392822266,19097300
2023-11-07,95.2783860566354,95.63407201408336,94.20220606898545,95.041259765625,20272500
2023-11-08,94.60349461658171,95.67055247732775,93.8373969763115,93.8738784790039,19184100
2023-11-09,94.54876850216763,94.82237629218966,93.81003721049734,93.90123748779297,18380500
2023-11-10,94.78589026429466,95.22366131580245,93.85563634727599,94.6217269897461,17825500
2023-11-13,94.8953423830151,95.88943726669244,94.67645336062576,95.61582946777344,15308400
2023-11-14,95.99318380239036,96.47176608306134,95.5974302345852,95.98397827148438,18260500
2023-11-15,95.68024698390178,96.77547330660191,95.2568838980773,95.40414428710938,20137600
2023-11-16,94.7046875101647,95.04521492934765,93.09406359680055,94.29972839355469,22469100
2023-11-17,94.8519227352112,97.03316980222408,94.56661451502498,96.60060119628906,22984900
2023-11-20,96.98717260451511,97.44735088849855,96.11283667365193,96.17726135253906,17458800
2023-11-21,95.91035276295662,96.36132549474924,94.99920176801474,96.14044189453125,14989000
2023-11-22,94.41017767916252,95.82752762521208,93.82115004207222,95.72628784179688,18072000
2023-11-24,95.73546987123605,97.06999086753862,95.63423712701099,96.24166870117188,9480800
2023-11-27,95.80910905124252,96.08521880650554,94.96238276702132,95.68025970458984,18013500
2023-11-28,95.93797128344295,96.55461555011757,95.60664234133124,95.62505340576172,20629500
2023-11-29,95.9655581413501,96.25087339837316,93.54502335224444,94.18927001953125,26802100
2023-11-30,94.89796089126494,96.15885184555144,93.701494612204,94.55742645263672,29254700
2023-12-01,94.33654101512656,95.91955531466732,94.07884231925021,94.78751373291016,17845300
2023-12-04,93.99600785299823,95.12804945004895,93.49901449490984,94.2721176147461,21523900
2023-12-05,94.12485991858716,94.18928459528553,92.30255790811134,92.44061279296875,22250300
2023-12-06,92.03565423655019,92.69831207053545,90.50785900577712,91.21653747558594,31154800
2023-12-07,91.90680523605923,92.80875071886115,90.27777021761565,90.58148956298828,29990700
2023-12-08,91.13370323415357,91.84238171561663,90.8852100532042,91.62149810791016,22074900
2023-12-11,91.85157752963131,91.90679667027507,90.72874152479129,91.6859130859375,22252300
2023-12-12,90.82077356608535,90.82077356608535,89.71634864939247,90.24095153808594,26084000
2023-12-13,90.23174536247404,91.14289626331923,89.88201244643305,91.04165649414062,19915400
2023-12-14,91.89760242653763,94.00521982170547,91.77795859986054,93.48982238769531,26165700
2023-12-15,92.57864501314722,92.9559944998796,92.32094634989679,92.86396026611328,55527000
2023-12-18,93.99601220826737,94.89796471957413,93.43459414932644,93.55424499511719,21610400
2023-12-19,93.87636276627228,94.97158924550956,93.68308874436502,94.78751373291016,18904700
2023-12-20,95.25690414272295,95.66186327686401,93.07565656350407,93.20450592041016,20988900
2023-12-21,93.38858160916699,93.88557499600121,92.78114290689294,93.62787628173828,19250900
2023-12-22,94.16167030401607,94.74149938700805,93.71069758972669,93.79353332519531,12927800
2023-12-26,94.55741568925485,94.82431989102585,93.98679920842777,94.00520324707031,16835100
2023-12-27,93.91317133248073,94.3825550797368,93.2689176158668,93.56343841552734,14558800
2023-12-28,93.31494284945951,93.51742239833324,92.15529171975896,92.21051788330078,16329300
2023-12-29,92.376188550293,92.57866109103695,91.68592114452589,92.01725006103516,17746400
2024-01-02,92.88237183460664,94.8887491891318,92.8179471635708,94.20768737792969,23483000
2024-01-03,94.12485602680418,95.3673429173846,93.5634450226528,94.99919891357422,23490800
2024-01-04,95.79069717328458,96.24166984966956,93.92237477792752,94.17086791992188,19395200
2024-01-05,94.95317773624089,95.1648628192927,93.9960061405197,94.45618438720703,15827400
2024-01-08,92.70751466180705,92.99282293392751,91.02326055747163,92.88237762451172,23370100
2024-01-09,93.22290594570975,93.22290594570975,91.29015879920327,91.73192596435547,19496600
2024-01-10,91.8515828640815,91.8515828640815,90.34219874354982,90.82998657226562,18206100
2024-01-11,91.15210362811764,91.57546675240167,90.71032944265117,90.81156921386719,15833400
2024-01-12,92.16449399524497,92.63387774907625,91.27174711861463,91.9896240234375,18041700
2024-01-16,91.8699866627046,92.04485664678835,89.7623694095462,89.90962982177734,20235700
2024-01-17,88.90644743201517,90.15813298772584,88.88804338932694,89.25618743896484,18384000
2024-01-18,89.27456834416135,89.35739704743703,88.18854754116603,89.09049987792969,20940300
2024-01-19,89.01686811232227,89.29297080679883,88.73155988816795,89.22854614257812,20088400
2024-01-22,88.99847954696038,89.36662358773776,88.14254763640247,89.10892486572266,19955900
2024-01-23,89.09970103419774,90.65510560060343,89.02607785857401,90.11209869384766,15863400
2024-01-24,90.48944066298063,91.71351635608922,89.95563226755193,91.66749572753906,17330600
2024-01-25,92.3209612239002,94.04203046183875,91.68591999336665,93.99600982666016,22089500
2024-01-26,93.84875631147038,94.87035261959434,93.1308793428996,94.79672241210938,20817200
2024-01-29,94.77831109651912,94.98078361891764,93.74750933613677,94.9163589477539,18317500
2024-01-30,94.25370192778801,96.52697632866456,93.9683866700997,96.4993667602539,19610900
2024-01-31,96.39812960471441,96.52697894196058,94.58502633119912,94.62184143066406,22415300
2024-02-01,95.32130363474735,95.72626266188745,93.52661162221553,94.23528289794922,19240700
2024-02-02,95.48698059214337,95.71706970200395,93.51741837347774,93.84874725341797,21973400
2024-02-05,93.37016271346478,94.22609452647544,92.49582686030628,93.46220397949219,17190900
2024-02-06,93.94078848958596,94.83353542581754,93.48061023559137,94.10645294189453,13347900
2024-02-07,94.10644410285576,94.54821827477218,93.12166301267436,94.0788345336914,13826800
2024-02-08,94.18928276420623,96.10362600854677,93.97760469706802,95.68946838378906,19636900
2024-02-09,95.80908945771387,96.49015115384864,93.60023293262233,93.66465759277344,20410500
2024-02-12,94.02363095127387,95.16487113670935,93.87637052901721,94.95318603515625,18173100
2024-02-13,95.4547766514622,95.76131151094953,93.4483280056199,94.1357192993164,18917400
2024-02-14,94.62807085650348,95.32475340513292,93.28114701027373,93.6712875366211,17651300
2024-02-15,93.4483348002125,96.55089756068007,93.4483348002125,96.35582733154297,23196300
2024-02-16,96.61592097039244,97.1918405744105,96.16075001538573,96.35582733154297,20151400
2024-02-20,96.4580040305599,96.718104764869,95.35260602958283,95.44549560546875,17650000
2024-02-21,95.69630275720338,97.51697254955685,95.66843659180361,97.39620971679688,20991300
2024-02-22,96.75526985341637,97.91640736363676,96.09573751103274,97.31261444091797,20470700
2024-02-23,96.4951574293818,96.69022765706752,95.56624753353363,96.45800018310547,15975900
2024-02-26,96.34654602301207,97.47981735327832,95.72417802590546,96.8388671875,13360800
2024-02-27,97.23830682042654,97.67489568908788,96.46730975819573,96.63451385498047,16360000
2024-02-28,97.04321515606583,97.93496777993431,96.60662638367795,96.90387725830078,14810500
2024-02-29,97.2383049140023,97.60057926876303,96.81100713882354,97.08967590332031,17566100
2024-03-01,98.20435413615925,98.82672205797118,97.88852109013737,98.3158187866211,18460100
2024-03-04,98.14863349705556,98.32512157697379,96.63450566914837,96.94104766845703,18138000
2024-03-05,97.09894490609318,98.71524605106498,96.90387468920173,98.13003540039062,19952700
2024-03-06,99.04040242393553,99.922864228772,98.60381352092436,99.17973327636719,20472800
2024-03-07,99.02179594056732,100.30369616438412,99.02179594056732,99.737060546875,15195400
2024-03-08,99.60701408080979,100.69383698895363,99.17970927999843,100.67525482177734,16281500
2024-03-11,100.55451016059449,101.36266443330514,99.70919863645818,101.26976776123047,17577300
2024-03-12,101.30692881312471,101.51129016012179,100.35015258583961,100.61953735351562,14957200
2024-03-13,101.3812330656778,102.50521327346782,101.35336690063666,101.7435073852539,17122200
2024-03-14,102.02218151066133,103.6199077586046,101.89213468462134,103.54559326171875,22121000
2024-03-15,102.96966938658815,104.3165931035348,102.96966938658815,103.35980987548828,38264400
2024-03-18,103.84284330052836,104.83677665531206,103.20189317249253,104.31658935546875,16770500
2024-03-19,104.24229069040256,105.4220033780009,104.09366167529204,105.0504379272461,14878800
2024-03-20,104.70673221818662,105.33839127683865,104.15867165447852,104.95753479003906,16119700
2024-03-21,104.89250345579676,105.81212935286419,104.56738641052951,105.42198181152344,14878000
2024-03-22,105.41269781524441,105.60776804240476,104.79961388386613,105.42198181152344,14701900
2024-03-25,105.73782867833057,107.54920037225818,105.73782867833057,106.4995346069336,14011700
2024-03-26,106.50882257546613,106.80607348800469,105.34768509101539,105.70066833496094,13152300
2024-03-27,105.41270953664251,106.88038194519294,105.34768612035876,106.79678344726562,12415700
2024-03-28,107.31696101885777,108.17155643716757,106.88037222621553,107.97648620605469,18482100
2024-04-01,108.13440961750592,108.9053994822858,107.177626425321,108.67317199707031,13817000
2024-04-02,109.53705880236348,111.09762779043602,108.98900533763975,110.80037689208984,19919600
2024-04-03,110.98615853410365,111.23696109008888,110.28947610556448,110.81895446777344,16504300
2024-04-04,110.586723272179,111.35771308102932,110.2058668222841,111.20909118652344,18467400
2024-04-05,111.45061419210619,113.46634699722387,111.1347811372516,112.7417984008789,21720600
2024-04-08,112.47242370164065,113.08550061203319,111.66426945605599,111.9801025390625,17513900
2024-04-09,112.39809592524982,113.00188876704566,111.7850120002516,112.56529998779297,14132300
2024-04-10,112.60245913260685,113.76359650678896,112.1472952662931,113.51278686523438,17409200
2024-04-11,113.96797080046274,113.96797080046274,111.7850266187289,113.13195037841797,17555900
2024-04-12,114.20947129538423,114.95260206271898,111.16264790594812,111.8128890991211,21556200
2024-04-15,112.48169529617807,113.03904690037804,110.95828364194358,111.17193603515625,15029500
2024-04-16,111.0604741061643,111.673558090126,109.53706231737674,110.25232696533203,18082200
2024-04-17,110.1222715735642,110.86539524198483,108.79393013195248,110.19657897949219,14538600
2024-04-18,110.54027836991274,111.20909463346905,109.58350230449975,110.09439849853516,13821400
2024-04-19,110.688925394646,112.33309307131628,110.49384804680088,111.35773468017578,21572400
2024-04-22,110.78180121535108,112.92758090477082,110.01080426575146,111.9893798828125,16340700
2024-04-23,111.46920341883617,112.45384578118914,110.95830006835807,112.42597961425781,13929800
2024-04-24,111.74787469703476,112.63962743751277,110.90256320387137,112.4445571899414,12101200
2024-04-25,112.42598265740206,113.10409011484427,110.91186182130627,112.70465850830078,16041000
2024-04-26,110.54028596518019,110.63317554438547,107.95791739336231,109.57421875,27289500
2024-04-29,109.38843280717073,111.51563734803625,109.38843280717073,111.13478088378906,17309900
2024-04-30,110.64246301910859,111.65497144735173,109.59279734299133,109.86217498779297,21083300
2024-05-01,109.87148074003423,110.04797591924435,107.43774091903386,107.78143310546875,27777700
2024-05-02,107.99506837302937,108.92397828519748,107.66066023768724,107.97648620605469,25513600
2024-05-03,107.7535629272461,107.81858634553168,106.01649862872928,107.7535629272461,28023300
2024-05-06,108.37592658894914,109.92720456787922,108.12512401050172,108.45024108886719,31401300
2024-05-07,108.94255142759498,109.2212272310972,107.6885244858751,107.91146087646484,30122000
2024-05-08,107.48417588929097,108.63602231178078,107.20550713984488,107.89289855957031,18957200
2024-05-09,107.93933245195244,110.10369431822592,107.93004845518489,110.02009582519531,17564000
2024-05-10,110.11298823121945,110.22445997847814,109.22123551421173,109.57421875,13648100
2024-05-13,110.00151761039251,110.57744434659575,108.79393889431697,109.52777862548828,15060600
2024-05-14,109.36859479239972,110.25822430239062,109.07829599021892,110.19267272949219,15079100
2024-05-15,110.13646787242496,111.28830346656066,108.70369293384505,111.04483032226562,18244300
2024-05-16,111.00737460129467,111.7190823892374,110.0709196177959,110.37995147705078,15745200
2024-05-17,110.7826293158141,112.2154043221371,110.46423090075085,112.0374755859375,15104500
2024-05-20,112.12175939400538,112.2715884776192,111.01674221708814,111.12911224365234,11551300
2024-05-21,110.8762744259419,111.85954789803293,110.29566974867049,110.36122131347656,14495000
2024-05-22,109.99599965004292,109.99599965004292,107.65486223076417,108.1418228149414,17879300
2024-05-23,108.2541999100683,110.04283244463738,106.156542645852,106.29701232910156,15979800
2024-05-24,107.5424794185877,107.76723374314378,105.85686485192139,106.21271514892578,12212900
2024-05-28,106.3063648886487,107.79533200386169,105.88496301062519,107.56121826171875,13978300
2024-05-29,107.25218128272401,107.27091438216762,105.64147767060885,106.40937042236328,13902000
2024-05-30,106.07224939851609,106.87760122978297,105.78195064930976,106.74649810791016,14683700
2024-05-31,106.86824767795925,110.0240964703647,106.74650395484873,109.8087158203125,29037400
2024-06-03,108.90970864784092,108.96589365604868,106.53111232439781,107.17726135253906,19589300
2024-06-04,105.81940782029542,105.90368533517668,103.8715798377526,105.5103759765625,19412200
2024-06-05,105.71639018939322,105.99732950951999,104.39599253179836,105.93177795410156,14863500
2024-06-06,105.58529180341827,106.79331950268774,104.98596122860639,106.72776794433594,13154100
2024-06-07,106.55921834537051,107.59868399657262,105.51038614341766,105.5853042602539,13289200
2024-06-10,105.87559215677041,106.96188330555805,105.53846781022143,105.89432525634766,15239700
2024-06-11,105.34181005862598,105.51037222698237,104.23679298708612,105.04214477539062,12462400
2024-06-12,106.10035179620077,106.10035179620077,103.51573405811875,103.88095092773438,13606800
2024-06-13,103.79666026219073,103.81539336162255,102.74783532069907,103.04750061035156,14466900
2024-06-14,103.02877555611467,103.2067042916905,101.68964462553382,102.17660522460938,13313400
2024-06-17,102.23279232854219,102.50436514039029,101.30570386367087,101.4742660522461,21147900
2024-06-18,102.10169314957274,103.68430447330371,101.88631248863702,102.42945098876953,17762900
2024-06-20,102.92577335610754,105.46356557037393,102.6261008947537,104.63948059082031,17433200
2024-06-21,104.78930638323584,105.53846602824107,103.72174835205078,103.72174835205078,52212500
2024-06-24,104.54583623552134,107.25219062967011,104.54583623552134,106.80269622802734,16266700
2024-06-25,106.85887566783474,107.27091813500049,106.25017851713561,107.10235595703125,14188900
2024-06-26,107.12109081191893,107.52376676248858,105.95052201893564,107.13982391357422,15771800
2024-06-27,107.68294847226338,107.68294847226338,106.85887072066792,107.59867095947266,16812700
2024-06-28,108.49767746207695,109.13446715132612,107.39266027027938,107.80470275878906,24565900
2024-07-01,108.35721035005527,109.32175788502754,107.25219313207295,107.65486907958984,11972900
2024-07-02,108.53512682581338,108.57258588002176,106.27826703570103,106.92442321777344,13326700
2024-07-03,107.00871458760442,108.31039366999862,107.00871458760442,107.46758270263672,7732900
2024-07-05,107.32711104461818,107.34583700151093,105.52911911035022,106.16590881347656,12631000
2024-07-08,105.24816070491032,106.3344517673802,104.33979835136513,105.05150604248047,13350500
2024-07-09,104.04950781818474,105.38863865353758,103.59064690308155,103.89031219482422,11727000
2024-07-10,103.87158941082487,104.84550349185469,103.40336189944041,104.80804443359375,10004100
2024-07-11,104.34917252578168,106.11907176157021,103.88094506351838,106.05352020263672,13082700
2024-07-12,106.74650675964696,106.8963429936939,105.47292734858743,106.07225799560547,11684900
2024-07-15,107.00870708606926,108.77861356574759,106.36255801020903,107.88897705078125,13032500
2024-07-16,107.08362567292242,108.95653563535075,106.48429505651212,108.6662368774414,13614100
2024-07-17,109.32174753694709,110.67024493486299,109.14382595692176,110.16455841064453,13602800
2024-07-18,110.45486961825254,112.29968719867219,109.97728268975683,111.25086212158203,13033600
2024-07-19,111.05419948883115,111.32577230710794,108.50704778779838,108.6943359375,16157700
2024-07-22,107.86087477181518,108.57258249038672,107.29900326539925,107.94515228271484,12065900
2024-07-23,107.51439275274979,107.85151711330745,105.97860717446908,106.20336151123047,11251700
2024-07-24,106.54047379204249,107.87960462206416,105.88495820164758,107.7016830444336,14925200
2024-07-25,107.85152046937385,110.5297823368202,107.2802823486859,109.96791076660156,17021700
2024-07-26,109.34984791640233,110.52978322454747,109.068915701329,109.874267578125,11252500
2024-07-29,109.86488822681261,109.9304397838172,108.04816344042273,108.722412109375,8861800
2024-07-30,108.96590736163118,111.06356461870797,108.84417078034116,110.660888671875,12483900
2024-07-31,112.03747216680888,112.14984933538724,111.026099083357,111.05419158935547,15137700
2024-08-01,110.82944816195311,111.89700629366975,108.96590470670525,109.5184097290039,15051500
2024-08-02,108.60068763526019,111.3164085677312,108.08563452675227,109.4528579711914,20403800
2024-08-05,108.19801836606997,108.65687934446163,106.05353542377111,107.47694396972656,18025900
2024-08-06,107.17728927859656,108.28230664363721,106.40939633981142,106.90572357177734,13647800
2024-08-07,108.11372902342585,109.67761433413926,107.93580742823603,108.32911682128906,13660700
2024-08-08,108.70368531764335,110.60468760071579,108.37592753514531,110.39866638183594,13851000
2024-08-09,110.39867256982511,111.72843687311435,109.90235259356815,111.29766845703125,12151900
2024-08-12,111.95319395788218,112.53379146382603,110.52041185954234,111.43814086914062,13228900
2024-08-13,110.76389195057497,110.97927973581834,110.0334582221064,110.3705825805664,11585100
2024-08-14,110.59534152953327,112.28096350104397,110.15520650671742,111.39132690429688,12194500
2024-08-15,111.62731631283768,112.93002574132085,111.5045996572175,112.08043670654297,11579400
2024-08-16,111.38187671070611,111.84443906696772,111.0703640897211,111.55179595947266,10056000
2024-08-19,111.76891542606087,113.75130181815561,111.55179358976426,111.89163208007812,12417500
2024-08-20,112.00491315771374,112.00491315771374,108.09677774981472,108.16285705566406,15632000
2024-08-21,108.56878407437077,109.09741856608326,107.3887912252948,107.47374725341797,11752400
2024-08-22,107.40765979958803,108.56877584398295,107.2755011866786,108.30445861816406,10609500
2024-08-23,108.58765128518996,110.18300378215591,108.58765128518996,109.80540466308594,10381400
2024-08-26,111.16475526882648,112.2786686754368,110.37179642240874,112.15594482421875,13671000
2024-08-27,112.29756019959153,112.72236195258554,110.82493140759733,111.08924865722656,9991600
2024-08-28,110.4473220477395,110.99484041545553,109.74876835223186,109.99420166015625,10742900
2024-08-29,110.63612314593436,112.13707774753534,109.83372947438633,111.5140380859375,10753900
2024-08-30,110.24909143061056,111.41020034714184,109.77709429658215,111.33468627929688,13284700
2024-09-03,109.35229451633391,109.58829308758163,107.65310912461322,109.00302124023438,15725100
2024-09-04,108.833097907531,109.64493353840679,107.59646774515012,107.67198181152344,12620600
2024-09-05,108.62542349084525,108.82366142900489,106.73743489644308,106.83183288574219,17200800
2024-09-06,107.22829642005546,107.78525673639237,105.47247385529361,106.33150482177734,13467700
2024-09-09,106.54863190482318,109.64493184350778,106.35039397971155,108.56877899169922,21645300
2024-09-10,108.65373566518288,108.93693681823737,103.99984377040342,104.61344146728516,20913400
2024-09-11,104.57567425211444,104.73615153443052,101.7342497498113,103.57504272460938,19571900
2024-09-12,103.74495906789109,105.09487099753377,103.61280046236836,105.00047302246094,15919500
2024-09-13,105.22704278411973,106.17103705730341,104.71728501234799,104.92496490478516,10035400
2024-09-16,105.77455817973761,106.75630585804672,105.43471967489809,106.39759063720703,11729000
2024-09-17,106.02942568650951,107.9646166304558,105.84062973192627,107.7852554321289,12202600
2024-09-18,107.71917862977385,109.15404664340414,107.43597748921715,108.16285705566406,12569900
2024-09-19,109.65436130402618,110.99483123652995,108.73868584804285,109.5033187866211,12660600
2024-09-20,108.99357018823397,109.04077277938768,107.85133806293591,108.814208984375,36206200
2024-09-23,108.87085565706464,111.19308058544418,108.67261773414126,110.78716278076172,16066300
2024-09-24,111.24027884296443,111.54236391665887,110.28684983700845,110.4945297241211,11984900
2024-09-25,109.96588774786339,110.49452942328482,107.65310472499752,108.34221649169922,13816000
2024-09-26,104.91551770252124,107.12446793647763,104.91551770252124,106.48255157470703,16887900
2024-09-27,107.38878634812366,109.58828744530904,106.90734727097637,109.33341217041016,15964000
2024-09-30,108.9935745230424,110.8154837016296,108.52157740115041,110.6550064086914,13247600
2024-10-01,109.54109678577407,113.84570838494524,109.43725683911822,113.2132339477539,23235900
2024-10-02,115.10122109860191,115.94137541886066,113.46810785010399,114.71417999267578,17129700
2024-10-03,115.07290446171842,116.27177403140631,114.15722885547962,115.7148208618164,16524300
2024-10-04,116.30009088681749,118.17864466484619,115.57321846969568,117.83880615234375,19752300
2024-10-07,118.23527462077126,119.26422485107972,117.86711745560547,118.34855651855469,15714400
2024-10-08,116.94199339662173,117.07415200223024,114.46873331843047,115.20504760742188,14818500
2024-10-09,114.12890244888325,115.71481302393366,114.03450446746089,115.25225067138672,11144900
2024-10-10,116.26233789809486,116.7720884666911,115.4410602893925,116.24345397949219,10243300
2024-10-11,116.20569468859178,117.08360965904788,116.05465934854703,116.6871337890625,8294800
2024-10-14,116.33784706970961,117.30072521898697,115.75257525554537,117.13080596923828,9808100
2024-10-15,114.05338150019901,115.12009237723751,113.0716266460457,113.60970306396484,15771300
2024-10-16,114.11946602698956,114.63866575315971,113.84570682610935,113.90235137939453,8426800
2024-10-17,113.9967441516089,114.77081912479267,113.00554733865577,113.60970306396484,11204900
2024-10-18,113.69465984556452,113.88345579823489,112.47690650516002,113.28874206542969,12898600
2024-10-21,114.20442412088984,114.67642123178405,113.0149893848472,113.35482788085938,10177800
2024-10-22,113.52474905632721,114.40266398558016,113.2226711883103,113.94010162353516,9201400
2024-10-23,113.25098574770884,113.98730007411177,112.71290933979098,113.5341796875,8320300
2024-10-24,113.27930640705841,113.69466616855769,112.45802884284969,112.89226531982422,9905600
2024-10-25,113.46810952493435,113.68523137816436,112.63739715165977,112.7978744506836,10714600
2024-10-28,110.24908502507142,112.34475333073475,110.23020110762883,112.24091339111328,11844500
2024-10-29,111.93883475379157,112.49578787870867,110.51340148515159,110.71163940429688,14731000
2024-10-30,111.07035381156184,111.64618361020807,109.95644043986073,110.15467834472656,12303700
2024-10-31,110.58892737544967,112.02379546065293,110.14524892742823,110.2396469116211,20512000
2024-11-01,113.21321707652245,113.23209379032649,108.4082831767287,108.51212310791016,20939300
2024-11-04,109.56940179792261,112.05210384448802,109.43724319176955,111.96714782714844,14965400
2024-11-05,112.41082828067086,112.53354493087429,111.4007547997693,112.29754638671875,10436700
2024-11-06,114.36489768822155,115.08233529002183,112.6185098751679,114.22329711914062,20807700
2024-11-07,114.50649925195154,114.6952952109633,112.91114675051665,114.36489868164062,12184400
2024-11-08,114.20443177320239,114.6197843611892,112.95835960503229,114.3271484375,12836000
2024-11-11,114.22330009593264,114.80857910240489,113.34538518727643,113.72298431396484,11969700
2024-11-12,114.34601740405374,114.51593665192844,113.12826399463582,113.60970306396484,11972800
2024-11-13,113.81738070604973,115.21449529465973,112.14651413656954,114.66697692871094,15127900
2024-11-14,115.79005037809654,115.99942953520414,114.52421958420231,114.74311828613281,13041800
2024-11-15,114.59084119084585,115.39030868034939,113.38211315053942,113.55342864990234,19051700
2024-11-18,114.01026535154068,114.80022050871227,113.51535071230454,114.50517272949219,14239700
2024-11-19,113.972206329883,113.972206329883,112.49698906368766,112.90624237060547,11584400
2024-11-20,113.42018653251256,114.6574659727134,112.91575956823054,114.51470184326172,11360900
2024-11-21,115.2380329196694,116.63710829546686,114.46710953755101,116.0470199584961,14675400
2024-11-22,115.9423239554936,117.26525746342568,115.77100845929381,115.91377258300781,13323400
2024-11-25,115.57115075632971,115.99943590015317,113.83896382905982,114.18159484863281,26580300
2024-11-26,113.7628209949854,113.90558512877449,112.1638786713757,112.27809143066406,14827300
2024-11-27,112.39229352250659,113.00142095896551,111.76414151867107,111.98304748535156,11079100
2024-11-29,111.77365492472957,112.78250879796094,111.30729164334709,112.26856231689453,9426500
2024-12-02,112.35422635223,112.49698321594367,111.18356924078267,112.16387176513672,12687300
2024-12-03,112.99191069677899,112.99191069677899,111.60235472917557,111.99256896972656,11756600
2024-12-04,111.83076079377749,111.8783512560761,108.36638716796242,108.76612091064453,19520600
2024-12-05,109.17536684977931,110.04146382858124,108.55672718796144,109.24198913574219,15751200
2024-12-06,109.0135852794165,109.23248399303247,108.02376314226527,108.09038543701172,16171100
2024-12-09,109.10874259023171,109.39427081707052,107.30993364048685,107.45269775390625,17412600
2024-12-10,108.10940443915915,108.38541313072747,106.35818589287211,107.23379516601562,20990900
2024-12-11,106.5961384846926,106.96732088601323,105.74908046513674,106.5199966430664,32392200
2024-12-12,106.20590635945652,106.95779063234714,105.43499025870757,106.42481231689453,14543300
2024-12-13,106.50095712274758,106.50095712274758,104.93056624371387,105.49209594726562,13106100
2024-12-16,104.88297564708968,105.07333023716676,102.94140965729945,103.2364501953125,20256100
2024-12-17,102.06580013362758,102.95092907024753,101.63751498354416,102.79865264892578,17554000
2024-12-18,102.37987758976693,103.57908615010987,101.180669029424,101.28536224365234,17114500
2024-12-19,102.20854752748684,102.4750366671093,100.13372989020347,100.41925811767578,20565600
2024-12-20,100.3621608340923,101.01887148373147,99.78159202293294,100.76190185546875,40141200
2024-12-23,100.22891134035409,101.45667119591222,99.85772897254408,101.17115020751953,12285100
2024-12-24,101.38052476056282,102.0182035210675,100.60008914298254,101.26631927490234,7807000
2024-12-26,101.38052585902916,101.86592096219958,100.82851572935816,101.35197448730469,9652400
2024-12-27,101.17114514334988,102.7795995695863,100.66671095933093,101.34246063232422,11943900
2024-12-30,101.17114249840868,101.41859255056997,100.41925827541601,100.65719604492188,11080800
2024-12-31,101.04742206530058,102.69395481840736,100.67623968222937,102.37987518310547,12387800
2025-01-02,103.05561556857323,103.74087757306332,101.7231624777631,102.13241577148438,12685400
2025-01-03,102.78912837457116,103.25548442385146,102.27518186134407,102.6558837890625,14237900
2025-01-06,103.01753968579938,104.48323728892737,102.33227771433333,102.54166412353516,15623700
2025-01-07,103.6837647158524,104.74972127552691,103.05560551922898,103.5029296875,12625900
2025-01-08,102.13241478030258,102.51311669702298,100.89514262756765,101.770751953125,17858100
2025-01-10,103.45535310727895,104.78780624690043,100.67624133062742,101.39957427978516,19304500
2025-01-13,101.96109788472765,104.34047575504385,101.96109788472765,104.01688385009766,17073400
2025-01-14,103.54101095047129,104.46421074980559,102.62733069602395,104.42613983154297,11191200
2025-01-15,104.74021262152021,106.33915477771055,104.18819523468773,106.12976837158203,14521100
2025-01-16,105.82521142844236,106.3010869977599,105.21609128061873,105.94893646240234,10366600
2025-01-17,105.67292832464283,107.42415420494282,105.4730614558173,106.90068817138672,19298500
2025-01-21,106.64372275002896,106.76744778951304,105.7681061448134,106.09170532226562,20416300
2025-01-22,105.83473068591391,106.18688124447719,104.12158288025017,104.24530792236328,15718000
2025-01-23,104.98766458817968,105.77761976699344,104.32144170320714,104.83538818359375,13726800
2025-01-24,104.92105112376349,105.36837535327376,103.17935193191619,103.41728973388672,14235900
2025-01-27,103.75039595354959,105.12091268586343,103.16030762046445,104.85442352294922,15926700
2025-01-28,105.08284703361059,105.52065168740964,102.58925642845782,102.82719421386719,15862000
2025-01-29,102.51311572478016,103.53148916710997,102.28469748142831,103.42679595947266,12345500
2025-01-30,103.96928374981144,104.54985247725037,103.45533730611382,104.28336334228516,14346300
2025-01-31,105.21608273698844,105.21608273698844,100.98078615720098,101.67556762695312,20376500
2025-02-03,101.49473432879695,102.12289352539506,100.23842319688521,101.92301940917969,14623200
2025-02-04,101.56135761256942,104.95910870237863,101.39004212647464,104.65454864501953,14835700
2025-02-05,104.44517033540548,104.70214721509777,103.83605017349909,104.57841491699219,13364400
2025-02-06,105.42548156007147,105.6919780064993,102.77961427718094,103.1983871459961,13411400
2025-02-07,103.53149148240422,104.43565945392069,103.093686813987,103.63618469238281,10051600
2025-02-10,104.70215677091979,105.67293984840668,104.57842446152155,105.61583709716797,12142200
2025-02-11,106.21543641979285,107.08153352943548,105.4730716179767,106.28205871582031,12713100
2025-02-12,105.67708371729026,105.84993157546117,102.92112268040815,103.08436584472656,18244100
2025-02-13,102.8923266913931,104.10226182519304,102.28735546137533,103.83338165283203,15460000
2025-02-14,104.20788346443844,105.84994194098066,103.80457419795657,103.93901062011719,15733500
2025-02-18,104.31351048263407,106.57973486476887,104.01583088771959,105.76351165771484,20060300
2025-02-19,106.35888075310663,107.67443821510508,105.68669131681608,105.91716003417969,10964700
2025-02-20,106.17642802088709,107.95291558865782,105.58106149129577,107.54960632324219,16325800
2025-02-21,106.89662035876789,107.40555925974188,106.16681744777975,106.29165649414062,14710000
2025-02-24,106.52212356519927,107.41516969475008,105.93636173150273,106.8486099243164,13153500
2025-02-25,106.8774190334039,107.67443283083279,104.56317856435808,105.36980438232422,14497000
2025-02-26,105.37939986433899,105.50423890932623,104.20787627244815,105.11052703857422,10446400
2025-02-27,105.63867302607484,106.8678101035605,104.93767689450902,105.77310943603516,15293200
2025-02-28,105.73470348447374,107.14629318869038,104.99529586501015,106.9062271118164,18821700
2025-03-03,107.26152493502623,107.70325298299214,102.27775794173616,103.47808837890625,18706900
2025-03-04,102.13371065761605,104.63039635094316,101.73040141337358,103.2668228149414,19394900
2025-03-05,101.63436687603159,102.10490164347922,99.55059516728343,101.2502670288086,24822200
2025-03-06,101.24066209657384,103.81417062858223,100.21317962257619,103.34364318847656,17150200
2025-03-07,104.10225668429284,106.01318059737575,103.9966270247834,104.6880111694336,19625000
2025-03-10,104.93768889560016,108.09695954344406,104.74563895261751,107.35755920410156,22749100
2025-03-11,107.47278059988247,107.64562846999114,104.46715592513009,104.82245635986328,19904700
2025-03-12,104.71682456086629,105.75390443410868,104.11185336472012,104.79364013671875,14051500
2025-03-13,104.02543473188445,106.4164908186742,103.35324531739029,104.35192108154297,17767800
2025-03-14,104.6112011527099,107.72245561080894,104.0062299204159,107.45358276367188,15890100
2025-03-17,107.35755263406034,109.95026333683661,107.29033442550644,109.23966979980469,19908800
2025-03-18,109.55655143310771,109.98867476764602,108.09695290782535,109.12443542480469,15998700
2025-03-19,109.66217808070316,111.2178088550842,109.30688498513157,110.82410430908203,17315000
2025-03-20,110.16151225835274,111.84197463980996,109.67177545583954,111.29462432861328,16230800
2025-03-21,110.9105224609375,111.38104989881994,109.80621709239979,110.9105224609375,41102800
2025-03-24,111.08336642399378,112.26449465048535,110.98734146623678,111.19860076904297,14207500
2025-03-25,111.80356825388408,112.96548713109259,111.35224287880415,111.95720672607422,12081800
2025-03-26,113.00390502850578,114.44430150287003,113.00390502850578,113.5704574584961,14110800
2025-03-27,113.40720575956772,114.3386632485144,112.60058731114056,113.20555114746094,12740800
2025-03-28,113.40721878149215,113.75291453515091,112.58139085066682,113.05192565917969,10233400
2025-03-31,113.10953056767993,115.14529348137624,113.10953056767993,114.20423126220703,21652300
2025-04-01,114.48270809212376,114.54032160425595,113.24396629763665,114.30986022949219,12425400
2025-04-02,113.6856941137767,114.11781013433365,112.98470525143007,113.9545669555664,12614600
2025-04-03,109.82542413146359,110.86250394617394,107.77045923712868,107.96250915527344,21204600
2025-04-04,105.50422922345034,106.4260819669705,99.70423263501418,100.19396209716797,30841300
2025-04-07,96.4009324797882,101.59596585878221,94.54762208795243,98.849609375,35068500
2025-04-08,101.26947293791513,101.40390935479742,95.07577108820765,96.76583099365234,27147800
2025-04-09,95.42146298572283,102.34496748154783,94.23073001805048,101.59596252441406,30063300
2025-04-10,99.58900327605843,99.6562214796908,93.91384543728404,95.9592056274414,33999300
2025-04-11,96.3145094764317,99.80026614867558,94.8645083733973,99.04165649414062,22884600
2025-04-14,100.8565481003793,100.91416160818227,98.63834013515182,99.2817153930664,18020000
2025-04-15,99.52178606568698,101.22145788715173,98.90721753313329,99.00324249267578,13164900
2025-04-16,99.81946569269732,101.39429847400628,99.57939963059249,100.04993438720703,13607000
2025-04-17,100.5300701348349,104.23669085343057,100.30920612619451,102.67145538330078,17916500
2025-04-21,101.41351201371533,101.43271407592657,99.98272027633709,101.1638412475586,16926500
2025-04-22,101.92245337934756,104.61119638053368,101.92245337934756,103.99662780761719,13147000
2025-04-23,104.48635995015299,104.95689474920692,102.23934492277724,103.10358428955078,14235700
2025-04-24,103.67974404200054,104.55358079928881,102.70987498779726,104.31351470947266,9849600
2025-04-25,103.84298356897611,104.43835008820508,103.15159208244837,104.25589752197266,11245800
2025-04-28,104.42874907002924,104.90888124966156,103.4012664986655,104.31351470947266,13890900
2025-04-29,103.45887846385925,104.50557040939903,103.24761913579239,104.05424499511719,9483100
2025-04-30,103.15159036269044,103.15159036269044,100.01152929433648,101.4327163696289,20379300
2025-05-01,100.92377172261673,102.67145237344852,100.80854470082147,101.57675170898438,18610300
2025-05-02,103.43967867314106,104.66881588936896,100.39564239135231,101.98967742919922,16581900
2025-05-05,100.49165030696706,100.50125500034248,98.97443110796445,99.1664810180664,19624000
2025-05-06,99.76185422311934,101.76881035301628,99.36814968285509,100.54927062988281,16303400
2025-05-07,100.81814485982517,101.10622707475915,99.93470347917237,100.4532470703125,12332200
2025-05-08,101.15423608840204,103.12278079970336,101.15423608840204,101.85523223876953,19196500
2025-05-09,102.88271630029479,103.46847810816605,102.15291338247835,103.04595947265625,10992100
2025-05-12,105.8883430115922,106.05159351342036,104.01583052394437,104.82245635986328,14244600
2025-05-13,104.97609062569182,106.11880746142715,104.68800841166669,105.11052703857422,13350800
2025-05-14,104.5343771837758,104.5343771837758,103.64133104986804,104.16947937011719,15494900
2025-05-15,103.20036649387336,105.29364449208465,102.69643330562512,105.2258071899414,15004300
2025-05-16,105.2936436524603,105.52622763028089,104.13070897593472,104.84785461425781,14042500
2025-05-19,104.24700238195618,104.24700238195618,102.45415311277843,103.18098449707031,16802700
2025-05-20,103.10345782295856,103.42326541826678,101.54319246929157,101.70793914794922,12429300
2025-05-21,101.30090618868215,101.72731627727113,100.43840025037139,100.4577865600586,16716100
2025-05-22,99.87632449662337,100.27366254990984,98.74246927102432,99.78910827636719,13417400
2025-05-23,99.43052732575842,100.27365435455003,98.9169010207757,99.84724426269531,12061600
2025-05-27,100.29302570946942,100.65159847728776,99.72125530550777,100.32209777832031,13043600
2025-05-28,101.06832233005039,101.2039969231541,98.64555117646891,98.9556655883789,14292400
2025-05-29,99.12041556960791,99.67280711536301,98.60678925085277,99.51775360107422,13825300
2025-05-30,99.00413404786934,99.22702487621179,98.06409756158732,99.13980865478516,28645800
2025-06-02,100.54501120532584,100.64192058075736,99.0622763194604,99.86663818359375,17290500
2025-06-03,99.72126856237468,101.42690163423865,99.05258131506825,100.59346771240234,19194300
2025-06-04,100.70975979015704,101.67886835024795,99.13980865478516,99.13980865478516,15648500
2025-06-05,99.7988024915973,99.86663979486501,98.58741679487991,98.684326171875,13924800
2025-06-06,99.58559401783626,101.27184077971873,99.50806356140893,101.04894256591797,15487800
2025-06-09,101.10708897751697,102.5801306063756,100.62253473998689,101.7273178100586,17087300
2025-06-10,102.80303093298025,104.32453097451338,102.65766317997547,103.9078140258789,17634800
2025-06-11,104.43114417199062,106.01078851866059,103.17130004215738,105.93325805664062,22648200
2025-06-12,105.55529571522099,106.78606764684805,104.87692272482809,106.34027862548828,17469400
2025-06-13,108.87934682522467,109.05378666431727,107.2609372809115,108.65645599365234,28540200
2025-06-16,108.36571775485719,109.6643270564626,107.69703048943366,109.00533294677734,22986100
2025-06-17,110.4299122832885,111.37964188084752,109.61586467999037,110.4783706665039,19451700
2025-06-18,111.0695298681772,111.68006558393269,109.45112038804743,109.69339752197266,17968900
2025-06-20,109.94535269669535,111.4862390049785,109.68369666366432,111.15673828125,36273300
2025-06-23,113.09495457524564,113.33723169078277,107.72610020140846,108.28817749023438,26631100
2025-06-24,105.87510211023117,107.51289781778655,104.57650028779175,104.99320983886719,24828300
2025-06-25,104.77031519401119,105.8654050815385,104.37297718025314,105.02228546142578,17483200
2025-06-26,105.57467991463989,107.02834263102486,105.19672819987667,106.59223937988281,18304800
2025-06-27,106.5437968215284,106.6988503454803,105.02229668708586,106.00109100341797,22002100
2025-06-30,105.28394196241953,105.47776069594023,104.3923639582871,104.46989440917969,19199000
2025-07-01,104.78969127899254,106.2530470702201,103.83996916346457,105.86540222167969,15536900
2025-07-02,106.60193234936017,107.9199204680855,105.46807720704395,107.61949920654297,11892200
2025-07-03,107.43536880227055,108.99563407732639,107.20278483272446,108.73397064208984,11223600
2025-07-07,108.09435976061357,108.58860715114504,106.81513687442865,107.67764282226562,15415900
2025-07-08,107.4644375679824,110.9241545075964,107.42567234196552,110.6624984741211,17913400
2025-07-09,110.40084181930531,110.74002832562124,109.77091979688356,110.28455352783203,10652100
2025-07-10,110.1973326835177,111.70913966033532,109.57710380104322,111.37964630126953,14901700
2025-07-11,111.30211206116263,112.1840043634859,110.97261871329103,111.86419677734375,11683900
2025-07-14,111.67037794745777,111.67037794745777,109.72246775315898,110.40084075927734,13220300
2025-07-15,110.14887421213247,110.53651169207183,109.1216141879024,109.42204284667969,10959300
2025-07-16,109.39296085183982,109.99381076178989,108.6370574322415,108.76304626464844,11158900
2025-07-17,108.04590877120798,108.76305441240078,107.65826387748159,108.21066284179688,13151400
2025-07-18,107.67765285604386,108.27850282588928,104.02410943883655,104.44082641601562,32366600
2025-07-21,104.27607021285094,105.40992535173547,104.12101670190538,104.71217346191406,17010400
2025-07-22,104.64433622773014,106.0592337118755,104.28576343077877,105.1870346069336,13970900
2025-07-23,105.56498728177672,106.60193306217856,105.48745682869541,106.53409576416016,12002700
2025-07-24,106.2724333358614,107.52257669648601,105.75879966037121,107.36752319335938,15647200
2025-07-25,107.30939347388357,107.55167061246537,106.3112054522089,106.98958587646484,10548900
2025-07-28,107.57104168343983,108.64675269177111,107.41598077707704,107.99745178222656,12353000
2025-07-29,108.44323745055422,109.50925527090942,107.96837637846804,109.39295959472656,15928000
2025-07-30,108.93749234982809,109.13131109646395,107.82301607239378,108.44324493408203,12996900
2025-07-31,106.95081126319111,109.02470279599133,106.95081126319111,108.19126892089844,17233700
2025-08-01,108.54015612563701,109.06347562277384,105.49715591146874,106.25305938720703,19652000
2025-08-04,105.84603379348519,106.52440680036018,103.7818279128161,104.05318450927734,19129500
2025-08-05,103.90781377136695,104.48927738825077,102.79333752600816,103.92719268798828,21314300
2025-08-06,104.96414809045433,105.68129376419698,103.08408247017259,103.21975708007812,15321800
2025-08-07,103.8302892678961,104.7218673577944,102.61890358258492,102.67704772949219,13468300
2025-08-08,103.21005794196374,104.18885962273232,102.67704529557706,103.50079345703125,14417700
2025-08-11,103.80121054798994,104.20823433770178,102.27001736530904,102.56075286865234,13570700
2025-08-12,103.05499046676398,103.9659547885047,102.51229209315377,102.85147857666016,14109400
2025-08-13,102.7255050875512,104.27607727050781,102.47353479728595,104.27607727050781,17958700
2025-08-14,104.22762027221738,104.26637810505987,103.15190926491991,104.0628662109375,13683500
2025-08-15,103.86724922324527,105.20727767225166,103.63249350424832,104.16068267822266,19271900
2025-08-18,103.77920958007088,104.88449718842561,103.35861492943839,104.38565063476562,13040000
2025-08-19,103.87702753697705,105.10946897165667,103.8281256912634,105.07034301757812,16113600
2025-08-20,105.52027559905606,106.93856338685328,105.32465329988311,106.15605926513672,18959700
2025-08-21,106.04846417689045,107.17331104721137,105.59852692126454,106.84075164794922,12194900
2025-08-22,107.20265639990329,108.9730703319415,107.20265639990329,108.84590911865234,13586700
2025-08-25,108.47422241379935,109.47190808736983,108.12209630253625,109.29584503173828,9744900
2025-08-26,108.93393728899466,109.36430782035067,107.94602755875756,109.05130767822266,18143900
2025-08-27,108.98284252847807,110.50872479862804,108.98284252847807,110.28375244140625,15262600
2025-08-28,110.40113185373734,111.16406926831552,109.61862773172712,110.8706283569336,14189800
2025-08-29,111.23253781846655,112.27913279070275,111.09560071649264,111.79006958007812,14597900
2025-09-02,111.68247363253984,112.71928523765276,110.8510676777316,112.18132019042969,15206700
2025-09-03,111.47707342707002,111.92701070150105,109.02197393206504,109.4621353149414,14920100
2025-09-04,109.65776392463337,110.65544968398005,108.94372828692933,109.94142150878906,12864400
2025-09-05,109.15890647666285,109.33496952995232,106.63533853368457,106.84075164794922,16826700
2025-09-08,107.32981893274481,107.64281909909218,105.97999965208031,107.44718933105469,15440500
2025-09-09,108.1123126941091,110.04900630149459,108.1123126941091,108.22969055175781,14899500
2025-09-10,108.72853689092521,110.09790791473041,108.41552927118416,110.03922271728516,15837600
2025-09-11,108.96328418409082,110.30331259737805,108.44487837785454,109.68709564208984,11534500
2025-09-12,110.39135056172458,110.74347667695436,109.43278336748516,109.7066650390625,11105700
2025-09-15,109.72622213060235,110.00009633429147,108.88503281212152,109.89250183105469,12880500
2025-09-16,110.48916065280257,112.79753962492748,110.31309759687737,112.17153930664062,17208000
2025-09-17,112.02481793561441,112.96381840538344,111.55532143198607,112.76819610595703,13302000
2025-09-18,112.65082487964047,112.8268879444926,110.91954429402186,111.43795013427734,14628700
2025-09-19,111.40860461879606,111.48685652613011,110.17616319707892,110.35222625732422,38746500
2025-09-22,109.99031206295804,110.33266227722565,109.1197801531321,109.56971740722656,15611500
2025-09-23,110.25440538949279,112.24000072243238,110.01965715068778,111.4574966430664,25369100
2025-09-24,112.0639444255493,113.22791726150317,111.96613327536691,112.05416107177734,14756100
2025-09-25,112.13240556058528,113.36484686640543,111.90744067629603,113.0616226196289,15012600
2025-09-26,113.42354910951006,115.771054224055,113.38442315364114,114.65599060058594,18568900
2025-09-29,113.52135246473706,113.95173048719916,111.18363086547707,111.72160339355469,19189300
2025-09-30,110.87062679338135,111.00756389342513,109.49147243936548,110.28375244140625,18076200
2025-10-01,110.09789884379705,110.54783606633605,108.85568167097328,109.54036712646484,16614000
2025-10-02,109.52081626547348,110.61631307810582,108.60137504414647,108.8556900024414,13062600
2025-10-03,109.45234787482161,111.26188025905991,109.45234787482161,110.78260040283203,12950100
2025-10-06,110.811942836342,112.25956575657106,110.70434833331672,111.70203399658203,12036800
2025-10-07,111.57488052075732,112.00525853390788,109.29584416931891,111.76072692871094,11945000
2025-10-08,111.87810421856602,112.4943286776499,110.9293278004365,111.5259780883789,12301000
2025-10-09,111.92701077194054,112.98338913649347,110.2739746716223,110.44026184082031,10976200
2025-10-10,109.80446979335335,110.15659588806842,108.28837091541277,108.30793762207031,13811600
2025-10-13,109.10021898851849,109.8435971381859,108.88502998762696,109.78490447998047,10296500
2025-10-14,108.33728430066219,110.48915943830576,108.28837499468796,109.83381652832031,11167200
2025-10-15,110.33265869376197,111.08581272316219,108.54268562663296,109.16868591308594,12182900
2025-10-16,109.43277665973709,109.73600091191184,107.97537044368183,108.21990203857422,11782200
2025-10-17,109.18824678205839,110.44025483610798,108.74809288933457,109.78490447998047,13460100
2025-10-20,109.55015490988445,110.67500174297943,109.53059566572729,110.2348403930664,9523600
2025-10-21,110.42069196195318,110.88041257753997,109.54037668343724,110.24462890625,9202300
2025-10-22,110.9684405659551,112.66060257438927,110.60653856264305,112.20088195800781,12938800
2025-10-23,114.07888381990718,114.2940728303493,112.8366665266902,113.44310760498047,15001100
2025-10-24,113.80501308725131,113.92239094994473,112.66060691041326,112.86601257324219,9919400
2025-10-27,113.16922073300157,113.4528782825931,112.58234638945557,113.40397644042969,10975400
2025-10-28,112.96381511423425,113.63872471386321,112.4747519174045,112.51387786865234,9535200
2025-10-29,112.40628456818962,114.48969858493084,112.29869006673762,113.90281677246094,12570600
2025-10-30,113.88325805189164,113.97128584665982,112.02481638304766,112.18132019042969,16172900
2025-10-31,111.48685802493144,112.70951610904078,110.15660543241947,111.8585433959961,20213400
2025-11-03,111.99547896682066,112.47475883970789,111.15428961950117,111.27166748046875,12290300
2025-11-04,110.89997052706153,111.84875434601639,110.04900531986425,111.64334869384766,16860700
2025-11-05,111.59444073626622,112.6606024247043,111.18362942696528,111.19341278076172,12400900
2025-11-06,111.15428644574173,112.42585378445636,111.15428644574173,111.99547576904297,14219700
2025-11-07,112.68995422762184,114.93964818375095,112.38673739777889,114.65599060058594,17181100
2025-11-10,114.87117206413615,115.85907440036497,112.93447841994653,115.63410949707031,13048000
2025-11-11,116.23076366484545,118.1674497871952,116.23076366484545,117.15998077392578,16077100
2025-11-12,116.49485272257324,116.67091577303606,115.2135095268513,115.53629302978516,13790900
2025-11-13,116.03513132693413,117.14041892714476,115.6927885818516,116.19163513183594,17291900
2025-11-14,116.87244686746136,117.8887353636572,115.1062932109266,117.70126342773438,17064300
2025-11-17,117.38552169764868,117.90846178816332,115.55029315462276,116.11270141601562,16034900
2025-11-18,115.69830168794815,117.888736331486,114.92869114352331,117.4447250366211,15808500
2025-11-19,115.29375327419233,116.60604172062995,114.3860079315462,115.78709411621094,15919200
2025-11-20,116.408707853123,117.42498877850575,115.1852171506071,115.46148681640625,14401000
2025-11-21,115.43188565384565,115.81669090021714,114.10973583867872,115.52069091796875,15667600
2025-11-24,115.63909032972836,115.63909032972836,113.21185429092529,114.42547607421875,18034900
2025-11-25,113.64599157904323,114.35640356418065,112.66917886337103,112.98491668701172,14434600
2025-11-26,112.88625659268574,114.1985375288773,112.78758240073623,113.241455078125,11650600
2025-11-28,113.41906192601292,117.15858658847456,113.29079601103197,114.37614440917969,7240800
2025-12-01,114.55374295204415,115.84630108764226,114.55374295204415,115.0766830444336,12658100
2025-12-02,114.88921809084783,115.04708324638574,113.16252513788129,113.84333038330078,14607700
2025-12-03,114.40573490546087,116.40870498878743,114.33666749071055,116.2311019897461,16819100
2025-12-04,115.93510103769927,116.76391006156861,115.10629201382993,115.57989501953125,13686900
2025-12-05,115.19508677208725,117.1980493890323,114.85961861238273,114.98788452148438,12516900
2025-12-08,114.28734474807399,115.44176054687456,113.50786529061997,114.43534851074219,14904200
2025-12-09,115.34309108710077,118.86554441991682,115.33322216241953,116.67510986328125,23790800
2025-12-10,117.14871962735373,118.27353614463954,116.79351361897044,117.94792938232422,19845200
2025-12-11,117.52365595718771,118.75700806191198,117.48418778650247,117.94792938232422,14781800
2025-12-12,117.84926366942325,118.32286666589587,116.7343085399838,117.23751831054688,14459500
2025-12-15,117.42499492509607,117.44472524749287,115.29375877259989,116.19164276123047,16358700
2025-12-16,115.21481767475714,115.28388509197318,113.08358913795975,113.15265655517578,17638700
2025-12-17,113.67560151860383,116.05350810769643,113.63613334596256,115.84630584716797,18502200
2025-12-18,115.43188826880714,115.43188826880714,114.09000057442135,114.98788452148438,13705600
2025-12-19,115.19508563764711,116.00416431060746,114.41560621051228,115.1358871459961,45412800
2025-12-22,115.77722164532553,116.88230780760051,115.77722164532553,116.5764389038086,11768600
2025-12-23,116.89217662008511,118.43139758967328,116.74417286659772,117.82952117919922,12567600
2025-12-24,117.74073010922581,118.45114214395569,117.53352785372694,117.63219451904297,6137400
2025-12-26,117.30658757240157,117.95780111252107,116.95138155556984,117.5236587524414,8066100
2025-12-29,118.54980731774646,119.68449277406494,117.80979604551057,118.92474365234375,14782500
2025-12-30,119.48715192182848,120.17783362594038,119.02341032010088,119.37861633300781,11150500
2025-12-31,119.56609072636675,119.645027070368,118.27354008642878,118.73727416992188,10559900
2026-01-02,118.49059978063393,121.04610925583081,118.01699678802312,121.01651000976562,14175100
2026-01-05,123.54241067304274,124.25282267802316,120.75996867205853,123.69041442871094,30112200
2026-01-06,123.68055504442157,124.12456634567523,119.38849096567523,119.43782806396484,23328600
2026-01-07,118.20446913989147,118.52020697869004,116.6948398351087,116.91191101074219,20353000
2026-01-08,117.39538911339507,121.9834528842042,117.07965127821146,121.2730484008789,20232700
2026-01-09,121.58879088076311,123.19707936395015,121.46051744021162,122.95040893554688,16137700
2026-01-12,122.80240147695339,122.84186964764413,120.92770477195467,122.37812805175781,15314900
2026-01-13,123.33520752115764,125.44670567169717,123.14773559683472,124.85469818115234,21619700
2026-01-14,125.65390130486156,129.96570264290852,125.43683014660162,128.4659423828125,27593900
2026-01-15,127.41021728515625,128.4659589129329,126.59126963826562,127.41021728515625,17400000
2026-01-16,127.19313614676857,128.4264882192749,127.15366044933069,128.1600799560547,16592400
2026-01-20,129.75850742241903,130.18278839040843,128.3376983939911,128.72250366210938,16477300
2026-01-21,130.15319515904696,131.94894814141026,130.15319515904696,131.83055114746094,18879900
2026-01-22,131.2780145581945,132.39295473790614,130.09399942683189,131.8601531982422,16600100
2026-01-23,133.29083656970107,134.16898274194648,132.68896008834847,133.1724395751953,17758200
2026-01-26,135.10632010808388,135.1161965608048,132.3830839926767,133.04415893554688,16056100
2026-01-27,133.44868592421057,135.10630377962872,132.91588448655938,135.0076446533203,14517000
2026-01-28,135.8562009907484,136.17193129495084,134.84978147594126,135.74766540527344,15637300
2026-01-29,138.4511844795975,140.4442706895522,137.25729298858514,138.63864135742188,35760600
2026-01-30,136.89222281998863,140.31600948196575,135.99433887052737,139.51678466796875,29657700
2026-02-02,137.96769474381085,138.45117416466744,136.2212640353769,136.55673217773438,27735600
2026-02-03,136.793544109173,143.07870143659915,136.4679373562069,141.8157501220703,37577800
2026-02-04,142.20055727718952,145.87101428924865,142.20055727718952,145.6243438720703,29426200
2026-02-05,144.62781659622433,144.77581284046167,141.884842462186,144.1344757080078,18431700
2026-02-06,144.6672665207462,147.57798958994934,144.1443264224402,147.06491088867188,17216000
2026-02-09,147.27209524420377,149.53160461677265,146.6504960526817,149.19613647460938,21297300
2026-02-10,149.33428146677946,149.75854737153173,147.82465966871308,149.57107543945312,15800300
2026-02-11,151.91938464479432,154.83995408588135,151.52471798158845,153.4882049560547,23091500
2026-02-12,152.8525141182461,154.20334596774293,148.86955392329364,148.91920471191406,30652500
2026-02-13,149.53503667709694,150.63755397112487,146.9823556296224,147.44918823242188,20166000
2026-02-17,147.20088103709168,148.12461916232286,144.1714401084163,145.20443725585938,19766600
2026-02-18,147.1512117547303,149.96213457527915,146.61485893888485,149.66415405273438,19849700
2026-02-19,151.17391296007145,152.34596565632472,149.82308104142925,149.95220947265625,20305000
2026-02-20,149.47544461771784,149.79327938752533,145.47261494560635,146.28707885742188,25908600
2026-02-23,147.15121695350626,150.2501932791706,147.13136269897575,149.74362182617188,16073100
2026-02-24,149.40590636909334,149.7038868797102,147.0320197225123,148.25372314453125,14185500
2026-02-25,148.89935987129022,149.16752870809867,146.33675156146265,148.05508422851562,15225700
2026-02-26,146.8134999377823,149.94227252800187,145.78051802335915,147.53857421875,15632100
2026-02-27,149.98200583536115,152.61413431248826,148.24380378097783,151.47189331054688,30275100
2026-03-02,158.27571783411466,158.53395953870333,151.99831803716847,153.1802978515625,31493100
2026-03-03,154.38213258261683,154.99796304377034,149.2867277341108,150.80641174316406,25198900
2026-03-04,149.70389345621814,150.14092953686614,146.8631740879252,148.80996704101562,16764800
2026-03-05,149.9820092838136,151.30304469422904,148.46232523665645,149.74362182617188,22969300
2026-03-06,152.11750594783567,152.7631329506698,148.94902463171314,150.1905975341797,21136400
2026-03-09,150.99513118452776,152.8525193577848,148.4623194854107,149.42578125,25532700
2026-03-10,148.2438074071617,149.3860484370434,146.70425394729372,147.13136291503906,19617600
2026-03-11,146.9922966622343,150.78653536813772,146.66451961480584,150.55809020996094,15297400
2026-03-12,151.24344930814027,153.95504029024,150.607764586727,152.4949493408203,26054000
2026-03-13,153.25975221702967,155.83228746743393,151.94864404183042,155.06747436523438,22414100
2026-03-16,154.94829470435673,156.7162932647919,153.71664895698615,156.1699981689453,22835600
2026-03-17,157.1831271380657,159.36829238305089,155.74290562359263,157.73934936523438,21592200
2026-03-18,158.5836245978209,159.10010800410745,156.46797955848893,156.52757263183594,18947100
2026-03-19,157.19305147663275,158.48429028446628,153.79610994446438,157.09373474121094,27082700
2026-03-20,158.27571685943028,161.3448813824297,158.02740228334451,158.5935516357422,53942100
2026-03-23,155.0674825949629,160.3317546721225,153.9749075468967,160.04371643066406,25021300
2026-03-24,160.61980432865266,166.35089373485314,160.16289884783137,164.2650604248047,26131800
2026-03-25,162.76523571437266,163.8876224635627,161.83157047054226,162.1593475341797,17192300
2026-03-26,162.9837500460696,164.5630270982508,160.96743691898868,164.31471252441406,18625200
2026-03-27,164.46370369951495,170.07560677850861,163.68896347300407,169.8372344970703,30338300
2026-03-30,171.34697728498398,175.22069359950967,169.8968287100872,170.31399536132812,29813500
2026-03-31,171.50590682570027,173.20438516733364,164.8510793251324,168.51620483398438,32006700
2026-04-01,164.65244003535972,166.86740190025927,158.4545025086476,159.69607543945312,37927600
2026-04-02,163.38105866010596,165.77479957775347,158.51408403248303,159.60667419433594,25377700
2026-04-06,159.487489402714,162.64604346041736,158.4544923034983,162.2686004638672,16344300
2026-04-07,163.11288507606477,165.11927115752792,160.67940518515758,162.8049774169922,25227500
2026-04-08,152.48501476813874,155.2959375077992,149.96213025990082,155.16680908203125,31311200
2026-04-09,155.80250368747105,158.15652110139501,153.26969189141946,153.99476623535156,25868400
2026-04-10,153.0014954462256,154.07421618394392,150.89579278843675,151.4818115234375,21065000
2026-04-13,153.2299625378998,153.5775938501499,150.2601147579226,151.61094665527344,18685600
2026-04-14,149.05827765272088,149.0980013153962,145.73085634569497,148.23387145996094,18528200
2026-04-15,147.5981924772423,149.21719323350692,145.90964120778764,148.0054168701172,15626500
2026-04-16,148.5219186530788,151.7500082642809,148.3431394263767,150.9553985595703,15191000
2026-04-17,143.88339364446122,145.81031711382454,141.01287784947976,145.45274353027344,28947400
2026-04-20,146.38640659622348,148.36298082556593,145.36335180517733,146.6843719482422,16354400
2026-04-21,146.3764710712823,147.80676545067388,145.25409949638887,147.35980224609375,17515900
2026-04-22,148.362982781199,149.6641486885593,147.18100301621726,148.4921112060547,13738700
2026-04-23,148.83975888275486,150.2104449991002,147.4988541463299,149.51516723632812,12970400
2026-04-24,148.6311717290291,149.28672584587542,145.95930447127088,147.90609741210938,13735900
2026-04-27,148.15441024053547,150.16078107497748,146.97243044995622,147.19094848632812,13940800
2026-04-28,150.50842941760018,151.2831696813456,148.8198933339478,149.5449676513672,15173600
2026-04-29,150.99512988770653,153.90536941024126,149.99192931237258,153.62725830078125,14669100
2026-04-30,151.4023509728099,154.6403826360389,150.3197030948466,153.28955078125,22885900
2026-05-01,151.5811440344586,153.96495780190406,150.11112604973115,151.72019958496094,15458200
2026-05-04,151.64074192537495,153.42860988574816,148.51198436166095,152.65386962890625,14238500
2026-05-05,152.06784743638346,154.24307032010233,151.3824968040683,153.83584594726562,12494600
2026-05-06,148.0650192907908,149.31651926928876,146.09835698125573,147.6875762939453,20527000
2026-05-07,145.81031490363108,146.08842600263094,143.2179102511608,145.591796875,22509400
2026-05-08,144.8667215176822,145.51233331644596,142.9497252181697,143.59535217285156,19550100
2026-05-11,145.0355844956354,148.71063725771492,145.01571508552792,148.6708984375,14849500
2026-05-12,150.2303172466553,150.78653946738183,148.76029921246098,149.614501953125,16443100
2026-05-13,149.04834222252728,150.76667488570803,148.67089920812532,150.5481719970703,15772800
2026-05-14,150.87592785682824,152.08770418043682,150.240243158863,151.75,11331500
2026-05-15,153.75,158.0,153.0,157.9199981689453,27882400
2026-05-18,157.32000732421875,161.72999572753906,155.22999572753906,160.49000549316406,20065200
2026-05-19,161.5,163.32000732421875,159.63999938964844,162.5500030517578,20715600
2026-05-20,161.61000061035156,163.67999267578125,156.27000427246094,156.27999877929688,18509700
2026-05-21,158.4199981689453,159.38999938964844,153.4600067138672,155.2899932861328,17061700
2026-05-22,154.02999877929688,155.5500030517578,153.1699981689453,154.9199981689453,12948500
2026-05-26,153.5,154.5500030517578,149.47000122070312,149.80999755859375,13057800
2026-05-27,147.22999572753906,148.69000244140625,145.75,147.89999389648438,16241100
2026-05-28,149.33999633789062,150.2100067138672,146.8699951171875,146.9600067138672,14012500
2026-05-29,146.19000244140625,146.92999267578125,144.7100067138672,145.25999450683594,27959900
2026-06-01,147.02000427246094,149.64999389648438,147.0,149.3800048828125,16732100
2026-06-02,149.02999877929688,150.8300018310547,148.5,149.55999755859375,10462400
2026-06-03,150.61000061035156,154.91000366210938,150.02000427246094,152.52999877929688,14373000
2026-06-04,152.0500030517578,153.42999267578125,150.94000244140625,152.0399932861328,11799400
2026-06-05,152.00999450683594,152.1300048828125,149.3000030517578,149.9199981689453,16584000
2026-06-08,151.16000366210938,153.80999755859375,150.89999389648438,151.75,13870900
2026-06-09,150.91000366210938,151.1300048828125,147.77999877929688,148.91000366210938,18163500
2026-06-10,151.22999572753906,152.49000549316406,149.55999755859375,150.6199951171875,14596500
2026-06-11,152.3000030517578,152.49000549316406,146.4199981689453,146.60000610351562,17285800
2026-06-12,145.6300048828125,148.91000366210938,145.14999389648438,147.00999450683594,17713100
2026-06-15,139.74000549316406,141.97999572753906,137.72000122070312,140.9199981689453,23631400
2026-06-16,140.19000244140625,142.14999389648438,139.97999572753906,141.86000061035156,18925400
2026-06-17,141.22000122070312,142.33999633789062,140.32000732421875,140.74000549316406,16663200
2026-06-18,138.32000732421875,138.4600067138672,135.85000610351562,137.80999755859375,48063400
2026-06-22,138.5399932861328,139.0,137.02000427246094,138.47000122070312,15783300
2026-06-23,139.4600067138672,140.38999938964844,138.5,139.72999572753906,13699400
2026-06-24,137.1199951171875,137.63999938964844,135.58999633789062,136.89999389648438,16212900
2026-06-25,135.63999938964844,138.07000732421875,134.9499969482422,137.5500030517578,13288800
2026-06-26,136.97000122070312,137.5800018310547,135.9199981689453,136.5399932861328,22684200
2026-06-29,136.5800018310547,137.38999938964844,135.38999938964844,136.05999755859375,11972700
2026-06-30,136.47999572753906,137.3000030517578,135.3300018310547,136.72000122070312,28784000
2026-07-01,136.52999877929688,137.49000549316406,135.6300048828125,136.27999877929688,12433400
2026-07-02,137.14999389648438,139.13999938964844,136.3300018310547,137.08999633789062,13703300
2026-07-06,136.5500030517578,137.3699951171875,136.00999450683594,136.44000244140625,13915100
2026-07-07,138.55999755859375,141.74000549316406,138.1300048828125,141.69000244140625,14667800
2026-07-08,143.44000244140625,143.99000549316406,139.80999755859375,141.1300048828125,18291400
2026-07-09,139.66000366210938,140.0500030517578,137.1199951171875,137.4600067138672,14110200
2026-07-10,137.89999389648438,138.97000122070312,137.13999938964844,138.8800048828125,9753500
2026-07-13,140.9199981689453,145.22999572753906,140.49000549316406,144.50999450683594,18724300
2026-07-14,145.50999450683594,146.0,143.88999938964844,145.08999633789062,16096400
2026-07-15,145.08999633789062,145.08999633789062,142.02999877929688,144.50999450683594,13444500
2026-07-16,145.27999877929688,146.8699951171875,144.5500030517578,145.9499969482422,13518000
2026-07-17,149.02999877929688,150.0,147.1699981689453,147.36000061035156,19031400
2026-07-20,146.5,149.08999633789062,146.22999572753906,148.36000061035156,12149200
2026-07-21,149.00999450683594,151.75999450683594,148.47999572753906,151.7100067138672,13145300
2026-07-22,153.86000061035156,154.8000030517578,152.9499969482422,154.4499969482422,13788700
